Lead_ID,College_Tier,Department,CGPA,Family_Income,Stage_Dropped,Time_to_First_Call,Followups,Call_Duration,Understands_Stipend,Understands_Experience,Primary_Concern,Trust_Score
L0,2,Mechanical,7.34,3-6L,After Understanding,18,0,20,No,No,Time,1
L1,4,IT,8.41,<3L,After Counselling,16,3,8,No,No,Fee,8
L2,3,Civil,9.56,3-6L,After Application,32,3,23,No,No,Difficulty,8
L3,3,ECE,9.13,<3L,After Counselling,28,4,3,No,No,Trust,4
L4,1,ECE,7.25,6-10L,After Understanding,32,1,23,No,No,Difficulty,7
L5,1,ECE,6.94,<3L,After Understanding,18,4,4,No,No,Trust,3
L6,1,CSE,6.2,6-10L,After Understanding,44,4,3,Yes,No,Job,9
L7,4,CSE,6.86,6-10L,After Application,34,1,22,Yes,No,Job,1
L8,3,ECE,5.56,3-6L,After Understanding,29,0,6,No,Yes,Fee,8
L9,3,Mechanical,9.86,<3L,After Application,21,3,19,Yes,No,Difficulty,7
L10,1,Mechanical,7.87,<3L,After Understanding,1,2,17,Yes,No,Time,8
L11,4,CSE,5.64,6-10L,Before Counselling,16,1,4,Yes,No,Job,5
L12,4,ECE,6.76,<3L,After Understanding,33,4,16,No,No,Job,8
L13,2,Mechanical,7.74,<3L,After Counselling,21,2,22,No,Yes,Trust,7
L14,1,CSE,7.66,3-6L,After Counselling,35,1,21,No,No,Fee,7
L15,1,ECE,5.18,<3L,Before Counselling,27,1,21,No,No,Fee,5
L16,2,IT,9.75,<3L,After Understanding,20,0,14,No,No,Trust,7
L17,3,ECE,6.38,3-6L,After Counselling,31,0,7,Yes,No,Time,1
L18,2,ECE,5.08,<3L,After Counselling,16,3,17,No,Yes,Job,8
L19,2,Civil,5.38,<3L,After Application,14,3,12,No,Yes,Fee,9
L20,3,Civil,7.9,3-6L,After Application,32,2,15,No,Yes,Trust,4
L21,1,IT,5.69,<3L,After Understanding,41,3,16,No,No,Difficulty,5
L22,2,IT,5.21,6-10L,Before Counselling,32,1,22,No,No,Fee,7
L23,2,ECE,6.9,<3L,After Understanding,2,1,6,No,No,Job,6
L24,2,Mechanical,8.11,3-6L,After Application,45,1,7,No,No,Job,6
L25,3,IT,5.56,3-6L,After Application,22,1,16,Yes,Yes,Job,7
L26,1,ECE,6.57,3-6L,After Understanding,37,0,20,No,No,Difficulty,9
L27,3,CSE,7.09,<3L,After Understanding,17,1,12,No,No,Difficulty,2
L28,3,Civil,5.8,<3L,After Understanding,32,1,21,Yes,Yes,Job,5
L29,1,Mechanical,7.53,6-10L,After Understanding,38,1,7,No,No,Trust,7
L30,3,ECE,5.43,<3L,Before Counselling,17,4,12,No,Yes,Trust,1
L31,1,CSE,5.23,3-6L,After Counselling,34,2,9,Yes,No,Job,7
L32,1,Civil,7.6,10L+,After Understanding,7,2,24,No,No,Trust,9
L33,4,CSE,6.24,3-6L,After Counselling,29,1,13,No,Yes,Time,9
L34,4,ECE,5.48,<3L,After Application,17,1,18,No,No,Job,7
L35,4,IT,7.12,<3L,After Counselling,24,2,2,No,No,Fee,6
L36,2,Civil,9.58,10L+,After Understanding,8,3,11,No,No,Time,1
L37,1,CSE,8.62,3-6L,After Counselling,23,4,15,Yes,Yes,Time,6
L38,3,IT,9.08,3-6L,After Understanding,33,4,8,No,Yes,Trust,4
L39,2,Mechanical,9.36,3-6L,After Understanding,29,3,19,No,No,Time,4
L40,1,ECE,9.86,6-10L,After Application,19,1,10,Yes,No,Difficulty,2
L41,2,ECE,8.82,6-10L,After Understanding,5,2,17,Yes,No,Trust,8
L42,1,Civil,8.04,<3L,After Application,37,4,11,No,No,Trust,9
L43,4,CSE,6.83,3-6L,Before Counselling,23,3,13,No,Yes,Difficulty,1
L44,2,Mechanical,5.91,3-6L,After Understanding,26,3,10,No,No,Time,7
L45,3,Civil,8.43,<3L,After Application,24,0,15,Yes,Yes,Trust,7
L46,2,Civil,9.97,6-10L,After Application,21,3,3,No,Yes,Trust,7
L47,3,CSE,7.34,<3L,After Understanding,33,0,11,No,No,Fee,4
L48,3,Mechanical,8.62,3-6L,After Counselling,26,0,23,No,Yes,Trust,6
L49,1,CSE,7.48,<3L,After Application,10,4,22,No,No,Trust,9
L50,4,ECE,7.16,<3L,Before Counselling,42,1,11,No,No,Difficulty,9
L51,3,IT,7.05,3-6L,After Counselling,29,1,3,Yes,No,Trust,4
L52,4,ECE,7.52,10L+,After Counselling,35,3,7,No,Yes,Trust,2
L53,4,ECE,6.83,3-6L,After Understanding,28,2,12,Yes,No,Time,2
L54,3,Civil,8.74,<3L,After Application,12,2,10,Yes,No,Trust,2
L55,4,ECE,9.37,3-6L,Before Counselling,44,0,4,No,Yes,Job,1
L56,1,Mechanical,9.41,<3L,After Application,7,3,20,No,No,Job,7
L57,1,ECE,6.14,<3L,Before Counselling,16,3,12,Yes,No,Fee,6
L58,1,Mechanical,9.48,<3L,After Application,20,1,5,Yes,No,Job,5
L59,2,CSE,6.71,<3L,After Understanding,29,2,16,Yes,No,Job,3
L60,2,Civil,6.55,3-6L,Before Counselling,35,4,13,Yes,Yes,Difficulty,3
L61,2,Mechanical,8.63,3-6L,After Understanding,28,3,5,Yes,No,Difficulty,1
L62,4,ECE,6.52,<3L,After Application,7,3,16,No,No,Fee,1
L63,2,Civil,5.26,6-10L,Before Counselling,22,1,18,Yes,No,Difficulty,8
L64,2,Civil,6.87,<3L,Before Counselling,14,4,19,No,No,Trust,6
L65,3,Mechanical,8.61,10L+,After Application,36,4,23,No,No,Fee,5
L66,1,Mechanical,6.63,3-6L,After Understanding,10,4,6,No,Yes,Trust,4
L67,4,IT,8.15,<3L,Before Counselling,2,4,11,Yes,No,Time,8
L68,1,IT,8.3,10L+,Before Counselling,22,2,21,No,No,Difficulty,9
L69,4,Civil,8.67,<3L,Before Counselling,16,0,10,No,No,Trust,1
L70,3,IT,9.49,3-6L,After Application,35,4,19,No,Yes,Time,2
L71,1,ECE,7.16,<3L,After Counselling,47,0,13,No,Yes,Difficulty,4
L72,1,CSE,5.83,6-10L,After Application,40,0,9,No,No,Difficulty,6
L73,4,Civil,6.59,3-6L,After Understanding,11,1,12,No,No,Fee,3
L74,3,CSE,7.16,<3L,After Counselling,43,4,5,No,Yes,Job,1
L75,3,IT,8.57,<3L,Before Counselling,43,2,10,Yes,Yes,Job,3
L76,3,Mechanical,5.07,6-10L,Before Counselling,33,1,5,No,No,Trust,8
L77,1,Civil,6.58,<3L,After Counselling,34,1,19,No,Yes,Fee,5
L78,2,IT,8.9,<3L,Before Counselling,33,0,15,No,No,Job,1
L79,1,ECE,8.35,3-6L,Before Counselling,19,3,15,Yes,No,Trust,5
L80,4,Civil,8.66,6-10L,After Application,20,2,23,No,No,Trust,8
L81,3,Civil,9.06,<3L,After Application,10,4,24,No,No,Job,9
L82,2,Mechanical,8.92,<3L,After Understanding,19,4,2,No,No,Time,6
L83,1,Civil,8.41,6-10L,Before Counselling,43,2,10,No,No,Trust,4
L84,2,Mechanical,7.2,<3L,After Understanding,12,4,7,No,No,Job,5
L85,2,IT,9.92,3-6L,After Understanding,10,3,19,Yes,Yes,Time,3
L86,3,ECE,7.85,10L+,After Counselling,7,3,12,No,Yes,Job,7
L87,3,ECE,6.01,6-10L,After Counselling,40,4,8,No,No,Trust,4
L88,4,Civil,6.46,<3L,Before Counselling,11,1,9,No,No,Time,7
L89,2,Civil,8.47,<3L,After Counselling,16,4,22,Yes,No,Trust,4
L90,1,IT,9.62,<3L,After Understanding,33,4,24,No,No,Job,1
L91,3,Mechanical,5.89,10L+,After Application,38,2,24,Yes,No,Fee,9
L92,3,ECE,5.41,10L+,After Counselling,17,3,4,No,No,Fee,7
L93,3,Mechanical,9.41,<3L,After Understanding,45,1,12,No,Yes,Job,8
L94,3,IT,9.58,3-6L,After Counselling,25,2,12,No,No,Difficulty,5
L95,2,ECE,6.38,6-10L,Before Counselling,42,2,3,No,No,Time,2
L96,3,ECE,6.89,<3L,After Counselling,31,1,16,No,Yes,Fee,2
L97,2,CSE,8.3,<3L,After Application,42,1,16,No,No,Job,1
L98,1,IT,6.65,<3L,Before Counselling,1,2,6,No,Yes,Difficulty,9
L99,1,IT,9.39,3-6L,After Counselling,39,4,21,Yes,Yes,Trust,7
L100,1,CSE,5.54,6-10L,After Application,20,1,9,No,Yes,Trust,4
L101,3,Mechanical,5.19,10L+,After Understanding,9,0,17,No,No,Trust,5
L102,2,CSE,6.04,<3L,After Counselling,43,1,13,No,No,Job,4
L103,3,IT,6.43,<3L,After Counselling,2,2,15,No,No,Time,3
L104,4,Mechanical,5.56,3-6L,After Understanding,1,0,22,No,Yes,Job,9
L105,2,ECE,5.33,6-10L,After Understanding,44,2,14,No,No,Difficulty,7
L106,2,CSE,8.78,3-6L,After Counselling,39,3,10,Yes,No,Time,2
L107,3,Mechanical,5.82,3-6L,After Application,5,3,8,Yes,Yes,Trust,2
L108,2,Mechanical,9.57,3-6L,After Understanding,12,4,18,No,No,Fee,7
L109,1,Mechanical,6.84,<3L,After Understanding,14,1,3,No,No,Fee,9
L110,2,CSE,8.35,3-6L,After Application,39,2,9,No,No,Fee,4
L111,1,ECE,6.13,10L+,After Counselling,32,0,14,No,No,Difficulty,6
L112,4,Mechanical,6.2,<3L,Before Counselling,40,1,9,No,Yes,Trust,6
L113,4,CSE,7.87,3-6L,After Counselling,46,4,19,No,No,Fee,9
L114,3,IT,7.8,<3L,After Counselling,44,2,14,Yes,No,Time,2
L115,4,CSE,8.84,3-6L,Before Counselling,9,2,24,No,No,Fee,2
L116,4,CSE,8.79,3-6L,After Counselling,42,3,9,No,No,Difficulty,5
L117,1,CSE,8.35,3-6L,After Counselling,42,4,17,No,No,Fee,3
L118,4,Mechanical,7.25,6-10L,After Understanding,33,2,21,No,No,Difficulty,5
L119,3,CSE,9.45,<3L,After Application,25,3,4,Yes,Yes,Difficulty,7
L120,4,IT,8.11,3-6L,After Counselling,38,3,16,No,No,Time,1
L121,4,Mechanical,9.95,<3L,Before Counselling,14,0,11,No,No,Difficulty,4
L122,2,IT,9.1,6-10L,Before Counselling,9,4,19,No,Yes,Job,4
L123,1,Civil,5.22,<3L,After Understanding,27,4,20,No,No,Trust,4
L124,2,CSE,6.6,6-10L,After Counselling,44,2,3,Yes,No,Difficulty,3
L125,2,Mechanical,7.86,<3L,After Counselling,19,0,22,No,Yes,Job,4
L126,4,Mechanical,8.61,<3L,After Counselling,25,1,11,No,No,Job,7
L127,4,CSE,7.75,<3L,After Counselling,32,2,17,No,Yes,Fee,3
L128,1,ECE,8.93,10L+,Before Counselling,22,3,9,No,No,Time,9
L129,3,ECE,6.41,<3L,Before Counselling,29,1,8,No,No,Fee,8
L130,2,IT,5.92,<3L,After Understanding,28,1,5,No,No,Time,8
L131,2,CSE,5.27,<3L,After Counselling,44,2,10,No,No,Fee,5
L132,1,CSE,7.87,<3L,Before Counselling,13,0,3,Yes,No,Fee,3
L133,2,Civil,8.44,<3L,After Counselling,28,4,17,Yes,Yes,Job,2
L134,4,ECE,6.63,3-6L,After Application,3,0,8,No,No,Trust,4
L135,2,ECE,8.07,<3L,After Application,30,2,24,Yes,Yes,Job,2
L136,3,CSE,5.26,3-6L,Before Counselling,11,4,16,No,No,Fee,9
L137,3,IT,5.5,<3L,After Application,2,1,24,No,Yes,Trust,2
L138,2,CSE,8.51,3-6L,After Application,9,3,24,No,No,Fee,4
L139,4,IT,6.84,3-6L,Before Counselling,33,0,6,No,No,Fee,7
L140,4,ECE,8.36,<3L,After Understanding,26,4,2,Yes,No,Trust,3
L141,2,Civil,9.16,<3L,After Application,16,0,21,Yes,No,Job,1
L142,2,Mechanical,9.26,<3L,After Counselling,25,4,6,Yes,Yes,Difficulty,6
L143,2,ECE,5.86,<3L,After Application,1,3,14,No,No,Fee,1
L144,2,IT,7.43,3-6L,After Understanding,21,2,21,No,No,Difficulty,2
L145,1,CSE,8.67,3-6L,After Understanding,20,2,14,Yes,Yes,Job,6
L146,3,ECE,8.87,3-6L,After Understanding,5,4,24,No,No,Difficulty,2
L147,3,Civil,8.92,<3L,After Understanding,17,4,19,No,No,Job,5
L148,1,IT,6.14,<3L,After Understanding,40,2,3,No,No,Difficulty,4
L149,2,CSE,5.96,<3L,After Application,38,1,19,No,Yes,Difficulty,8
L150,4,Mechanical,7.95,3-6L,After Application,1,1,11,Yes,No,Fee,2
L151,2,IT,8.71,3-6L,After Application,13,1,4,No,No,Trust,2
L152,1,CSE,6.6,<3L,After Application,18,3,22,No,Yes,Trust,4
L153,2,Mechanical,5.52,6-10L,After Understanding,4,4,11,No,Yes,Job,1
L154,4,CSE,8.58,<3L,After Understanding,47,0,10,Yes,No,Fee,3
L155,2,Mechanical,6.5,10L+,After Counselling,14,0,4,No,Yes,Difficulty,8
L156,3,Mechanical,5.83,<3L,After Application,5,4,23,Yes,No,Job,9
L157,3,Mechanical,5.74,6-10L,After Understanding,33,2,7,No,Yes,Trust,3
L158,2,CSE,6.57,<3L,After Counselling,26,4,12,Yes,Yes,Difficulty,7
L159,3,Mechanical,7.96,6-10L,After Counselling,4,1,7,Yes,Yes,Fee,4
L160,2,IT,6.79,<3L,Before Counselling,30,1,6,No,No,Job,3
L161,3,Civil,5.1,<3L,After Application,17,0,15,No,Yes,Time,5
L162,3,Civil,5.48,<3L,After Understanding,28,4,3,No,No,Fee,9
L163,3,Mechanical,6.45,10L+,After Application,6,0,2,No,No,Job,4
L164,1,Civil,8.3,10L+,After Counselling,27,2,6,No,Yes,Difficulty,8
L165,4,Civil,5.49,<3L,After Application,36,3,9,No,No,Job,2
L166,2,Mechanical,7.8,3-6L,Before Counselling,7,3,11,Yes,Yes,Fee,9
L167,1,Mechanical,5.6,3-6L,Before Counselling,1,2,22,No,No,Trust,1
L168,1,IT,6.06,<3L,After Understanding,10,1,20,No,Yes,Trust,8
L169,3,ECE,5.86,<3L,After Understanding,13,1,4,No,No,Fee,8
L170,3,CSE,5.34,10L+,After Understanding,41,1,19,Yes,Yes,Difficulty,3
L171,1,Mechanical,8.36,3-6L,After Understanding,32,0,8,Yes,Yes,Trust,1
L172,3,Mechanical,7.32,<3L,After Application,14,0,14,Yes,No,Time,4
L173,2,Civil,9.16,<3L,After Application,33,3,15,Yes,Yes,Time,3
L174,3,IT,5.49,<3L,After Counselling,30,1,19,No,Yes,Time,2
L175,1,Civil,5.72,3-6L,After Counselling,9,1,23,No,Yes,Job,6
L176,3,Mechanical,6.53,<3L,After Understanding,6,2,13,No,Yes,Difficulty,3
L177,2,Mechanical,8.83,3-6L,After Application,10,3,9,Yes,No,Difficulty,7
L178,4,Civil,6.53,<3L,After Understanding,11,0,19,No,Yes,Trust,2
L179,1,Mechanical,7.04,<3L,After Counselling,39,3,7,No,No,Fee,4
L180,2,ECE,6.51,<3L,After Application,20,1,13,Yes,No,Time,8
L181,1,CSE,5.4,6-10L,After Understanding,25,1,4,No,No,Time,3
L182,4,CSE,9.7,<3L,Before Counselling,12,0,4,No,No,Fee,1
L183,4,CSE,7.74,6-10L,After Counselling,22,0,17,Yes,No,Fee,5
L184,2,ECE,8.94,<3L,Before Counselling,12,3,18,Yes,No,Time,7
L185,3,Mechanical,8.29,3-6L,Before Counselling,14,4,17,No,No,Fee,5
L186,4,Civil,7.57,<3L,After Application,42,1,14,Yes,Yes,Job,6
L187,3,IT,5.45,3-6L,Before Counselling,36,1,14,Yes,No,Trust,1
L188,3,Mechanical,8.21,6-10L,Before Counselling,14,4,13,Yes,Yes,Job,2
L189,2,ECE,5.78,<3L,After Understanding,2,3,3,No,Yes,Time,1
L190,1,ECE,7.07,<3L,After Application,2,2,15,No,No,Trust,3
L191,4,CSE,8.15,3-6L,After Understanding,43,2,11,No,Yes,Trust,3
L192,4,Mechanical,8.91,<3L,After Understanding,43,1,20,No,No,Trust,4
L193,3,CSE,8.43,3-6L,After Understanding,6,2,24,No,No,Difficulty,6
L194,2,IT,8.36,<3L,After Application,25,3,23,No,No,Difficulty,2
L195,2,CSE,5.75,3-6L,After Counselling,3,2,6,Yes,Yes,Trust,1
L196,3,IT,6.73,3-6L,After Application,23,0,17,No,Yes,Difficulty,1
L197,4,ECE,5.21,<3L,After Understanding,9,3,6,Yes,Yes,Job,3
L198,4,CSE,8.6,3-6L,After Counselling,31,4,3,No,No,Time,4
L199,3,CSE,9.76,3-6L,Before Counselling,28,1,7,No,No,Time,2
L200,3,Civil,6.32,<3L,After Counselling,25,3,13,Yes,No,Time,5
L201,1,ECE,5.44,<3L,After Application,35,2,14,No,No,Fee,5
L202,1,Civil,7.38,3-6L,After Understanding,1,3,14,Yes,No,Job,9
L203,4,IT,9.28,<3L,Before Counselling,2,4,22,No,No,Time,7
L204,3,IT,7.76,10L+,Before Counselling,15,3,15,No,No,Time,1
L205,1,ECE,5.23,3-6L,After Understanding,43,4,20,No,No,Time,7
L206,1,IT,9.87,<3L,Before Counselling,40,4,16,No,No,Time,3
L207,3,ECE,9.14,6-10L,Before Counselling,16,3,22,Yes,No,Difficulty,3
L208,1,IT,5.66,<3L,Before Counselling,23,1,4,No,No,Difficulty,4
L209,1,Mechanical,9.61,3-6L,After Application,35,1,10,No,No,Job,2
L210,3,CSE,7.25,<3L,After Counselling,8,2,11,No,No,Job,9
L211,3,Mechanical,6.86,6-10L,After Application,7,3,8,No,No,Time,6
L212,3,ECE,7.31,6-10L,Before Counselling,21,3,15,Yes,Yes,Time,6
L213,2,ECE,9.17,3-6L,After Application,35,0,18,No,No,Time,9
L214,3,Mechanical,8.3,<3L,Before Counselling,39,1,15,No,No,Fee,2
L215,2,CSE,5.3,<3L,After Application,37,4,11,No,No,Trust,6
L216,2,CSE,9.79,<3L,After Counselling,33,0,6,Yes,Yes,Difficulty,9
L217,3,Civil,5.74,<3L,After Understanding,37,3,19,No,No,Time,7
L218,3,IT,8.73,<3L,After Counselling,35,0,18,No,Yes,Fee,9
L219,4,Civil,8.18,3-6L,After Application,18,1,19,Yes,Yes,Fee,1
L220,3,CSE,5.94,6-10L,After Application,19,3,5,Yes,No,Fee,9
L221,3,Mechanical,5.85,<3L,After Counselling,10,1,21,Yes,No,Difficulty,6
L222,1,IT,9.35,<3L,After Application,4,0,2,No,Yes,Trust,6
L223,2,Mechanical,7.1,6-10L,After Understanding,30,2,14,No,Yes,Time,5
L224,2,Civil,8.27,6-10L,After Understanding,45,4,11,No,No,Time,2
L225,2,ECE,7.52,3-6L,After Counselling,33,4,16,No,No,Trust,6
L226,4,Mechanical,8.64,<3L,Before Counselling,4,2,6,No,Yes,Difficulty,1
L227,2,Civil,7.4,3-6L,After Understanding,9,2,19,No,Yes,Fee,1
L228,4,Civil,6.44,6-10L,After Application,17,2,5,Yes,Yes,Time,7
L229,3,Civil,6.82,<3L,Before Counselling,43,1,2,No,No,Fee,1
L230,3,ECE,9.3,3-6L,After Understanding,39,3,11,No,No,Trust,5
L231,3,ECE,7.34,3-6L,Before Counselling,24,2,18,Yes,No,Time,6
L232,3,ECE,6.07,<3L,After Application,39,1,4,No,No,Time,4
L233,2,IT,9.67,6-10L,After Counselling,13,0,5,No,No,Time,5
L234,1,ECE,8.98,3-6L,After Counselling,26,0,13,No,No,Job,2
L235,3,ECE,5.28,3-6L,After Application,19,2,12,No,No,Trust,7
L236,2,ECE,9.99,3-6L,After Counselling,17,0,4,No,No,Trust,1
L237,1,Mechanical,8.47,<3L,After Application,30,2,12,No,Yes,Fee,2
L238,3,ECE,5.8,3-6L,After Counselling,26,0,4,No,Yes,Difficulty,8
L239,1,IT,6.19,6-10L,After Understanding,13,0,5,No,Yes,Time,2
L240,4,Civil,8.46,10L+,After Counselling,18,3,4,Yes,No,Time,1
L241,4,Mechanical,8.9,<3L,Before Counselling,21,3,13,Yes,No,Time,5
L242,4,CSE,6.2,<3L,After Counselling,34,0,13,Yes,No,Trust,2
L243,2,ECE,6.28,10L+,After Counselling,47,3,18,Yes,No,Time,3
L244,1,Civil,6.54,3-6L,After Counselling,9,2,22,No,No,Trust,6
L245,4,Civil,7.99,10L+,After Counselling,30,4,9,Yes,No,Difficulty,6
L246,2,Mechanical,5.86,<3L,After Understanding,29,2,11,Yes,No,Difficulty,3
L247,4,CSE,5.52,<3L,After Application,29,3,17,Yes,Yes,Trust,3
L248,4,IT,8.39,<3L,After Understanding,46,1,20,No,Yes,Time,7
L249,4,Civil,8.9,6-10L,After Understanding,19,0,16,Yes,Yes,Trust,6
L250,2,Civil,7.5,6-10L,Before Counselling,8,3,23,No,Yes,Time,1
L251,2,Civil,6.82,3-6L,After Application,44,3,12,Yes,No,Time,5
L252,4,Civil,7.16,<3L,After Application,17,3,8,No,Yes,Job,7
L253,2,Mechanical,6.94,<3L,Before Counselling,12,2,8,Yes,No,Trust,6
L254,1,CSE,9.8,3-6L,After Application,15,0,24,Yes,No,Fee,4
L255,3,Civil,8.84,3-6L,After Counselling,5,4,19,No,No,Fee,1
L256,4,IT,6.04,3-6L,After Application,34,3,20,No,Yes,Difficulty,7
L257,3,IT,6.92,<3L,Before Counselling,3,1,17,No,Yes,Time,4
L258,3,ECE,7.72,3-6L,Before Counselling,5,0,23,No,No,Time,4
L259,1,Civil,8.06,<3L,Before Counselling,34,4,4,No,Yes,Job,5
L260,3,Civil,7.34,3-6L,Before Counselling,9,1,7,No,No,Time,7
L261,4,Civil,9.05,3-6L,After Understanding,24,4,2,No,No,Difficulty,9
L262,1,Civil,8.84,10L+,After Application,5,4,2,No,No,Trust,4
L263,3,Civil,7.53,3-6L,After Understanding,27,0,16,Yes,No,Trust,1
L264,4,IT,9.27,<3L,Before Counselling,20,2,21,No,No,Difficulty,3
L265,3,CSE,8.76,<3L,Before Counselling,47,1,12,Yes,No,Job,7
L266,3,CSE,8.89,10L+,After Understanding,45,3,11,No,No,Trust,7
L267,3,ECE,9.78,<3L,After Counselling,41,4,4,Yes,No,Difficulty,2
L268,2,IT,6.33,<3L,After Application,2,1,5,Yes,No,Time,6
L269,2,Civil,6.34,10L+,After Understanding,23,0,13,No,No,Trust,3
L270,4,CSE,9.44,3-6L,After Application,34,1,7,Yes,No,Difficulty,7
L271,4,Mechanical,8.86,3-6L,Before Counselling,29,3,21,No,No,Job,1
L272,4,Mechanical,9.63,<3L,Before Counselling,43,3,20,No,No,Trust,2
L273,4,Mechanical,5.32,6-10L,Before Counselling,35,0,17,No,No,Job,6
L274,3,Civil,8.14,<3L,After Application,30,1,24,No,Yes,Fee,9
L275,3,Civil,5.72,<3L,After Application,3,2,11,No,Yes,Job,2
L276,3,ECE,7.52,<3L,After Understanding,10,2,7,No,No,Difficulty,4
L277,3,ECE,5.78,<3L,Before Counselling,34,4,21,No,No,Time,5
L278,3,ECE,5.64,10L+,After Understanding,1,4,6,No,No,Trust,2
L279,3,Mechanical,5.06,3-6L,After Counselling,6,1,11,No,No,Job,8
L280,4,Civil,8.15,3-6L,Before Counselling,6,4,13,Yes,Yes,Trust,3
L281,2,Mechanical,6.8,10L+,Before Counselling,43,3,19,No,No,Trust,4
L282,2,ECE,5.53,<3L,After Counselling,16,0,4,No,No,Difficulty,9
L283,1,Civil,6.61,<3L,After Understanding,1,4,6,No,Yes,Difficulty,5
L284,3,IT,5.84,3-6L,After Application,5,2,4,No,No,Fee,3
L285,1,CSE,9.71,3-6L,Before Counselling,25,3,4,No,No,Time,7
L286,2,CSE,6.6,3-6L,After Application,27,2,10,Yes,No,Fee,1
L287,3,ECE,6.67,<3L,Before Counselling,42,4,5,No,Yes,Difficulty,3
L288,2,Mechanical,9.2,3-6L,Before Counselling,38,4,21,No,No,Fee,4
L289,3,IT,8.24,<3L,After Application,43,3,18,No,No,Job,8
L290,1,Civil,8.55,<3L,Before Counselling,26,2,8,No,Yes,Job,6
L291,1,Mechanical,8.18,<3L,After Counselling,16,0,14,No,No,Trust,3
L292,4,ECE,9.73,<3L,After Understanding,45,0,13,No,No,Fee,9
L293,2,Mechanical,6.04,<3L,After Counselling,44,3,19,No,Yes,Fee,8
L294,1,ECE,9.95,<3L,After Understanding,26,4,23,No,No,Difficulty,1
L295,3,CSE,9.15,10L+,After Counselling,45,3,16,No,Yes,Fee,5
L296,3,CSE,7.94,10L+,After Counselling,37,2,6,No,No,Trust,1
L297,2,Mechanical,8.31,3-6L,After Understanding,28,0,2,No,No,Difficulty,9
L298,3,IT,8.24,10L+,Before Counselling,28,4,10,No,No,Trust,2
L299,1,Civil,5.29,10L+,After Application,30,2,10,Yes,Yes,Job,4
L300,1,ECE,6.09,<3L,After Application,13,0,14,No,Yes,Difficulty,1
L301,3,Civil,9.81,3-6L,After Application,25,0,12,No,No,Time,4
L302,3,CSE,7.67,10L+,Before Counselling,45,1,24,Yes,Yes,Trust,9
L303,3,IT,6.89,3-6L,After Counselling,19,4,10,No,No,Time,5
L304,3,IT,8.81,<3L,After Counselling,13,3,6,No,No,Time,5
L305,4,Civil,7.62,3-6L,After Counselling,11,1,15,No,No,Trust,2
L306,3,CSE,5.07,<3L,Before Counselling,23,0,17,No,Yes,Difficulty,6
L307,2,Civil,8.68,<3L,After Understanding,14,4,3,No,No,Time,1
L308,3,Mechanical,8.66,<3L,Before Counselling,10,4,16,No,No,Difficulty,1
L309,2,IT,5.83,<3L,After Application,34,1,18,No,No,Time,4
L310,2,IT,9.78,<3L,After Counselling,40,2,6,Yes,Yes,Trust,7
L311,1,Mechanical,6.12,6-10L,Before Counselling,23,2,11,No,No,Fee,5
L312,1,CSE,7.29,<3L,Before Counselling,40,3,16,No,No,Difficulty,3
L313,4,IT,5.57,<3L,Before Counselling,21,4,21,Yes,Yes,Time,9
L314,4,ECE,8.02,<3L,After Understanding,20,1,5,No,No,Fee,9
L315,3,ECE,6.88,3-6L,After Counselling,32,0,5,No,No,Fee,3
L316,2,CSE,6.77,10L+,Before Counselling,14,2,8,Yes,No,Fee,9
L317,1,Mechanical,9.13,<3L,Before Counselling,24,1,2,Yes,No,Trust,3
L318,1,Civil,5.05,<3L,After Application,46,3,23,Yes,Yes,Trust,6
L319,2,CSE,8.99,3-6L,After Counselling,18,3,21,No,No,Trust,2
L320,3,Civil,7.86,3-6L,Before Counselling,47,4,3,Yes,Yes,Trust,2
L321,3,CSE,9.93,<3L,Before Counselling,30,3,20,Yes,Yes,Difficulty,6
L322,3,ECE,7.95,<3L,Before Counselling,28,3,5,No,No,Time,5
L323,2,Mechanical,5.28,3-6L,Before Counselling,14,2,24,No,Yes,Difficulty,5
L324,4,ECE,5.25,<3L,After Counselling,42,2,2,No,No,Fee,7
L325,3,Mechanical,9.42,10L+,Before Counselling,21,3,2,Yes,No,Time,1
L326,3,Civil,9.21,<3L,After Understanding,34,4,4,Yes,No,Time,6
L327,3,CSE,6.73,<3L,Before Counselling,5,2,19,No,No,Fee,9
L328,2,IT,8.09,6-10L,After Understanding,31,2,4,No,No,Job,5
L329,2,IT,7.45,6-10L,After Counselling,3,3,4,No,No,Time,7
L330,2,Mechanical,9.84,<3L,Before Counselling,23,4,14,No,No,Difficulty,3
L331,3,Mechanical,9.75,10L+,After Application,39,3,2,No,Yes,Time,8
L332,1,ECE,9.92,3-6L,After Understanding,44,0,14,Yes,No,Fee,1
L333,1,IT,9.33,<3L,After Understanding,30,0,23,No,No,Fee,7
L334,1,ECE,9.55,3-6L,Before Counselling,42,4,6,No,Yes,Difficulty,6
L335,1,Civil,6.09,<3L,After Application,43,0,18,Yes,No,Fee,6
L336,4,IT,9.16,<3L,After Application,30,4,12,No,Yes,Time,1
L337,3,Civil,8.54,<3L,Before Counselling,36,0,11,Yes,No,Trust,2
L338,2,CSE,9.81,3-6L,After Counselling,38,1,24,No,No,Difficulty,6
L339,1,ECE,7.86,6-10L,After Counselling,7,2,16,Yes,No,Fee,2
L340,2,Mechanical,5.43,<3L,Before Counselling,5,3,14,No,No,Job,4
L341,2,IT,7.99,<3L,After Counselling,6,4,11,Yes,Yes,Job,6
L342,1,ECE,8.43,3-6L,After Application,14,0,10,No,Yes,Trust,2
L343,2,Mechanical,6.1,3-6L,After Counselling,11,1,8,Yes,Yes,Time,6
L344,2,CSE,6.97,6-10L,After Counselling,37,0,11,Yes,No,Trust,9
L345,3,IT,7.99,<3L,After Counselling,2,1,10,No,Yes,Time,6
L346,3,Civil,6.87,3-6L,Before Counselling,31,3,14,No,No,Job,7
L347,1,CSE,6.87,<3L,Before Counselling,46,2,17,No,Yes,Fee,3
L348,2,Mechanical,5.67,6-10L,After Understanding,27,2,3,No,No,Trust,4
L349,3,IT,9.7,<3L,After Counselling,16,1,9,No,No,Fee,4
L350,3,IT,8.75,<3L,Before Counselling,2,0,24,No,No,Job,1
L351,4,CSE,5.01,3-6L,After Application,26,2,8,Yes,No,Time,9
L352,3,IT,8.83,6-10L,After Understanding,16,0,3,No,No,Fee,9
L353,1,Mechanical,8.7,3-6L,After Application,9,4,2,No,No,Job,7
L354,1,CSE,5.05,10L+,After Counselling,9,0,5,No,No,Difficulty,2
L355,3,Civil,6.85,<3L,After Application,5,4,24,Yes,Yes,Trust,3
L356,1,CSE,8.03,3-6L,After Understanding,36,4,7,Yes,No,Time,7
L357,3,CSE,7.26,3-6L,After Counselling,7,2,3,No,No,Time,1
L358,4,Civil,8.89,3-6L,Before Counselling,32,4,8,No,No,Difficulty,3
L359,3,Mechanical,7.13,6-10L,After Application,29,0,11,Yes,Yes,Trust,4
L360,2,ECE,5.77,6-10L,After Application,37,3,10,No,Yes,Fee,5
L361,3,ECE,9.88,3-6L,After Understanding,3,0,3,Yes,No,Job,7
L362,2,Civil,6.21,3-6L,Before Counselling,30,1,16,No,No,Job,9
L363,3,Mechanical,8.59,10L+,After Counselling,40,1,16,No,No,Fee,2
L364,4,IT,5.72,<3L,After Counselling,31,0,22,No,No,Fee,6
L365,2,Civil,6.65,6-10L,After Counselling,27,1,17,No,No,Trust,2
L366,4,ECE,7.21,10L+,After Understanding,6,3,3,No,Yes,Difficulty,2
L367,4,Mechanical,5.96,3-6L,After Application,29,1,18,Yes,No,Job,5
L368,1,CSE,7.25,6-10L,After Application,9,2,12,No,No,Difficulty,5
L369,1,Mechanical,5.79,<3L,After Application,20,3,24,Yes,No,Trust,1
L370,1,Mechanical,7.8,<3L,After Application,11,2,19,No,No,Fee,8
L371,1,ECE,8.32,3-6L,After Understanding,19,2,23,Yes,Yes,Job,8
L372,1,ECE,5.31,<3L,After Understanding,39,3,24,No,Yes,Difficulty,1
L373,3,IT,9.36,3-6L,Before Counselling,10,2,2,No,No,Time,6
L374,1,IT,5.93,6-10L,After Understanding,5,1,13,Yes,Yes,Job,9
L375,2,Civil,6.13,<3L,After Application,39,0,7,No,Yes,Time,5
L376,4,CSE,8.31,<3L,After Counselling,23,3,19,No,Yes,Time,7
L377,1,IT,7.34,3-6L,Before Counselling,6,0,18,No,No,Time,6
L378,4,ECE,7.5,<3L,After Counselling,31,3,18,Yes,Yes,Time,1
L379,2,Mechanical,5.64,3-6L,After Counselling,18,3,3,Yes,No,Job,3
L380,1,Civil,9.03,3-6L,After Application,21,2,19,No,No,Time,7
L381,3,IT,8.09,<3L,After Understanding,15,0,16,No,No,Job,8
L382,3,Mechanical,5.68,<3L,After Understanding,31,1,2,No,No,Fee,7
L383,4,Mechanical,6.87,6-10L,After Understanding,10,0,21,No,No,Difficulty,1
L384,3,IT,9.05,<3L,After Application,6,3,15,Yes,Yes,Difficulty,3
L385,4,CSE,7.84,3-6L,After Application,24,1,14,Yes,No,Difficulty,2
L386,2,CSE,5.54,10L+,After Counselling,33,2,13,Yes,Yes,Fee,4
L387,1,Civil,6.86,6-10L,Before Counselling,28,1,9,No,Yes,Difficulty,3
L388,3,CSE,6.21,<3L,After Understanding,28,1,8,No,Yes,Fee,9
L389,4,Civil,7.59,3-6L,After Understanding,10,0,9,No,Yes,Trust,6
L390,4,ECE,9.22,6-10L,Before Counselling,23,3,19,No,No,Job,6
L391,2,IT,7.18,3-6L,After Counselling,15,3,22,Yes,Yes,Trust,6
L392,2,Mechanical,7.17,6-10L,After Counselling,46,3,16,No,Yes,Fee,9
L393,3,Civil,9.53,3-6L,Before Counselling,37,4,8,Yes,Yes,Time,9
L394,2,CSE,7.88,<3L,After Understanding,14,2,2,No,No,Fee,9
L395,4,Civil,7.83,3-6L,After Application,14,0,7,Yes,No,Job,4
L396,4,Civil,6.31,3-6L,After Application,7,3,24,Yes,No,Trust,6
L397,2,CSE,8.04,3-6L,Before Counselling,36,1,17,No,No,Fee,9
L398,3,CSE,7.88,<3L,After Understanding,18,4,22,Yes,Yes,Job,6
L399,3,IT,6.98,<3L,Before Counselling,15,2,15,No,No,Time,8
L400,1,Mechanical,9.95,10L+,After Counselling,33,3,9,No,No,Trust,8
L401,4,IT,9.41,<3L,After Counselling,47,4,11,No,Yes,Trust,5
L402,3,IT,8.75,<3L,After Application,22,2,18,No,No,Difficulty,3
L403,4,CSE,7.69,6-10L,After Counselling,43,1,16,Yes,Yes,Trust,6
L404,2,CSE,7.31,3-6L,After Counselling,41,4,15,Yes,Yes,Difficulty,5
L405,4,Mechanical,5.92,<3L,Before Counselling,17,0,21,No,No,Trust,3
L406,2,Civil,6.53,3-6L,Before Counselling,26,2,12,No,No,Trust,6
L407,1,IT,8.87,3-6L,After Understanding,15,4,7,No,No,Fee,4
L408,4,Mechanical,7.27,3-6L,Before Counselling,40,4,5,No,Yes,Time,6
L409,1,IT,9.41,10L+,After Understanding,18,2,6,No,No,Time,7
L410,2,Civil,5.74,<3L,After Application,8,4,12,Yes,No,Trust,1
L411,4,IT,7.54,3-6L,Before Counselling,3,4,13,No,No,Trust,6
L412,4,ECE,8.23,<3L,Before Counselling,14,2,12,No,No,Difficulty,8
L413,3,Mechanical,7.58,<3L,Before Counselling,34,1,19,No,No,Time,3
L414,3,CSE,9.45,6-10L,After Application,33,0,8,No,No,Fee,2
L415,2,IT,9.95,<3L,Before Counselling,37,2,24,No,No,Time,7
L416,2,Mechanical,5.58,3-6L,After Counselling,1,3,2,No,Yes,Job,4
L417,2,Mechanical,5.65,<3L,Before Counselling,35,4,17,Yes,Yes,Time,7
L418,3,IT,5.65,<3L,After Understanding,10,0,19,Yes,No,Fee,9
L419,3,CSE,8.41,3-6L,After Counselling,19,0,13,No,No,Time,8
L420,3,CSE,6.86,3-6L,Before Counselling,11,2,12,No,No,Fee,2
L421,3,IT,8.67,<3L,Before Counselling,35,3,9,No,Yes,Difficulty,6
L422,1,Mechanical,7.03,10L+,After Application,2,3,2,Yes,No,Trust,3
L423,2,CSE,8.14,<3L,After Understanding,3,1,17,Yes,Yes,Difficulty,2
L424,1,IT,8.85,<3L,After Counselling,15,3,3,Yes,Yes,Trust,3
L425,3,IT,7.74,<3L,After Counselling,41,2,22,No,Yes,Difficulty,7
L426,2,IT,7.7,<3L,After Application,47,0,7,No,No,Difficulty,6
L427,4,Mechanical,5.44,<3L,After Counselling,28,0,18,No,Yes,Trust,9
L428,2,CSE,7.05,6-10L,After Counselling,2,3,18,Yes,Yes,Fee,3
L429,1,Mechanical,7.73,3-6L,After Understanding,30,4,3,No,No,Job,3
L430,1,ECE,7.31,<3L,Before Counselling,38,1,20,No,No,Trust,8
L431,3,CSE,9.5,10L+,Before Counselling,5,3,10,No,No,Fee,3
L432,3,Mechanical,9.53,<3L,After Counselling,6,2,4,No,No,Fee,4
L433,1,CSE,9.11,<3L,After Understanding,5,1,23,Yes,Yes,Fee,8
L434,1,ECE,6.88,<3L,After Application,12,3,11,No,No,Time,3
L435,3,Civil,8.59,<3L,Before Counselling,4,1,6,No,Yes,Trust,7
L436,1,IT,6.98,3-6L,After Counselling,24,4,10,No,Yes,Trust,5
L437,4,Mechanical,6.16,<3L,After Counselling,25,2,15,No,No,Difficulty,9
L438,3,ECE,6.71,3-6L,After Understanding,26,3,12,Yes,No,Trust,1
L439,1,ECE,5.35,3-6L,After Understanding,46,0,20,No,No,Fee,4
L440,1,CSE,6.66,6-10L,After Understanding,46,2,24,No,Yes,Job,3
L441,4,CSE,7.3,6-10L,After Counselling,43,4,17,No,No,Job,9
L442,2,IT,9.78,<3L,After Understanding,33,4,15,No,No,Difficulty,7
L443,2,CSE,6.57,<3L,After Counselling,21,0,15,Yes,Yes,Trust,5
L444,4,Mechanical,9.51,3-6L,Before Counselling,23,2,5,Yes,No,Job,1
L445,4,Mechanical,6.14,<3L,After Counselling,37,3,9,Yes,Yes,Trust,8
L446,4,Mechanical,5.95,<3L,After Counselling,37,0,8,No,No,Difficulty,1
L447,3,Civil,7.59,3-6L,Before Counselling,12,3,4,Yes,No,Trust,1
L448,2,Mechanical,8.36,<3L,After Understanding,37,1,24,No,No,Difficulty,3
L449,1,CSE,5.22,6-10L,After Understanding,21,3,23,No,Yes,Time,1
L450,3,CSE,6.11,<3L,After Counselling,13,1,23,No,Yes,Job,3
L451,3,Mechanical,7.28,10L+,After Counselling,43,3,15,No,No,Difficulty,5
L452,2,ECE,6.66,6-10L,Before Counselling,33,1,12,Yes,Yes,Difficulty,2
L453,4,ECE,8.56,<3L,After Understanding,44,2,20,Yes,No,Difficulty,5
L454,1,ECE,7.56,3-6L,Before Counselling,6,4,5,No,Yes,Difficulty,6
L455,2,IT,5.8,3-6L,After Counselling,43,2,5,No,No,Difficulty,5
L456,1,Civil,9.47,3-6L,After Counselling,12,0,23,No,No,Difficulty,8
L457,2,Mechanical,6.46,3-6L,Before Counselling,38,2,22,No,No,Trust,6
L458,1,IT,8.66,3-6L,Before Counselling,30,2,9,No,No,Fee,4
L459,1,ECE,8.9,<3L,After Application,37,4,22,No,Yes,Difficulty,2
L460,1,Mechanical,9.82,<3L,After Application,18,2,16,No,Yes,Fee,8
L461,3,IT,7.49,10L+,After Understanding,16,0,17,No,No,Time,9
L462,3,CSE,8.08,<3L,Before Counselling,45,2,23,Yes,Yes,Time,8
L463,3,ECE,6.67,<3L,After Understanding,7,2,23,Yes,Yes,Job,9
L464,4,IT,8.39,<3L,After Application,46,2,5,No,Yes,Difficulty,1
L465,2,CSE,7.32,6-10L,After Understanding,1,2,11,No,Yes,Job,5
L466,2,ECE,7.19,3-6L,After Application,28,4,6,No,No,Job,3
L467,4,Civil,9.28,6-10L,Before Counselling,44,4,5,No,Yes,Job,4
L468,2,ECE,5.25,6-10L,Before Counselling,3,0,3,No,No,Job,5
L469,4,Civil,9.41,6-10L,After Understanding,43,0,19,No,Yes,Trust,1
L470,1,Civil,9.26,3-6L,Before Counselling,39,0,9,Yes,Yes,Difficulty,2
L471,4,Civil,7.53,<3L,After Understanding,10,2,16,Yes,Yes,Trust,8
L472,1,Mechanical,7.45,<3L,After Understanding,45,3,5,No,No,Job,6
L473,4,Mechanical,6.81,3-6L,After Application,14,2,14,No,Yes,Difficulty,9
L474,3,Civil,9.97,<3L,After Counselling,15,3,15,Yes,Yes,Time,2
L475,4,CSE,5.56,3-6L,After Understanding,6,0,10,Yes,Yes,Trust,6
L476,1,Civil,7.95,3-6L,After Application,39,2,7,No,No,Time,9
L477,3,IT,8.41,3-6L,After Application,45,0,13,No,Yes,Difficulty,1
L478,4,Civil,9.67,<3L,After Application,16,4,14,Yes,No,Job,8
L479,3,Mechanical,8.9,<3L,After Counselling,47,0,22,Yes,No,Difficulty,4
L480,3,Mechanical,8.22,6-10L,Before Counselling,18,2,24,No,Yes,Job,5
L481,3,IT,5.58,<3L,After Understanding,35,4,7,No,Yes,Time,5
L482,2,IT,6.87,3-6L,After Understanding,25,4,21,No,No,Difficulty,4
L483,3,ECE,5.69,3-6L,Before Counselling,33,3,23,No,Yes,Difficulty,3
L484,3,CSE,9.41,10L+,Before Counselling,33,1,20,No,Yes,Difficulty,3
L485,4,CSE,8.75,6-10L,After Application,19,4,21,Yes,No,Trust,5
L486,1,CSE,8.79,3-6L,After Application,38,1,21,No,No,Fee,1
L487,2,Mechanical,8.26,3-6L,Before Counselling,11,0,9,Yes,Yes,Trust,4
L488,4,CSE,7.54,<3L,After Understanding,39,0,6,No,No,Time,9
L489,4,ECE,5.75,<3L,Before Counselling,3,4,9,No,No,Job,2
L490,2,ECE,6.65,6-10L,Before Counselling,38,3,14,No,No,Time,1
L491,3,CSE,5.68,3-6L,After Counselling,1,0,23,No,No,Difficulty,9
L492,2,IT,8.62,3-6L,After Counselling,40,1,14,No,No,Fee,7
L493,1,ECE,5.8,<3L,After Application,25,4,6,No,No,Difficulty,5
L494,2,IT,8.51,6-10L,After Application,32,4,15,Yes,No,Trust,8
L495,2,Mechanical,8.46,<3L,After Understanding,46,3,19,No,No,Job,8
L496,3,ECE,7.3,6-10L,Before Counselling,36,4,16,No,No,Time,5
L497,1,IT,5.68,3-6L,Before Counselling,4,2,2,No,No,Trust,2
L498,4,CSE,6.57,<3L,After Counselling,23,1,8,Yes,No,Fee,3
L499,4,Mechanical,6.6,<3L,After Understanding,16,2,11,No,Yes,Trust,2
L500,3,Civil,8.5,<3L,Before Counselling,11,2,24,Yes,No,Trust,6
L501,3,Civil,5.57,6-10L,After Understanding,22,1,3,Yes,Yes,Fee,2
L502,2,CSE,9.15,6-10L,After Counselling,39,4,14,Yes,No,Time,3
L503,4,Mechanical,8.81,3-6L,Before Counselling,33,4,4,No,No,Job,4
L504,3,Mechanical,5.93,3-6L,After Counselling,41,2,9,No,No,Trust,2
L505,1,Mechanical,8.6,3-6L,After Counselling,38,1,13,No,No,Difficulty,1
L506,4,Mechanical,8.34,3-6L,After Counselling,13,0,5,Yes,No,Time,7
L507,4,Civil,8.74,3-6L,Before Counselling,21,1,22,No,No,Time,1
L508,4,IT,5.94,<3L,After Understanding,12,2,24,No,No,Fee,7
L509,3,Mechanical,5.79,6-10L,Before Counselling,26,1,9,Yes,Yes,Time,5
L510,3,IT,6.18,6-10L,After Counselling,1,1,2,Yes,No,Difficulty,2
L511,2,Mechanical,6.83,<3L,After Application,41,0,24,No,No,Time,9
L512,4,ECE,8.97,6-10L,After Understanding,22,3,4,No,No,Job,6
L513,4,ECE,8.69,3-6L,After Application,27,3,16,Yes,No,Fee,7
L514,1,ECE,9.63,<3L,After Counselling,32,0,16,Yes,Yes,Difficulty,9
L515,1,Mechanical,5.29,<3L,Before Counselling,8,1,22,Yes,No,Job,8
L516,2,IT,5.06,3-6L,After Understanding,34,2,13,No,Yes,Fee,8
L517,4,Civil,8.5,6-10L,After Application,18,0,2,No,No,Fee,3
L518,4,CSE,6.4,6-10L,Before Counselling,4,3,12,No,Yes,Job,8
L519,1,Civil,6.67,3-6L,After Understanding,1,3,20,Yes,No,Time,4
L520,3,Mechanical,7.73,<3L,After Counselling,44,0,6,No,No,Difficulty,7
L521,2,ECE,5.51,<3L,After Counselling,16,1,18,No,No,Difficulty,6
L522,4,ECE,8.21,<3L,After Counselling,30,4,3,No,Yes,Trust,1
L523,4,IT,6.63,6-10L,Before Counselling,23,2,14,No,No,Trust,4
L524,4,Mechanical,8.16,10L+,Before Counselling,31,4,4,No,No,Fee,9
L525,2,Civil,9.17,<3L,After Counselling,28,2,14,No,No,Trust,9
L526,2,Mechanical,5.86,6-10L,After Counselling,37,4,9,No,Yes,Difficulty,7
L527,2,Mechanical,9.65,3-6L,After Understanding,16,4,22,No,No,Difficulty,3
L528,1,ECE,7.65,<3L,After Application,41,2,22,Yes,No,Trust,3
L529,4,Civil,9.61,3-6L,After Understanding,9,2,14,No,Yes,Trust,8
L530,4,CSE,6.04,6-10L,After Application,2,3,4,No,No,Fee,9
L531,4,ECE,8.02,<3L,Before Counselling,46,1,10,No,No,Difficulty,3
L532,4,Civil,7.02,6-10L,After Understanding,43,1,3,No,No,Time,8
L533,3,IT,8.87,<3L,Before Counselling,2,3,9,No,Yes,Difficulty,6
L534,3,ECE,8.03,<3L,Before Counselling,32,4,2,No,No,Fee,5
L535,4,IT,7.47,<3L,After Application,16,2,22,No,Yes,Job,7
L536,4,ECE,9.56,6-10L,After Application,13,0,16,No,Yes,Trust,2
L537,2,Mechanical,6.89,3-6L,After Understanding,27,4,24,Yes,No,Job,1
L538,2,Civil,6.1,6-10L,After Understanding,31,1,9,No,Yes,Trust,2
L539,1,IT,8.04,3-6L,After Understanding,33,2,9,No,No,Trust,2
L540,4,ECE,8.12,3-6L,After Application,21,3,23,No,No,Time,4
L541,3,IT,7.2,6-10L,After Counselling,19,4,8,Yes,No,Time,2
L542,2,ECE,7.43,3-6L,After Counselling,13,0,21,No,Yes,Trust,4
L543,3,ECE,9.8,6-10L,After Application,19,4,14,No,No,Difficulty,4
L544,3,CSE,8.66,<3L,After Understanding,35,3,8,No,Yes,Fee,1
L545,2,CSE,5.55,3-6L,After Counselling,35,0,8,No,No,Fee,9
L546,1,CSE,6.06,6-10L,Before Counselling,33,4,12,No,No,Trust,3
L547,3,IT,9.88,6-10L,After Counselling,3,3,3,Yes,No,Fee,4
L548,3,Mechanical,8.63,<3L,After Counselling,21,4,12,Yes,No,Fee,3
L549,3,ECE,9.58,3-6L,After Application,40,2,20,Yes,Yes,Difficulty,1
L550,3,Civil,6.52,3-6L,After Application,23,4,2,No,Yes,Difficulty,7
L551,4,CSE,8.71,<3L,After Counselling,45,3,22,No,Yes,Trust,8
L552,3,IT,8.57,<3L,Before Counselling,45,1,18,No,No,Fee,1
L553,3,IT,6.47,<3L,Before Counselling,11,3,2,No,Yes,Trust,9
L554,4,IT,7.75,6-10L,After Understanding,4,4,14,Yes,No,Difficulty,9
L555,2,Civil,8.14,6-10L,After Counselling,4,2,7,Yes,Yes,Fee,1
L556,1,Civil,7.41,<3L,After Counselling,15,1,6,No,No,Difficulty,8
L557,1,CSE,9.14,6-10L,Before Counselling,28,3,22,Yes,No,Job,4
L558,3,Civil,9.16,<3L,After Application,36,1,3,No,No,Fee,3
L559,3,CSE,9.25,3-6L,After Counselling,8,2,11,No,No,Job,7
L560,3,Civil,9.02,6-10L,Before Counselling,24,0,22,No,No,Job,2
L561,2,Civil,7.44,6-10L,After Counselling,34,1,20,No,No,Difficulty,3
L562,1,Civil,6.91,<3L,After Application,15,3,8,No,No,Difficulty,9
L563,1,CSE,9.16,6-10L,After Understanding,23,2,23,No,No,Time,5
L564,2,ECE,7.45,3-6L,After Application,27,3,16,No,No,Fee,6
L565,3,CSE,6.23,6-10L,After Application,14,2,12,No,No,Time,3
L566,2,ECE,7.54,3-6L,Before Counselling,2,3,7,No,No,Trust,3
L567,2,IT,5.71,6-10L,Before Counselling,35,2,6,Yes,Yes,Trust,8
L568,4,IT,8.46,<3L,After Application,43,4,5,No,No,Difficulty,3
L569,2,CSE,6.68,3-6L,Before Counselling,7,3,7,Yes,No,Trust,4
L570,3,ECE,6.3,3-6L,After Application,16,2,8,No,Yes,Job,7
L571,3,ECE,9.78,3-6L,After Application,22,0,13,No,Yes,Trust,9
L572,2,ECE,8.88,3-6L,After Counselling,28,2,15,Yes,Yes,Time,3
L573,3,IT,8.94,10L+,After Application,32,0,3,No,No,Fee,6
L574,4,CSE,8.12,6-10L,After Understanding,7,1,21,No,Yes,Difficulty,3
L575,4,Mechanical,9.2,<3L,Before Counselling,22,2,24,No,No,Fee,3
L576,1,ECE,8.8,6-10L,After Understanding,43,1,4,Yes,Yes,Difficulty,6
L577,4,ECE,7.99,<3L,Before Counselling,2,1,6,No,No,Trust,1
L578,2,Mechanical,9.81,3-6L,After Application,8,4,11,No,No,Trust,1
L579,2,CSE,5.96,6-10L,After Understanding,7,2,8,Yes,No,Difficulty,4
L580,2,ECE,9.72,<3L,After Counselling,38,4,10,No,No,Fee,3
L581,4,CSE,7.01,6-10L,After Application,21,4,23,No,No,Job,7
L582,2,ECE,7.64,6-10L,After Application,43,1,19,Yes,No,Difficulty,7
L583,2,Civil,5.61,3-6L,After Application,22,3,7,No,No,Job,4
L584,3,ECE,7.7,<3L,After Counselling,35,1,11,Yes,No,Time,7
L585,2,Civil,8.06,3-6L,After Understanding,18,1,13,No,Yes,Difficulty,4
L586,1,CSE,9.99,10L+,After Application,9,0,3,No,Yes,Difficulty,8
L587,1,ECE,9.88,<3L,After Understanding,2,3,2,No,No,Job,4
L588,1,IT,9.83,3-6L,After Application,42,1,5,Yes,Yes,Job,2
L589,1,IT,6.74,<3L,After Application,42,3,16,No,No,Trust,4
L590,1,Mechanical,9.96,<3L,After Application,17,0,3,No,No,Fee,3
L591,3,IT,7.28,6-10L,After Counselling,40,3,24,No,Yes,Trust,5
L592,1,Civil,9.26,<3L,After Application,20,2,24,No,No,Trust,4
L593,2,IT,6.08,10L+,After Understanding,6,0,4,No,Yes,Job,6
L594,4,IT,7.53,3-6L,After Application,11,3,18,No,Yes,Difficulty,3
L595,2,IT,9.83,3-6L,After Understanding,5,4,3,No,No,Difficulty,3
L596,3,ECE,9.74,<3L,After Understanding,10,3,14,No,Yes,Job,4
L597,1,Mechanical,8.42,10L+,Before Counselling,23,0,9,No,No,Difficulty,3
L598,1,CSE,8.99,<3L,After Understanding,33,4,21,No,No,Fee,3
L599,1,Mechanical,5.88,3-6L,Before Counselling,40,3,20,Yes,Yes,Time,4
L600,1,Civil,8.61,<3L,After Counselling,36,3,11,No,Yes,Difficulty,8
L601,2,ECE,8.09,3-6L,After Application,39,0,8,Yes,No,Difficulty,7
L602,1,ECE,5.46,3-6L,After Counselling,47,4,5,No,No,Trust,1
L603,1,IT,5.57,3-6L,After Counselling,34,4,19,No,No,Job,4
L604,1,IT,5.54,<3L,After Understanding,17,3,4,No,No,Difficulty,6
L605,2,Civil,8.62,3-6L,After Application,26,2,16,Yes,Yes,Job,7
L606,2,ECE,5.71,6-10L,After Application,27,0,21,No,Yes,Trust,9
L607,2,CSE,7.34,3-6L,After Counselling,46,0,18,No,No,Fee,1
L608,3,Mechanical,6.78,<3L,Before Counselling,3,1,9,No,No,Time,1
L609,3,ECE,7.75,<3L,Before Counselling,19,4,22,No,No,Fee,2
L610,1,CSE,8.53,<3L,After Understanding,8,4,16,No,No,Time,4
L611,3,CSE,8.42,<3L,Before Counselling,17,1,14,Yes,No,Fee,2
L612,3,Mechanical,7.58,<3L,Before Counselling,1,3,15,Yes,No,Time,7
L613,1,CSE,7.32,3-6L,After Counselling,7,3,23,No,No,Fee,8
L614,4,Civil,6.99,<3L,Before Counselling,36,0,5,Yes,No,Job,1
L615,4,CSE,9.31,3-6L,After Application,3,3,12,No,Yes,Time,8
L616,1,Civil,6.65,10L+,After Counselling,19,2,4,No,No,Job,9
L617,2,CSE,6.3,10L+,After Counselling,42,2,20,No,No,Trust,9
L618,4,IT,8.72,6-10L,Before Counselling,27,2,14,Yes,No,Difficulty,2
L619,3,CSE,6.8,<3L,After Application,3,1,5,No,No,Trust,3
L620,1,Civil,9.23,<3L,After Application,34,2,14,No,No,Trust,9
L621,2,CSE,6.64,6-10L,Before Counselling,5,1,16,No,No,Time,8
L622,2,CSE,8.51,<3L,After Application,37,0,7,No,No,Time,4
L623,2,CSE,5.23,<3L,After Understanding,46,0,19,No,No,Trust,5
L624,3,Civil,6.93,3-6L,After Understanding,16,2,23,No,Yes,Fee,4
L625,2,CSE,6.72,<3L,Before Counselling,14,1,9,Yes,Yes,Difficulty,5
L626,2,Mechanical,9.08,6-10L,After Counselling,30,2,10,Yes,No,Job,1
L627,3,Mechanical,9.84,6-10L,After Counselling,32,3,21,No,Yes,Job,2
L628,1,Civil,7.3,6-10L,After Application,45,1,22,No,Yes,Fee,2
L629,2,IT,9.12,6-10L,After Understanding,12,1,3,No,No,Difficulty,5
L630,3,Mechanical,8.5,<3L,After Counselling,27,1,11,No,Yes,Fee,2
L631,4,ECE,9.84,6-10L,After Application,26,1,3,Yes,Yes,Job,1
L632,3,Mechanical,9.06,<3L,After Understanding,29,3,10,No,No,Fee,5
L633,3,ECE,5.39,3-6L,After Counselling,23,2,23,No,No,Time,2
L634,1,Civil,8.57,<3L,After Application,22,0,10,No,No,Job,2
L635,2,IT,7.68,6-10L,Before Counselling,20,4,14,No,No,Time,1
L636,3,ECE,5.08,10L+,Before Counselling,38,4,11,No,No,Difficulty,3
L637,2,ECE,6.26,<3L,After Counselling,46,1,8,No,Yes,Time,2
L638,2,Mechanical,9.61,<3L,After Application,16,1,14,Yes,Yes,Fee,7
L639,2,ECE,9.63,<3L,After Understanding,31,0,6,No,No,Difficulty,8
L640,1,Civil,8.99,3-6L,Before Counselling,3,4,13,No,No,Trust,9
L641,2,Civil,9.91,<3L,After Understanding,21,1,10,No,Yes,Difficulty,8
L642,2,Civil,9.03,6-10L,After Application,39,3,10,No,No,Trust,6
L643,2,Mechanical,5.05,3-6L,Before Counselling,5,4,19,Yes,No,Trust,8
L644,1,IT,6.44,3-6L,After Counselling,20,3,9,No,Yes,Difficulty,1
L645,4,Mechanical,5.15,6-10L,Before Counselling,23,0,19,Yes,Yes,Trust,9
L646,3,Civil,5.47,<3L,After Counselling,32,0,11,No,Yes,Time,8
L647,3,Mechanical,6.09,<3L,After Understanding,42,4,24,No,No,Time,3
L648,3,Civil,7.52,6-10L,Before Counselling,9,2,2,No,Yes,Difficulty,2
L649,2,CSE,9.24,6-10L,After Application,3,4,22,Yes,No,Trust,9
L650,1,CSE,9.31,<3L,After Understanding,27,3,22,No,No,Fee,3
L651,3,ECE,8.08,<3L,After Understanding,27,2,11,No,Yes,Difficulty,6
L652,3,IT,9.64,<3L,After Counselling,10,3,6,No,No,Trust,2
L653,3,CSE,7.5,<3L,After Application,16,3,19,No,No,Trust,5
L654,2,Civil,9.45,<3L,After Understanding,24,3,20,No,No,Trust,6
L655,1,Mechanical,7.27,3-6L,Before Counselling,23,1,14,No,No,Fee,9
L656,2,Mechanical,6.39,6-10L,After Counselling,9,2,7,No,Yes,Time,4
L657,2,ECE,9.58,<3L,After Application,2,1,18,No,No,Job,9
L658,3,Mechanical,6.94,3-6L,After Counselling,6,1,23,No,No,Fee,7
L659,3,CSE,7.52,<3L,After Counselling,37,3,15,No,No,Job,9
L660,2,Mechanical,6.64,3-6L,After Understanding,35,0,7,No,No,Time,3
L661,4,CSE,8.31,3-6L,Before Counselling,7,4,24,No,No,Trust,9
L662,3,CSE,9.98,6-10L,Before Counselling,15,0,17,Yes,No,Job,7
L663,2,IT,5.13,<3L,After Application,21,3,10,No,No,Job,7
L664,1,ECE,9.5,<3L,After Application,38,4,5,Yes,Yes,Fee,6
L665,1,Civil,5.02,3-6L,Before Counselling,36,4,19,Yes,Yes,Time,2
L666,2,CSE,6.82,<3L,After Counselling,23,3,6,Yes,No,Difficulty,7
L667,1,ECE,5.84,<3L,After Counselling,29,1,2,No,No,Job,8
L668,1,Civil,8.79,<3L,Before Counselling,13,4,16,Yes,Yes,Fee,1
L669,2,Mechanical,5.25,3-6L,After Understanding,5,4,13,No,No,Trust,8
L670,1,ECE,7.77,<3L,After Counselling,47,4,15,No,No,Time,8
L671,4,ECE,6.47,10L+,Before Counselling,39,4,22,No,No,Trust,5
L672,1,ECE,5.67,3-6L,After Understanding,39,2,13,No,No,Trust,4
L673,3,Mechanical,8.86,<3L,After Counselling,42,1,14,Yes,No,Difficulty,2
L674,2,Mechanical,6.09,3-6L,After Application,45,2,4,No,No,Job,3
L675,4,ECE,6.12,<3L,After Counselling,43,2,15,Yes,Yes,Difficulty,3
L676,1,IT,6.38,3-6L,After Counselling,1,3,24,Yes,Yes,Fee,6
L677,2,CSE,7.93,3-6L,Before Counselling,20,1,8,No,Yes,Difficulty,6
L678,4,Mechanical,8.3,3-6L,After Counselling,43,0,4,No,No,Fee,9
L679,4,IT,5.09,6-10L,After Counselling,1,1,22,No,Yes,Job,8
L680,4,Mechanical,6.21,<3L,After Understanding,35,0,10,No,No,Job,9
L681,2,ECE,7.15,10L+,Before Counselling,40,4,5,No,No,Difficulty,1
L682,1,IT,6.66,6-10L,After Understanding,45,0,3,No,No,Trust,1
L683,3,Civil,9.42,<3L,After Application,7,0,4,No,No,Difficulty,4
L684,4,CSE,8.94,<3L,After Counselling,35,0,2,No,Yes,Time,5
L685,3,CSE,8.13,<3L,Before Counselling,34,4,6,No,Yes,Job,7
L686,3,Mechanical,6.69,<3L,After Application,5,4,10,No,No,Time,3
L687,2,CSE,8.5,3-6L,Before Counselling,29,2,19,Yes,No,Time,1
L688,3,Civil,9.22,<3L,After Counselling,27,0,14,No,No,Time,8
L689,1,IT,7.97,10L+,Before Counselling,7,1,20,No,No,Trust,5
L690,2,IT,8.92,<3L,Before Counselling,1,3,20,No,No,Job,5
L691,2,ECE,8.75,<3L,After Understanding,9,2,8,No,No,Job,6
L692,3,IT,7.86,<3L,Before Counselling,47,0,8,Yes,No,Job,9
L693,2,Mechanical,6.56,<3L,Before Counselling,1,2,16,No,Yes,Difficulty,2
L694,1,Civil,8.73,6-10L,After Understanding,27,0,18,No,No,Fee,4
L695,3,ECE,6.03,3-6L,After Counselling,17,0,4,No,No,Job,4
L696,2,Mechanical,8.9,<3L,After Application,32,2,18,Yes,No,Trust,7
L697,3,Mechanical,9.02,6-10L,After Understanding,41,0,24,No,No,Trust,6
L698,1,Mechanical,9.11,6-10L,After Counselling,30,0,15,Yes,Yes,Fee,6
L699,2,CSE,7.36,6-10L,After Counselling,15,3,6,No,No,Difficulty,1
L700,3,Mechanical,5.96,6-10L,After Application,42,1,8,No,No,Trust,9
L701,1,CSE,5.5,3-6L,After Counselling,28,4,20,Yes,No,Fee,7
L702,2,IT,8.72,3-6L,After Understanding,3,3,20,No,Yes,Trust,3
L703,1,CSE,9.43,<3L,After Counselling,28,4,2,No,Yes,Fee,4
L704,1,Mechanical,8.25,<3L,After Application,5,4,22,No,Yes,Trust,1
L705,4,Civil,5.72,3-6L,After Application,2,1,24,No,No,Difficulty,2
L706,2,Civil,9.67,6-10L,After Understanding,38,3,20,No,Yes,Difficulty,6
L707,4,IT,9.95,3-6L,After Understanding,16,0,22,No,No,Trust,7
L708,2,Mechanical,7.17,10L+,After Counselling,44,1,18,No,Yes,Trust,5
L709,3,CSE,7.97,<3L,After Application,17,0,24,No,No,Time,2
L710,3,Civil,8.89,3-6L,After Application,12,0,16,Yes,No,Job,7
L711,3,ECE,8.68,3-6L,After Counselling,26,0,9,No,No,Difficulty,7
L712,2,Mechanical,9.84,3-6L,After Application,7,0,9,Yes,No,Trust,3
L713,2,Mechanical,5.57,3-6L,After Understanding,24,3,2,No,Yes,Job,1
L714,2,ECE,7.9,<3L,After Understanding,16,4,21,No,Yes,Trust,1
L715,4,Civil,8.46,<3L,After Counselling,18,4,10,No,No,Job,8
L716,4,ECE,9.45,10L+,After Counselling,8,3,3,No,No,Job,7
L717,4,IT,9.37,<3L,After Counselling,27,4,2,Yes,No,Difficulty,4
L718,1,CSE,9.89,3-6L,After Understanding,26,1,17,No,No,Time,4
L719,3,CSE,7.56,3-6L,After Understanding,31,0,23,No,No,Fee,1
L720,4,Civil,9.15,<3L,After Application,18,0,14,No,No,Trust,1
L721,1,ECE,7.14,6-10L,After Understanding,2,0,12,No,No,Job,1
L722,1,Mechanical,7.11,6-10L,After Counselling,41,2,2,No,No,Time,8
L723,3,Mechanical,6.27,10L+,Before Counselling,23,1,7,Yes,No,Job,2
L724,3,Mechanical,9.09,<3L,Before Counselling,42,2,2,Yes,No,Trust,7
L725,4,IT,9.93,3-6L,Before Counselling,22,3,7,No,Yes,Fee,7
L726,1,IT,6.28,6-10L,Before Counselling,33,2,10,No,No,Difficulty,7
L727,3,Mechanical,5.28,10L+,Before Counselling,18,4,14,No,Yes,Fee,5
L728,2,Civil,9.08,10L+,After Understanding,15,4,17,No,No,Difficulty,6
L729,1,IT,8.1,6-10L,After Counselling,41,1,22,No,No,Job,8
L730,1,IT,9.8,<3L,After Counselling,3,2,21,Yes,Yes,Time,4
L731,4,CSE,6.26,<3L,After Application,23,2,5,No,No,Difficulty,3
L732,3,CSE,5.36,6-10L,After Counselling,47,0,21,No,No,Job,2
L733,3,Civil,7.46,6-10L,After Application,2,1,12,Yes,No,Trust,4
L734,2,IT,5.43,6-10L,After Counselling,42,0,14,No,Yes,Trust,1
L735,4,IT,6.31,<3L,After Application,4,1,2,Yes,No,Time,4
L736,2,ECE,5.63,3-6L,After Application,26,1,4,No,No,Time,4
L737,4,Civil,6.12,<3L,After Counselling,19,2,12,No,Yes,Trust,9
L738,2,Civil,5.53,3-6L,Before Counselling,10,0,21,No,Yes,Trust,9
L739,2,ECE,9.77,<3L,After Counselling,22,3,9,Yes,No,Difficulty,6
L740,2,ECE,6.39,10L+,After Counselling,6,0,2,No,No,Time,3
L741,2,CSE,7.22,<3L,Before Counselling,1,3,20,Yes,No,Trust,9
L742,3,Civil,9.49,3-6L,After Counselling,43,4,15,Yes,No,Difficulty,6
L743,3,Civil,8.39,<3L,After Application,16,1,19,No,No,Job,9
L744,2,ECE,8.09,3-6L,Before Counselling,7,0,7,Yes,No,Time,9
L745,4,Mechanical,8.53,3-6L,Before Counselling,24,1,10,Yes,No,Time,4
L746,2,Mechanical,9.14,10L+,After Understanding,35,0,10,No,No,Trust,3
L747,3,CSE,9.39,<3L,After Application,14,4,16,Yes,Yes,Trust,1
L748,4,Mechanical,8.21,<3L,After Application,4,0,6,No,Yes,Trust,5
L749,3,Mechanical,9.45,6-10L,After Counselling,41,4,20,No,No,Trust,4
L750,1,Mechanical,7.68,<3L,After Counselling,15,1,10,Yes,No,Fee,3
L751,4,IT,6.39,<3L,After Application,44,2,10,No,Yes,Trust,8
L752,3,CSE,9.4,3-6L,After Application,23,3,18,No,No,Job,7
L753,2,ECE,7.71,3-6L,After Application,19,1,16,No,No,Trust,2
L754,1,Mechanical,9.53,<3L,After Counselling,14,2,22,No,No,Trust,9
L755,3,IT,5.2,<3L,After Application,27,1,11,No,Yes,Job,8
L756,3,Mechanical,6.99,6-10L,After Application,36,1,10,No,No,Difficulty,4
L757,3,IT,9.74,3-6L,Before Counselling,38,0,20,Yes,No,Job,4
L758,4,CSE,6.25,<3L,After Application,22,4,8,Yes,No,Time,7
L759,3,Mechanical,9.71,<3L,After Understanding,11,4,14,No,No,Job,7
L760,1,IT,9.77,3-6L,After Counselling,4,0,3,No,Yes,Time,4
L761,2,Civil,9.41,<3L,Before Counselling,32,0,19,No,No,Fee,1
L762,2,Civil,7.82,6-10L,After Application,40,1,22,No,No,Job,6
L763,3,IT,8.23,3-6L,After Application,41,4,9,No,Yes,Difficulty,6
L764,1,Mechanical,9.35,3-6L,Before Counselling,24,1,22,Yes,Yes,Fee,3
L765,3,Mechanical,8.88,10L+,Before Counselling,34,2,9,No,Yes,Trust,5
L766,3,CSE,8.15,<3L,Before Counselling,3,2,21,No,Yes,Difficulty,8
L767,4,CSE,9.91,<3L,After Understanding,38,0,10,Yes,No,Job,4
L768,2,ECE,8.43,3-6L,After Understanding,2,4,14,No,No,Job,9
L769,4,CSE,9.88,3-6L,Before Counselling,23,2,21,Yes,No,Difficulty,5
L770,1,Mechanical,5.29,<3L,After Application,40,4,22,Yes,Yes,Trust,5
L771,4,ECE,5.69,<3L,After Counselling,20,4,13,No,No,Trust,7
L772,1,CSE,7.26,<3L,After Understanding,8,3,8,No,No,Fee,1
L773,2,IT,6.92,<3L,After Counselling,35,2,22,No,No,Difficulty,6
L774,3,Civil,8.91,6-10L,After Counselling,43,2,24,No,Yes,Time,2
L775,1,CSE,5.8,3-6L,After Understanding,3,1,14,No,No,Difficulty,3
L776,2,CSE,9.88,3-6L,After Counselling,32,1,14,Yes,No,Trust,8
L777,3,IT,6.58,<3L,After Application,31,4,5,Yes,No,Trust,4
L778,3,Mechanical,7.14,<3L,After Understanding,44,0,3,Yes,No,Fee,7
L779,3,IT,6.37,<3L,After Understanding,46,1,3,No,Yes,Difficulty,5
L780,3,CSE,7.9,<3L,After Counselling,31,1,6,Yes,Yes,Job,2
L781,3,Mechanical,5.29,<3L,After Counselling,1,4,3,No,Yes,Time,1
L782,2,ECE,5.75,<3L,Before Counselling,12,2,16,No,No,Difficulty,5
L783,2,CSE,8.73,3-6L,After Understanding,18,1,3,Yes,No,Time,4
L784,1,IT,5.93,6-10L,After Counselling,24,0,3,No,No,Difficulty,6
L785,4,ECE,6.18,<3L,After Application,36,4,21,Yes,Yes,Trust,3
L786,3,Civil,8.96,10L+,After Understanding,29,2,9,No,No,Time,2
L787,2,ECE,5.47,6-10L,Before Counselling,25,3,24,Yes,No,Difficulty,3
L788,2,IT,7.19,10L+,After Application,23,0,6,No,Yes,Job,4
L789,4,ECE,5.12,6-10L,Before Counselling,3,2,17,No,No,Trust,6
L790,1,IT,6.73,3-6L,Before Counselling,30,4,24,Yes,No,Job,9
L791,3,CSE,8.49,3-6L,After Application,17,3,23,No,No,Fee,2
L792,3,Mechanical,5.45,<3L,Before Counselling,45,0,15,No,Yes,Fee,6
L793,3,Civil,9.44,6-10L,Before Counselling,30,1,9,No,No,Fee,9
L794,1,Mechanical,9.55,3-6L,Before Counselling,19,1,24,No,No,Trust,2
L795,4,Mechanical,5.52,3-6L,Before Counselling,5,0,22,No,No,Job,1
L796,4,Mechanical,9.95,3-6L,Before Counselling,40,1,23,No,Yes,Difficulty,8
L797,3,IT,6.49,3-6L,After Understanding,34,4,12,Yes,Yes,Trust,4
L798,3,IT,5.42,3-6L,After Counselling,9,0,12,No,No,Difficulty,2
L799,4,Civil,5.03,<3L,After Understanding,39,0,9,No,Yes,Trust,8
L800,3,IT,7.04,6-10L,After Understanding,44,1,24,No,No,Time,5
L801,1,IT,8.15,6-10L,After Counselling,26,0,17,No,Yes,Fee,8
L802,3,IT,6.66,6-10L,After Counselling,5,3,22,Yes,No,Fee,4
L803,3,IT,9.18,6-10L,After Application,24,0,9,No,No,Time,4
L804,2,CSE,8.58,<3L,Before Counselling,31,1,21,No,No,Job,5
L805,3,Civil,6.75,10L+,After Counselling,24,1,23,Yes,No,Fee,1
L806,4,IT,8.67,<3L,After Application,21,1,21,No,No,Fee,3
L807,4,Civil,9.7,6-10L,After Application,22,1,13,No,Yes,Job,8
L808,2,ECE,5.47,<3L,After Understanding,38,4,6,No,No,Job,4
L809,1,CSE,6.53,3-6L,After Application,22,1,4,No,No,Time,1
L810,4,IT,7.32,6-10L,Before Counselling,21,3,19,No,Yes,Fee,6
L811,4,CSE,7.49,3-6L,After Understanding,30,0,2,No,No,Time,6
L812,1,CSE,7.71,3-6L,After Counselling,47,2,20,No,No,Trust,2
L813,4,ECE,6.5,3-6L,After Understanding,10,2,14,No,No,Job,8
L814,4,Civil,8.34,3-6L,After Understanding,3,4,12,No,No,Job,4
L815,3,CSE,8.23,<3L,Before Counselling,39,2,2,No,Yes,Fee,8
L816,3,Mechanical,7.89,3-6L,Before Counselling,29,1,23,No,Yes,Difficulty,8
L817,2,ECE,5.57,<3L,After Understanding,25,2,19,Yes,Yes,Time,3
L818,1,Mechanical,7.38,3-6L,After Counselling,2,3,20,No,No,Job,5
L819,2,ECE,6.78,<3L,Before Counselling,13,1,14,No,Yes,Job,8
L820,4,Mechanical,7.46,3-6L,After Understanding,27,2,9,No,No,Fee,1
L821,1,Mechanical,9.61,3-6L,Before Counselling,29,1,22,No,No,Fee,4
L822,2,CSE,7.4,<3L,Before Counselling,14,4,19,No,No,Difficulty,3
L823,2,CSE,5.07,3-6L,After Application,4,3,3,No,No,Trust,6
L824,3,ECE,7.19,3-6L,After Counselling,8,0,20,Yes,No,Trust,8
L825,4,Civil,9.1,10L+,After Understanding,5,1,20,No,Yes,Fee,9
L826,2,CSE,8.9,6-10L,After Understanding,44,3,6,No,No,Difficulty,7
L827,2,CSE,7.57,6-10L,After Application,27,4,9,No,Yes,Fee,3
L828,3,IT,6.25,3-6L,After Understanding,24,4,21,No,No,Trust,5
L829,2,CSE,7.33,<3L,After Understanding,44,3,4,No,Yes,Time,5
L830,2,Civil,7.82,<3L,After Application,43,2,3,No,No,Job,1
L831,2,IT,10.0,<3L,After Application,34,3,7,Yes,Yes,Job,2
L832,1,Mechanical,8.22,6-10L,After Understanding,28,2,17,No,Yes,Difficulty,7
L833,1,Mechanical,8.47,<3L,After Application,24,2,16,No,Yes,Trust,4
L834,2,IT,7.46,3-6L,Before Counselling,5,3,5,No,Yes,Difficulty,3
L835,2,IT,6.77,<3L,Before Counselling,13,4,3,Yes,No,Difficulty,4
L836,4,IT,9.06,<3L,Before Counselling,18,0,15,Yes,No,Difficulty,7
L837,2,ECE,7.47,<3L,Before Counselling,17,0,7,No,Yes,Job,4
L838,3,Civil,9.97,3-6L,After Application,30,3,21,No,Yes,Difficulty,9
L839,3,Civil,7.29,3-6L,After Counselling,38,1,21,No,No,Trust,7
L840,1,Mechanical,5.34,3-6L,After Counselling,19,3,5,Yes,No,Trust,2
L841,3,Mechanical,8.41,3-6L,After Understanding,22,0,21,No,No,Time,4
L842,1,Mechanical,5.23,6-10L,After Counselling,18,3,2,Yes,No,Trust,4
L843,4,CSE,6.25,6-10L,Before Counselling,26,4,15,No,No,Job,3
L844,1,Mechanical,6.77,6-10L,After Application,15,0,4,No,Yes,Trust,1
L845,2,IT,8.7,3-6L,Before Counselling,28,0,22,Yes,No,Fee,9
L846,1,Mechanical,7.47,<3L,Before Counselling,30,0,22,No,Yes,Difficulty,5
L847,4,IT,5.14,10L+,After Application,28,4,5,No,No,Time,9
L848,3,ECE,8.08,<3L,Before Counselling,20,0,21,No,No,Fee,8
L849,3,CSE,7.06,<3L,Before Counselling,4,1,24,No,Yes,Trust,7
L850,1,CSE,9.61,3-6L,After Application,4,0,15,Yes,Yes,Trust,1
L851,3,Civil,7.5,3-6L,After Application,37,3,21,Yes,No,Difficulty,4
L852,2,ECE,8.54,<3L,After Understanding,15,1,20,No,No,Difficulty,4
L853,4,IT,6.09,6-10L,After Understanding,34,2,10,No,No,Job,4
L854,2,ECE,8.8,3-6L,Before Counselling,11,0,15,No,No,Time,8
L855,1,CSE,8.6,3-6L,After Understanding,23,2,5,No,Yes,Job,6
L856,1,IT,9.52,3-6L,After Counselling,35,2,5,Yes,No,Trust,1
L857,2,ECE,5.17,3-6L,After Counselling,43,4,13,No,No,Time,4
L858,3,CSE,7.24,<3L,Before Counselling,35,3,9,No,No,Time,7
L859,1,IT,8.4,<3L,After Understanding,11,3,17,Yes,Yes,Job,9
L860,3,IT,5.48,<3L,Before Counselling,2,2,12,Yes,No,Trust,2
L861,2,CSE,7.05,6-10L,After Understanding,15,4,8,Yes,No,Trust,2
L862,3,IT,9.71,3-6L,After Application,40,1,21,Yes,No,Job,5
L863,2,CSE,7.18,3-6L,After Application,28,0,15,Yes,Yes,Time,5
L864,2,Mechanical,9.93,3-6L,After Application,31,1,11,No,Yes,Time,7
L865,3,Mechanical,5.28,3-6L,After Application,32,0,3,Yes,No,Fee,4
L866,1,IT,8.59,<3L,Before Counselling,34,2,14,No,No,Job,4
L867,1,IT,7.91,<3L,Before Counselling,22,4,10,No,No,Trust,2
L868,4,CSE,7.5,6-10L,Before Counselling,29,4,19,No,Yes,Fee,2
L869,4,IT,9.85,3-6L,After Counselling,8,3,11,No,No,Job,4
L870,2,Civil,5.65,3-6L,After Application,22,3,15,No,No,Time,2
L871,2,Mechanical,9.48,3-6L,After Application,12,1,4,No,Yes,Difficulty,2
L872,3,IT,8.46,6-10L,After Application,23,3,23,No,Yes,Job,4
L873,2,IT,6.29,3-6L,After Understanding,38,0,8,No,No,Time,3
L874,1,ECE,9.51,<3L,After Understanding,2,4,12,Yes,No,Difficulty,4
L875,1,IT,7.15,6-10L,After Counselling,12,4,7,No,No,Trust,7
L876,3,Civil,9.07,<3L,After Counselling,21,2,16,No,No,Difficulty,3
L877,3,Mechanical,6.94,<3L,After Understanding,12,2,16,Yes,No,Trust,1
L878,1,ECE,9.25,<3L,After Understanding,45,1,9,No,No,Difficulty,4
L879,2,CSE,8.18,6-10L,Before Counselling,31,2,22,No,No,Time,7
L880,2,CSE,5.71,6-10L,Before Counselling,9,0,14,No,No,Fee,2
L881,3,Mechanical,8.25,6-10L,After Understanding,15,3,13,Yes,No,Trust,2
L882,1,CSE,5.96,10L+,After Application,32,3,13,No,No,Job,6
L883,1,Civil,7.06,<3L,After Understanding,43,1,10,No,Yes,Difficulty,5
L884,3,IT,5.85,3-6L,Before Counselling,9,3,21,No,No,Job,4
L885,1,Mechanical,5.11,3-6L,After Counselling,24,4,18,No,Yes,Trust,6
L886,3,ECE,6.06,10L+,After Understanding,8,3,16,No,Yes,Trust,9
L887,2,IT,7.68,<3L,After Understanding,28,2,14,No,Yes,Difficulty,4
L888,1,CSE,7.41,10L+,After Application,18,4,15,No,No,Job,5
L889,2,CSE,7.51,<3L,After Counselling,43,2,9,Yes,No,Fee,9
L890,3,ECE,6.24,6-10L,After Application,37,2,22,No,No,Fee,1
L891,4,Civil,8.43,3-6L,After Counselling,36,1,14,Yes,No,Fee,3
L892,4,ECE,8.52,6-10L,After Application,37,1,4,No,Yes,Fee,1
L893,2,Mechanical,6.79,<3L,After Counselling,32,4,9,No,No,Fee,5
L894,3,ECE,9.41,<3L,After Understanding,21,3,7,No,No,Difficulty,5
L895,2,CSE,8.22,<3L,After Understanding,39,0,12,No,No,Fee,3
L896,2,Civil,8.57,3-6L,After Understanding,29,3,11,No,No,Trust,5
L897,4,Civil,6.39,3-6L,Before Counselling,18,4,9,No,No,Trust,1
L898,1,ECE,5.0,10L+,After Counselling,23,0,9,No,No,Difficulty,2
L899,1,Mechanical,9.33,3-6L,After Counselling,33,2,24,No,No,Fee,2
L900,2,CSE,9.11,<3L,After Application,9,2,8,No,No,Difficulty,1
L901,1,IT,5.62,<3L,Before Counselling,44,0,20,No,No,Difficulty,6
L902,1,Civil,6.87,<3L,After Application,43,2,24,Yes,Yes,Time,7
L903,3,ECE,8.31,6-10L,Before Counselling,38,3,13,Yes,No,Trust,2
L904,2,Mechanical,8.26,6-10L,After Application,4,1,4,No,No,Job,1
L905,4,Mechanical,9.3,10L+,Before Counselling,16,3,12,No,No,Difficulty,5
L906,4,CSE,5.7,3-6L,After Application,3,2,14,Yes,Yes,Difficulty,9
L907,2,Civil,7.15,<3L,After Application,8,1,17,No,No,Difficulty,7
L908,2,CSE,5.49,<3L,Before Counselling,16,3,10,No,No,Fee,5
L909,2,IT,6.95,3-6L,After Counselling,2,2,17,No,No,Job,5
L910,3,IT,5.08,10L+,After Application,45,3,6,No,Yes,Fee,9
L911,2,IT,9.49,<3L,Before Counselling,19,2,9,Yes,No,Fee,6
L912,3,Mechanical,7.64,<3L,Before Counselling,24,4,13,Yes,Yes,Job,6
L913,2,Civil,9.25,6-10L,After Counselling,16,0,4,Yes,Yes,Time,3
L914,3,CSE,5.3,3-6L,After Counselling,40,2,4,No,Yes,Trust,3
L915,2,CSE,6.14,<3L,After Counselling,2,3,14,No,Yes,Trust,9
L916,2,IT,6.3,6-10L,After Counselling,32,2,4,Yes,Yes,Trust,9
L917,4,Civil,6.93,<3L,After Application,1,2,10,Yes,No,Fee,5
L918,3,Civil,9.01,10L+,After Application,18,3,24,No,No,Fee,6
L919,1,ECE,6.93,<3L,After Understanding,39,3,2,No,Yes,Fee,7
L920,4,Civil,6.02,<3L,After Application,32,1,7,No,No,Time,9
L921,2,Civil,5.32,<3L,After Understanding,9,2,20,Yes,No,Fee,7
L922,4,CSE,5.4,<3L,After Understanding,3,4,17,No,No,Job,5
L923,3,Civil,8.8,3-6L,After Application,24,0,2,No,Yes,Fee,8
L924,2,Civil,7.22,3-6L,After Understanding,11,2,11,No,Yes,Fee,9
L925,1,CSE,8.63,3-6L,After Counselling,28,3,3,No,No,Difficulty,3
L926,2,Civil,8.41,3-6L,After Understanding,16,1,4,Yes,No,Job,3
L927,3,CSE,5.68,<3L,After Application,29,2,8,No,No,Difficulty,5
L928,3,ECE,5.71,<3L,Before Counselling,41,4,7,No,No,Difficulty,2
L929,2,Mechanical,8.78,10L+,After Application,12,3,16,No,No,Fee,8
L930,1,CSE,8.61,6-10L,Before Counselling,46,4,3,No,Yes,Time,5
L931,4,CSE,6.89,<3L,Before Counselling,4,4,22,No,No,Job,5
L932,4,Civil,5.39,3-6L,After Understanding,26,0,18,No,No,Fee,6
L933,3,CSE,5.06,3-6L,After Understanding,4,0,20,No,Yes,Trust,8
L934,1,IT,6.44,<3L,Before Counselling,11,2,15,Yes,Yes,Trust,8
L935,2,IT,5.05,3-6L,After Understanding,2,0,18,Yes,No,Time,8
L936,1,ECE,6.15,3-6L,After Counselling,31,2,20,No,Yes,Job,1
L937,4,CSE,7.1,<3L,After Application,3,2,3,No,No,Job,1
L938,1,Civil,5.61,<3L,After Understanding,25,3,17,Yes,No,Difficulty,1
L939,3,Civil,5.52,6-10L,Before Counselling,34,3,21,No,No,Trust,8
L940,2,Mechanical,9.48,<3L,Before Counselling,1,1,22,No,No,Trust,4
L941,3,ECE,7.93,<3L,After Application,5,0,17,No,No,Trust,3
L942,3,Civil,9.67,6-10L,After Understanding,39,1,4,No,No,Job,2
L943,4,Mechanical,6.73,6-10L,After Understanding,31,4,15,Yes,No,Fee,9
L944,2,Civil,8.39,<3L,Before Counselling,36,2,22,Yes,No,Trust,4
L945,1,Mechanical,6.02,6-10L,After Application,3,2,8,No,Yes,Trust,8
L946,1,IT,8.09,3-6L,Before Counselling,38,3,11,No,No,Time,1
L947,4,IT,5.65,<3L,After Application,12,4,10,Yes,No,Difficulty,1
L948,4,Civil,5.01,3-6L,After Understanding,16,2,9,No,No,Time,6
L949,3,ECE,9.66,6-10L,After Understanding,8,2,16,No,No,Fee,9
L950,3,CSE,7.77,<3L,After Application,11,4,13,No,Yes,Time,1
L951,3,ECE,9.63,3-6L,Before Counselling,45,4,7,No,No,Time,5
L952,1,ECE,6.67,3-6L,Before Counselling,14,2,16,Yes,Yes,Trust,9
L953,4,CSE,6.64,3-6L,Before Counselling,27,4,16,No,No,Trust,8
L954,2,IT,7.0,3-6L,After Application,18,0,9,No,No,Difficulty,8
L955,2,IT,8.53,3-6L,After Application,8,4,13,Yes,No,Difficulty,9
L956,3,CSE,7.83,<3L,Before Counselling,33,1,21,No,No,Time,7
L957,1,Mechanical,9.63,3-6L,Before Counselling,4,1,3,Yes,No,Job,9
L958,1,ECE,5.13,3-6L,After Application,30,2,10,No,No,Job,8
L959,3,Civil,8.54,6-10L,After Application,20,2,23,No,Yes,Difficulty,6
L960,1,IT,6.65,3-6L,Before Counselling,30,3,9,No,Yes,Fee,5
L961,3,Civil,5.9,3-6L,Before Counselling,27,4,9,No,No,Difficulty,3
L962,2,CSE,7.55,10L+,After Understanding,25,1,5,No,Yes,Time,3
L963,2,Civil,7.53,<3L,After Counselling,6,3,6,No,No,Job,7
L964,2,Civil,5.69,<3L,After Application,5,2,18,No,No,Time,1
L965,2,ECE,6.01,<3L,After Counselling,14,0,8,No,No,Fee,6
L966,3,CSE,7.04,<3L,After Application,14,4,2,No,No,Trust,5
L967,2,Civil,7.04,3-6L,After Understanding,34,3,11,No,Yes,Difficulty,1
L968,3,IT,6.59,<3L,After Application,41,0,15,No,Yes,Trust,5
L969,2,CSE,5.74,<3L,After Application,25,2,20,Yes,No,Job,3
L970,3,IT,5.02,<3L,After Counselling,39,1,10,Yes,No,Fee,6
L971,4,Mechanical,9.85,3-6L,After Understanding,18,3,12,Yes,Yes,Time,1
L972,3,Civil,9.72,6-10L,After Understanding,20,3,13,No,Yes,Difficulty,9
L973,2,CSE,7.42,6-10L,After Understanding,43,2,2,No,No,Job,2
L974,1,IT,9.98,<3L,After Understanding,8,2,23,Yes,No,Fee,8
L975,2,Civil,8.37,3-6L,After Application,26,1,22,No,Yes,Time,6
L976,3,ECE,5.34,<3L,After Counselling,21,1,21,No,Yes,Time,3
L977,1,IT,5.59,<3L,After Understanding,27,1,18,Yes,Yes,Job,2
L978,2,IT,9.58,6-10L,Before Counselling,32,0,24,Yes,No,Time,9
L979,3,Mechanical,8.15,3-6L,After Understanding,42,0,2,Yes,No,Trust,2
L980,2,ECE,9.22,<3L,After Counselling,17,2,2,Yes,No,Trust,4
L981,3,Mechanical,9.49,3-6L,After Counselling,1,3,19,No,Yes,Fee,2
L982,1,ECE,7.24,<3L,After Counselling,27,0,10,No,Yes,Trust,5
L983,1,IT,5.24,<3L,After Counselling,36,2,18,Yes,Yes,Job,2
L984,3,Mechanical,5.94,3-6L,Before Counselling,11,0,14,Yes,No,Fee,1
L985,2,Civil,5.33,<3L,After Understanding,41,1,18,No,No,Difficulty,3
L986,3,ECE,5.94,10L+,After Application,41,2,12,No,No,Time,4
L987,2,IT,7.05,3-6L,After Application,35,1,18,No,No,Trust,5
L988,2,CSE,5.59,6-10L,Before Counselling,38,4,10,No,Yes,Difficulty,4
L989,4,ECE,5.83,6-10L,After Understanding,38,3,15,No,Yes,Time,2
L990,3,ECE,7.23,3-6L,After Understanding,42,1,2,No,No,Job,2
L991,3,Civil,6.7,3-6L,After Application,42,3,24,No,No,Difficulty,2
L992,2,ECE,7.34,<3L,Before Counselling,47,2,9,Yes,No,Fee,6
L993,3,ECE,7.15,3-6L,After Application,36,4,3,No,No,Job,3
L994,2,Civil,8.22,<3L,Before Counselling,10,3,5,Yes,Yes,Trust,3
L995,1,Civil,9.69,<3L,After Counselling,40,0,19,No,No,Difficulty,6
L996,4,Mechanical,5.54,3-6L,After Understanding,1,2,14,No,Yes,Job,1
L997,1,IT,5.5,6-10L,After Understanding,22,4,15,No,No,Job,6
L998,4,IT,9.26,10L+,After Understanding,17,0,23,Yes,No,Difficulty,5
L999,2,Mechanical,7.53,<3L,After Understanding,12,0,22,No,No,Trust,3
L1000,1,IT,8.83,3-6L,After Understanding,44,4,12,No,Yes,Job,9
L1001,3,ECE,6.08,6-10L,After Understanding,13,1,12,No,Yes,Difficulty,8
L1002,4,Mechanical,9.14,<3L,After Counselling,25,4,22,No,Yes,Job,3
L1003,3,Mechanical,9.62,<3L,After Understanding,26,4,9,No,No,Fee,5
L1004,4,IT,8.18,<3L,After Counselling,46,4,13,No,No,Difficulty,1
L1005,3,CSE,5.53,6-10L,After Understanding,40,3,2,Yes,No,Difficulty,5
L1006,3,IT,9.48,<3L,After Understanding,46,1,17,No,No,Job,2
L1007,4,CSE,8.96,<3L,Before Counselling,39,2,19,No,No,Difficulty,4
L1008,2,Mechanical,8.75,3-6L,After Understanding,43,0,2,No,Yes,Fee,3
L1009,2,CSE,5.18,6-10L,After Application,33,3,21,No,Yes,Trust,9
L1010,2,ECE,8.99,10L+,Before Counselling,8,1,19,No,No,Fee,5
L1011,4,Civil,5.69,3-6L,Before Counselling,13,4,11,Yes,Yes,Difficulty,8
L1012,4,CSE,6.11,10L+,Before Counselling,26,3,12,No,Yes,Difficulty,1
L1013,1,Civil,7.89,<3L,After Application,17,3,24,Yes,Yes,Job,6
L1014,3,ECE,6.32,<3L,After Counselling,24,0,17,No,Yes,Time,7
L1015,4,Civil,8.31,10L+,Before Counselling,24,2,6,Yes,No,Time,4
L1016,1,ECE,8.04,3-6L,Before Counselling,12,1,22,No,Yes,Trust,7
L1017,3,Civil,5.54,<3L,Before Counselling,31,1,2,No,No,Job,6
L1018,4,Civil,8.28,3-6L,After Understanding,16,1,19,Yes,No,Fee,6
L1019,1,IT,9.62,6-10L,After Counselling,42,4,22,No,No,Job,3
L1020,3,CSE,5.81,6-10L,After Application,16,4,8,Yes,Yes,Job,3
L1021,2,Civil,7.99,6-10L,After Application,30,3,2,No,No,Fee,2
L1022,4,Mechanical,6.71,3-6L,After Counselling,28,2,24,No,No,Job,3
L1023,4,IT,7.3,6-10L,After Counselling,3,0,3,No,No,Difficulty,7
L1024,4,CSE,6.44,3-6L,After Counselling,33,0,3,No,No,Trust,2
L1025,2,IT,6.77,3-6L,After Understanding,24,2,17,No,Yes,Time,5
L1026,4,CSE,5.14,6-10L,Before Counselling,30,1,9,No,Yes,Fee,4
L1027,4,ECE,9.91,3-6L,After Understanding,40,2,11,Yes,No,Time,4
L1028,2,Civil,8.12,<3L,After Counselling,28,0,21,No,Yes,Difficulty,7
L1029,4,Mechanical,7.5,<3L,After Understanding,47,4,17,No,Yes,Time,1
L1030,1,IT,6.92,3-6L,After Application,39,2,6,No,No,Difficulty,1
L1031,3,IT,7.7,<3L,After Understanding,2,3,5,No,No,Time,7
L1032,2,IT,6.9,<3L,After Counselling,13,4,14,Yes,Yes,Trust,4
L1033,1,IT,6.8,<3L,Before Counselling,37,3,9,No,Yes,Difficulty,1
L1034,1,Civil,7.32,<3L,After Understanding,10,3,14,No,Yes,Fee,2
L1035,3,CSE,6.38,6-10L,After Counselling,40,2,6,No,Yes,Fee,4
L1036,2,Civil,5.9,<3L,After Understanding,13,3,18,No,No,Job,5
L1037,3,ECE,7.78,<3L,After Application,19,1,16,No,No,Job,7
L1038,1,Civil,9.21,3-6L,After Understanding,6,2,8,No,No,Trust,2
L1039,2,Civil,5.76,6-10L,After Understanding,18,0,11,No,No,Time,4
L1040,3,ECE,5.16,<3L,Before Counselling,40,1,4,No,No,Time,5
L1041,3,Civil,6.23,<3L,After Understanding,9,4,24,Yes,No,Difficulty,4
L1042,2,CSE,9.9,10L+,After Understanding,17,2,17,Yes,Yes,Trust,7
L1043,3,Mechanical,9.14,<3L,After Application,4,0,21,No,Yes,Difficulty,2
L1044,4,ECE,7.98,10L+,After Application,6,0,16,Yes,Yes,Fee,6
L1045,3,IT,9.65,<3L,After Application,11,2,7,No,Yes,Fee,3
L1046,2,CSE,7.23,<3L,Before Counselling,42,1,11,Yes,Yes,Time,4
L1047,1,Mechanical,9.92,<3L,After Application,26,0,8,No,No,Job,8
L1048,4,CSE,6.48,<3L,After Application,11,2,20,Yes,Yes,Job,6
L1049,1,CSE,6.2,6-10L,After Understanding,8,2,24,Yes,No,Fee,7
L1050,4,IT,8.19,10L+,After Understanding,3,3,6,No,No,Difficulty,3
L1051,3,Mechanical,6.89,10L+,Before Counselling,2,2,8,No,No,Time,9
L1052,4,CSE,8.13,6-10L,After Application,18,0,23,No,Yes,Difficulty,1
L1053,3,IT,6.52,6-10L,After Counselling,2,3,22,Yes,Yes,Job,1
L1054,4,ECE,8.09,3-6L,After Understanding,26,0,4,No,No,Trust,5
L1055,2,IT,6.38,6-10L,After Counselling,12,1,3,No,No,Job,4
L1056,3,Civil,5.25,<3L,After Counselling,37,1,20,No,No,Difficulty,5
L1057,2,IT,9.56,<3L,After Application,26,0,3,No,No,Job,1
L1058,2,IT,9.42,3-6L,After Counselling,36,4,20,No,Yes,Job,6
L1059,3,IT,9.85,6-10L,Before Counselling,16,4,19,Yes,No,Job,4
L1060,4,CSE,8.58,3-6L,Before Counselling,14,4,2,No,Yes,Job,1
L1061,4,Mechanical,8.41,6-10L,After Understanding,2,0,10,Yes,No,Time,5
L1062,3,IT,7.8,3-6L,After Counselling,21,2,22,No,No,Fee,4
L1063,2,IT,5.63,6-10L,Before Counselling,7,3,17,Yes,No,Job,2
L1064,2,Civil,5.95,10L+,Before Counselling,11,2,9,No,No,Job,5
L1065,3,Civil,6.45,<3L,After Counselling,44,0,24,No,No,Time,2
L1066,2,ECE,9.45,10L+,Before Counselling,29,2,23,Yes,No,Time,3
L1067,1,ECE,5.86,3-6L,After Counselling,37,1,12,No,No,Trust,6
L1068,2,Civil,9.61,3-6L,Before Counselling,39,3,17,No,Yes,Time,1
L1069,2,Mechanical,7.61,6-10L,After Counselling,28,0,21,Yes,No,Trust,7
L1070,2,ECE,8.58,3-6L,Before Counselling,40,3,11,No,No,Trust,2
L1071,2,Mechanical,5.55,3-6L,Before Counselling,4,4,24,No,No,Job,8
L1072,1,Civil,6.35,3-6L,Before Counselling,4,4,17,Yes,No,Difficulty,3
L1073,1,ECE,9.79,<3L,After Application,27,1,14,Yes,Yes,Job,9
L1074,4,IT,6.33,3-6L,After Application,6,0,8,No,Yes,Fee,1
L1075,2,Civil,6.48,<3L,Before Counselling,34,4,2,No,No,Trust,4
L1076,2,ECE,5.99,10L+,After Application,41,3,15,No,No,Difficulty,6
L1077,3,Mechanical,5.65,<3L,After Counselling,40,3,10,No,No,Time,7
L1078,2,Mechanical,6.17,3-6L,After Application,18,1,15,No,No,Time,8
L1079,4,ECE,8.21,10L+,After Understanding,44,4,5,No,No,Time,7
L1080,3,Mechanical,7.28,10L+,After Understanding,30,2,24,Yes,No,Difficulty,2
L1081,1,ECE,7.77,6-10L,Before Counselling,33,4,10,No,No,Time,5
L1082,2,ECE,5.61,3-6L,After Application,20,1,3,No,Yes,Time,3
L1083,4,Mechanical,9.01,<3L,After Understanding,36,4,12,No,No,Trust,8
L1084,4,CSE,8.92,<3L,Before Counselling,46,0,21,No,No,Time,4
L1085,2,IT,5.11,<3L,After Understanding,5,1,15,No,No,Difficulty,9
L1086,3,Civil,6.92,6-10L,Before Counselling,35,2,5,No,No,Time,7
L1087,1,IT,5.34,<3L,After Understanding,19,3,4,Yes,Yes,Job,4
L1088,4,Civil,8.96,3-6L,After Understanding,12,4,11,Yes,No,Trust,5
L1089,2,Civil,8.69,<3L,After Application,26,3,21,Yes,No,Fee,8
L1090,4,IT,9.51,3-6L,Before Counselling,19,1,2,Yes,No,Job,7
L1091,3,ECE,6.18,3-6L,After Understanding,11,3,10,No,No,Fee,8
L1092,3,Mechanical,7.28,6-10L,Before Counselling,20,0,14,Yes,Yes,Difficulty,5
L1093,3,CSE,5.92,<3L,After Application,9,1,12,No,Yes,Fee,1
L1094,2,CSE,6.86,<3L,After Understanding,20,1,11,No,No,Fee,9
L1095,1,CSE,7.61,<3L,After Counselling,27,4,2,No,No,Time,4
L1096,2,IT,5.27,<3L,After Counselling,5,1,14,Yes,Yes,Trust,1
L1097,1,IT,8.57,3-6L,After Counselling,10,0,10,No,No,Fee,9
L1098,3,ECE,7.72,<3L,Before Counselling,9,4,23,No,No,Difficulty,4
L1099,2,CSE,9.14,<3L,After Application,25,0,9,No,No,Difficulty,3
L1100,1,ECE,6.36,6-10L,Before Counselling,13,2,14,No,No,Difficulty,6
L1101,4,CSE,9.52,3-6L,Before Counselling,32,4,9,No,No,Time,6
L1102,4,IT,9.99,<3L,After Counselling,8,1,18,Yes,No,Job,6
L1103,4,Mechanical,9.6,<3L,After Application,45,1,2,No,No,Time,2
L1104,4,Mechanical,8.89,<3L,After Understanding,27,1,24,Yes,No,Time,7
L1105,1,Mechanical,9.06,3-6L,Before Counselling,22,2,13,No,No,Fee,5
L1106,2,Mechanical,7.87,3-6L,After Counselling,28,0,13,No,No,Trust,8
L1107,3,Civil,5.95,3-6L,Before Counselling,18,1,12,No,Yes,Difficulty,5
L1108,3,CSE,8.39,<3L,Before Counselling,23,3,12,No,Yes,Trust,4
L1109,1,Mechanical,8.56,3-6L,After Application,41,1,17,No,No,Job,5
L1110,4,Civil,9.93,3-6L,After Understanding,31,4,6,No,No,Trust,4
L1111,2,Civil,7.71,3-6L,Before Counselling,41,4,10,No,No,Trust,4
L1112,2,Civil,6.36,6-10L,Before Counselling,34,3,24,No,No,Job,9
L1113,3,ECE,8.42,<3L,After Understanding,7,2,11,Yes,No,Job,5
L1114,3,ECE,9.9,<3L,After Application,5,4,12,No,No,Difficulty,6
L1115,3,Civil,5.89,6-10L,Before Counselling,21,2,4,No,Yes,Difficulty,9
L1116,1,Mechanical,6.63,<3L,After Application,6,2,22,No,No,Job,5
L1117,4,CSE,7.71,<3L,After Application,45,3,12,No,No,Job,4
L1118,2,IT,5.85,6-10L,Before Counselling,35,4,9,No,No,Time,8
L1119,1,ECE,5.11,3-6L,After Understanding,42,1,2,Yes,No,Difficulty,3
L1120,4,Mechanical,6.68,6-10L,Before Counselling,23,2,18,No,No,Difficulty,9
L1121,4,Mechanical,9.33,<3L,Before Counselling,3,2,17,No,Yes,Time,5
L1122,4,IT,5.22,<3L,After Counselling,33,4,17,No,No,Time,5
L1123,4,IT,7.14,<3L,After Understanding,38,4,4,Yes,No,Difficulty,9
L1124,3,Mechanical,8.81,3-6L,After Counselling,23,3,16,Yes,Yes,Time,2
L1125,3,IT,9.77,<3L,After Understanding,16,0,3,No,No,Difficulty,1
L1126,1,Mechanical,9.93,3-6L,Before Counselling,25,0,22,No,No,Fee,1
L1127,2,IT,7.11,<3L,After Application,16,0,12,Yes,No,Difficulty,1
L1128,2,IT,9.75,<3L,After Counselling,25,2,10,Yes,No,Time,8
L1129,2,Mechanical,5.18,3-6L,After Counselling,42,3,6,No,No,Job,5
L1130,3,Civil,8.73,10L+,After Counselling,7,0,4,No,No,Trust,2
L1131,2,Mechanical,8.21,6-10L,After Counselling,8,4,23,Yes,No,Trust,7
L1132,1,CSE,6.25,10L+,After Understanding,3,2,9,Yes,No,Trust,8
L1133,2,IT,7.54,3-6L,After Application,5,2,7,Yes,No,Trust,5
L1134,3,ECE,5.65,<3L,After Application,19,4,8,No,Yes,Job,5
L1135,1,IT,9.36,<3L,Before Counselling,7,3,13,No,No,Trust,4
L1136,4,CSE,6.79,3-6L,Before Counselling,22,3,24,No,No,Fee,7
L1137,2,ECE,8.13,<3L,After Counselling,26,0,8,No,No,Time,8
L1138,2,ECE,5.79,<3L,Before Counselling,25,4,10,No,No,Difficulty,9
L1139,3,Mechanical,6.03,<3L,Before Counselling,6,1,10,No,No,Job,6
L1140,4,Civil,9.96,3-6L,After Understanding,5,3,2,No,Yes,Trust,2
L1141,2,Mechanical,8.77,<3L,Before Counselling,38,0,4,No,No,Trust,2
L1142,3,ECE,9.81,<3L,Before Counselling,38,2,6,Yes,Yes,Trust,3
L1143,3,ECE,6.48,3-6L,Before Counselling,22,3,12,Yes,Yes,Time,5
L1144,2,Civil,5.82,<3L,After Application,31,1,5,No,Yes,Job,8
L1145,4,IT,7.52,3-6L,After Application,22,2,13,No,Yes,Fee,8
L1146,3,Civil,7.47,6-10L,Before Counselling,11,2,2,No,No,Difficulty,9
L1147,3,Mechanical,5.87,<3L,After Counselling,32,4,2,Yes,Yes,Fee,1
L1148,4,IT,8.67,6-10L,After Application,17,4,14,Yes,Yes,Fee,5
L1149,4,Mechanical,6.81,<3L,After Understanding,41,3,21,No,No,Trust,8
L1150,3,Civil,5.93,3-6L,After Understanding,22,1,6,No,No,Job,3
L1151,4,IT,6.66,3-6L,After Understanding,16,4,21,No,Yes,Trust,3
L1152,3,Civil,7.82,10L+,Before Counselling,42,0,3,No,Yes,Difficulty,6
L1153,3,CSE,8.63,3-6L,After Counselling,15,2,22,No,No,Job,4
L1154,3,ECE,7.41,<3L,After Understanding,8,0,20,No,Yes,Fee,8
L1155,3,IT,7.63,3-6L,After Counselling,46,2,8,No,No,Trust,7
L1156,1,ECE,5.69,<3L,After Understanding,3,0,17,No,No,Fee,1
L1157,4,CSE,9.57,3-6L,After Counselling,13,2,5,Yes,No,Difficulty,8
L1158,4,IT,9.64,<3L,Before Counselling,30,4,19,No,Yes,Time,5
L1159,1,ECE,8.42,3-6L,Before Counselling,28,0,12,No,No,Difficulty,6
L1160,4,ECE,5.09,<3L,After Understanding,9,3,17,No,No,Job,7
L1161,1,IT,7.69,6-10L,After Understanding,12,3,11,No,No,Time,5
L1162,2,ECE,8.15,3-6L,After Application,25,1,3,No,Yes,Fee,9
L1163,3,ECE,9.97,<3L,After Understanding,37,1,24,Yes,Yes,Time,8
L1164,1,IT,9.98,6-10L,After Application,21,1,11,No,No,Trust,7
L1165,4,ECE,9.29,3-6L,After Application,39,0,4,No,No,Fee,8
L1166,4,ECE,5.32,<3L,Before Counselling,39,2,23,Yes,No,Time,3
L1167,3,Mechanical,9.77,<3L,Before Counselling,19,1,13,No,Yes,Difficulty,4
L1168,1,Mechanical,8.06,3-6L,After Application,8,4,21,Yes,No,Time,2
L1169,2,CSE,9.0,<3L,After Understanding,38,3,3,No,No,Job,1
L1170,3,Mechanical,7.04,10L+,After Application,3,3,9,No,Yes,Fee,3
L1171,4,Mechanical,6.6,<3L,After Understanding,22,4,19,Yes,No,Time,8
L1172,3,CSE,7.32,<3L,Before Counselling,1,3,10,No,No,Fee,8
L1173,2,ECE,5.73,10L+,After Understanding,38,0,12,No,Yes,Difficulty,1
L1174,3,ECE,6.79,10L+,After Application,19,4,4,Yes,No,Job,8
L1175,3,Mechanical,9.29,<3L,After Understanding,21,0,9,No,No,Fee,3
L1176,3,CSE,5.19,6-10L,After Application,13,3,6,No,No,Job,7
L1177,1,ECE,5.75,<3L,After Understanding,27,4,16,Yes,No,Difficulty,1
L1178,3,Civil,5.63,6-10L,After Application,17,4,11,No,No,Fee,4
L1179,3,IT,7.02,6-10L,Before Counselling,20,4,15,Yes,Yes,Difficulty,3
L1180,4,IT,9.98,<3L,After Application,30,3,6,No,No,Difficulty,2
L1181,2,IT,5.87,<3L,Before Counselling,38,3,19,No,Yes,Job,5
L1182,3,Mechanical,5.73,<3L,After Application,11,3,13,No,No,Difficulty,4
L1183,4,IT,9.58,<3L,After Application,27,1,4,No,Yes,Difficulty,1
L1184,1,IT,9.41,<3L,After Counselling,38,1,9,Yes,No,Time,9
L1185,4,Civil,5.16,6-10L,After Counselling,28,2,15,No,No,Fee,7
L1186,3,ECE,8.76,<3L,After Counselling,26,4,2,Yes,No,Difficulty,6
L1187,1,Civil,8.28,3-6L,After Counselling,39,3,5,No,No,Trust,7
L1188,2,Mechanical,8.84,6-10L,After Understanding,33,4,23,Yes,Yes,Trust,1
L1189,3,IT,7.47,3-6L,Before Counselling,32,0,9,Yes,Yes,Time,6
L1190,1,ECE,9.96,3-6L,Before Counselling,25,0,22,No,No,Difficulty,1
L1191,3,IT,5.22,<3L,After Counselling,24,3,14,No,Yes,Time,8
L1192,2,IT,6.17,3-6L,After Understanding,40,1,17,No,No,Trust,4
L1193,3,Mechanical,6.98,<3L,After Application,27,2,17,Yes,No,Fee,6
L1194,1,IT,7.25,6-10L,After Application,46,1,24,No,No,Difficulty,2
L1195,4,CSE,9.61,<3L,Before Counselling,22,4,10,No,No,Time,2
L1196,4,ECE,7.8,3-6L,Before Counselling,20,1,20,No,No,Fee,2
L1197,4,ECE,5.23,3-6L,After Understanding,33,3,9,No,No,Time,6
L1198,3,CSE,7.04,3-6L,After Application,5,1,20,No,No,Fee,3
L1199,1,Mechanical,7.08,<3L,After Understanding,29,0,2,No,No,Fee,9
L1200,3,IT,9.83,<3L,After Application,5,3,14,Yes,No,Time,3
L1201,1,IT,8.0,6-10L,After Counselling,46,3,14,No,No,Trust,3
L1202,1,ECE,8.18,<3L,After Counselling,39,3,5,No,No,Time,3
L1203,2,Mechanical,8.57,<3L,After Understanding,17,1,24,No,No,Job,7
L1204,2,Mechanical,8.85,3-6L,Before Counselling,29,0,11,Yes,No,Difficulty,1
L1205,3,Mechanical,8.18,6-10L,After Understanding,11,1,24,No,Yes,Trust,3
L1206,3,IT,6.19,<3L,After Understanding,22,4,12,Yes,No,Trust,8
L1207,2,Mechanical,9.37,3-6L,After Application,31,2,15,No,No,Time,3
L1208,2,CSE,8.66,3-6L,After Application,39,2,6,No,No,Difficulty,8
L1209,4,Civil,8.71,<3L,After Application,1,2,14,Yes,No,Job,1
L1210,2,Mechanical,9.98,3-6L,After Application,15,4,16,No,No,Time,4
L1211,2,Civil,9.01,6-10L,Before Counselling,19,4,18,Yes,No,Difficulty,2
L1212,1,IT,9.15,10L+,Before Counselling,10,4,17,No,No,Time,8
L1213,3,Mechanical,9.76,<3L,After Counselling,9,0,2,Yes,No,Difficulty,8
L1214,3,ECE,5.76,3-6L,After Understanding,13,3,13,No,No,Trust,5
L1215,2,IT,7.49,3-6L,After Counselling,45,4,21,Yes,No,Time,3
L1216,1,CSE,7.9,<3L,After Application,26,2,20,No,Yes,Job,2
L1217,3,CSE,6.65,3-6L,After Understanding,6,2,22,Yes,Yes,Difficulty,7
L1218,3,Civil,9.2,<3L,After Application,40,1,24,No,Yes,Job,7
L1219,2,Civil,8.81,<3L,After Understanding,44,3,8,No,No,Job,5
L1220,4,ECE,8.6,<3L,Before Counselling,2,4,6,Yes,No,Time,5
L1221,1,ECE,9.99,<3L,After Application,29,3,9,No,No,Difficulty,6
L1222,2,CSE,6.3,3-6L,After Understanding,12,4,22,No,No,Fee,6
L1223,4,Mechanical,8.68,<3L,After Understanding,23,2,5,No,Yes,Job,7
L1224,2,CSE,7.76,3-6L,After Application,3,3,15,No,No,Difficulty,5
L1225,3,CSE,6.56,<3L,Before Counselling,11,3,7,No,Yes,Trust,5
L1226,2,ECE,5.8,3-6L,Before Counselling,5,4,20,No,No,Job,3
L1227,2,Civil,9.48,6-10L,Before Counselling,45,4,5,No,No,Job,4
L1228,4,ECE,7.98,<3L,After Understanding,10,3,11,No,No,Job,2
L1229,2,ECE,9.12,3-6L,Before Counselling,47,4,20,No,Yes,Trust,2
L1230,4,ECE,7.73,3-6L,After Understanding,6,3,11,No,Yes,Trust,1
L1231,2,CSE,6.1,3-6L,After Counselling,16,1,14,No,No,Time,1
L1232,2,Mechanical,6.69,<3L,Before Counselling,31,3,4,No,Yes,Fee,7
L1233,1,CSE,6.91,3-6L,After Application,23,0,23,No,No,Time,9
L1234,3,IT,9.86,<3L,After Application,30,3,9,No,No,Fee,4
L1235,2,ECE,5.03,<3L,After Application,40,1,11,Yes,No,Job,9
L1236,4,ECE,9.93,3-6L,After Application,20,1,3,Yes,No,Difficulty,4
L1237,2,IT,9.9,<3L,After Counselling,25,2,2,No,No,Job,9
L1238,4,ECE,9.98,3-6L,After Counselling,35,2,11,No,No,Trust,9
L1239,1,ECE,7.38,3-6L,Before Counselling,5,0,14,No,No,Fee,7
L1240,4,ECE,9.82,6-10L,Before Counselling,47,4,2,Yes,Yes,Job,7
L1241,3,IT,6.98,<3L,After Application,3,4,24,No,No,Fee,9
L1242,3,CSE,5.13,10L+,After Application,47,1,3,No,No,Time,7
L1243,4,ECE,6.12,3-6L,After Application,34,1,11,Yes,No,Trust,7
L1244,3,Mechanical,9.73,<3L,After Understanding,12,2,5,No,No,Trust,3
L1245,3,IT,5.07,<3L,Before Counselling,27,1,8,No,No,Difficulty,7
L1246,1,Civil,7.73,3-6L,After Application,5,3,6,Yes,No,Job,5
L1247,1,IT,5.38,6-10L,After Application,41,3,22,No,No,Trust,2
L1248,4,CSE,6.43,3-6L,After Application,22,0,17,Yes,No,Difficulty,7
L1249,3,IT,5.44,3-6L,After Counselling,4,3,8,No,No,Trust,1
L1250,3,Civil,9.3,<3L,After Counselling,28,0,10,No,Yes,Time,5
L1251,2,Mechanical,7.96,<3L,After Counselling,7,2,21,Yes,Yes,Job,7
L1252,1,Civil,9.51,<3L,After Understanding,45,3,10,No,No,Job,7
L1253,1,IT,8.44,6-10L,After Understanding,34,0,12,No,Yes,Fee,5
L1254,3,Civil,9.86,<3L,Before Counselling,2,4,18,No,Yes,Difficulty,7
L1255,2,IT,7.55,<3L,After Application,9,0,12,No,No,Time,8
L1256,2,Mechanical,8.19,<3L,Before Counselling,15,3,10,No,Yes,Fee,5
L1257,2,Mechanical,7.88,6-10L,Before Counselling,31,0,20,No,Yes,Time,6
L1258,1,CSE,7.42,6-10L,After Counselling,36,2,9,Yes,Yes,Fee,7
L1259,3,Mechanical,9.23,<3L,After Application,41,1,6,Yes,No,Fee,7
L1260,2,ECE,8.22,10L+,After Counselling,15,4,7,Yes,No,Job,5
L1261,3,Civil,9.01,<3L,After Counselling,33,2,20,No,Yes,Time,2
L1262,2,Civil,8.93,<3L,After Application,31,4,12,No,No,Difficulty,6
L1263,2,IT,5.96,<3L,Before Counselling,27,4,24,Yes,Yes,Difficulty,5
L1264,1,Mechanical,8.25,<3L,Before Counselling,2,0,3,Yes,No,Fee,6
L1265,1,CSE,6.0,<3L,After Counselling,9,1,4,No,Yes,Fee,3
L1266,2,CSE,7.92,3-6L,After Application,43,0,3,No,Yes,Time,1
L1267,2,CSE,8.39,3-6L,Before Counselling,1,0,14,No,No,Job,9
L1268,3,ECE,9.99,3-6L,After Understanding,19,3,12,No,No,Job,1
L1269,2,Mechanical,5.15,3-6L,Before Counselling,9,0,12,No,No,Time,9
L1270,3,CSE,5.46,6-10L,After Application,2,1,14,Yes,Yes,Time,4
L1271,4,ECE,5.39,<3L,After Application,37,2,20,No,No,Job,8
L1272,3,Civil,6.99,3-6L,After Application,1,0,23,No,No,Fee,6
L1273,1,IT,9.11,3-6L,After Counselling,46,1,14,No,No,Job,8
L1274,2,Mechanical,9.22,10L+,Before Counselling,12,0,2,No,Yes,Trust,8
L1275,1,Mechanical,8.68,<3L,After Understanding,26,4,14,No,No,Trust,2
L1276,2,Civil,9.48,<3L,After Counselling,10,0,7,Yes,No,Time,3
L1277,4,Mechanical,6.61,3-6L,Before Counselling,47,3,9,No,Yes,Trust,9
L1278,1,Mechanical,5.44,6-10L,After Application,1,4,20,No,No,Difficulty,2
L1279,2,Mechanical,5.29,<3L,Before Counselling,1,1,24,No,No,Trust,4
L1280,3,Mechanical,9.26,3-6L,After Application,43,0,15,Yes,Yes,Job,1
L1281,3,ECE,8.65,<3L,After Application,31,4,7,No,Yes,Trust,4
L1282,3,ECE,8.49,10L+,Before Counselling,11,4,18,No,No,Fee,3
L1283,1,IT,6.7,<3L,Before Counselling,5,2,3,Yes,No,Time,4
L1284,2,Mechanical,6.9,<3L,After Understanding,35,4,17,Yes,No,Fee,3
L1285,3,Civil,9.79,<3L,Before Counselling,11,1,6,Yes,No,Trust,5
L1286,1,CSE,5.32,3-6L,Before Counselling,4,0,24,No,No,Fee,4
L1287,2,IT,8.87,<3L,After Counselling,38,4,21,No,No,Difficulty,9
L1288,1,CSE,6.55,6-10L,After Application,39,1,7,Yes,Yes,Fee,5
L1289,1,CSE,5.2,6-10L,After Application,21,2,3,No,Yes,Difficulty,5
L1290,2,Mechanical,8.71,<3L,After Understanding,36,0,6,No,Yes,Job,2
L1291,1,Civil,6.65,3-6L,After Counselling,46,3,11,Yes,No,Fee,4
L1292,3,CSE,8.61,<3L,After Understanding,28,4,20,No,No,Trust,4
L1293,3,CSE,8.54,<3L,Before Counselling,8,4,2,No,No,Job,5
L1294,4,IT,7.67,<3L,After Understanding,20,2,7,No,No,Time,5
L1295,2,Civil,8.89,<3L,After Application,43,1,17,No,Yes,Time,4
L1296,1,Civil,7.91,3-6L,After Counselling,46,2,11,Yes,No,Trust,2
L1297,1,CSE,6.43,<3L,Before Counselling,21,1,9,No,No,Difficulty,7
L1298,3,Civil,8.67,6-10L,After Counselling,35,0,21,Yes,No,Fee,2
L1299,3,IT,7.95,3-6L,After Counselling,43,4,22,No,Yes,Time,7
L1300,1,IT,5.06,6-10L,After Understanding,32,3,20,No,No,Fee,9
L1301,4,IT,9.51,10L+,Before Counselling,36,2,21,No,No,Job,8
L1302,1,Mechanical,7.73,10L+,After Counselling,41,3,8,No,Yes,Fee,9
L1303,3,CSE,9.34,3-6L,After Counselling,5,3,16,No,No,Time,8
L1304,3,Civil,9.41,3-6L,After Understanding,45,4,6,No,No,Difficulty,2
L1305,4,IT,7.22,<3L,After Counselling,4,4,5,No,Yes,Time,9
L1306,3,CSE,7.54,6-10L,After Application,7,3,20,No,No,Trust,7
L1307,4,CSE,7.08,3-6L,After Application,34,0,20,No,Yes,Time,4
L1308,2,Mechanical,7.25,10L+,Before Counselling,20,3,11,Yes,No,Fee,7
L1309,4,Civil,9.48,<3L,Before Counselling,7,1,23,Yes,No,Fee,9
L1310,1,Civil,8.94,<3L,After Understanding,24,1,9,No,No,Difficulty,1
L1311,4,IT,5.63,<3L,After Counselling,21,1,21,No,No,Time,4
L1312,3,IT,8.05,6-10L,After Understanding,9,1,2,No,No,Job,9
L1313,4,CSE,9.98,<3L,After Understanding,19,2,21,No,No,Job,4
L1314,2,Civil,7.98,3-6L,After Application,20,0,22,No,No,Job,7
L1315,3,Civil,8.93,3-6L,After Counselling,28,2,14,Yes,Yes,Trust,2
L1316,3,IT,8.85,<3L,After Application,32,2,8,No,No,Job,3
L1317,3,ECE,6.75,3-6L,After Application,34,1,3,No,Yes,Trust,8
L1318,1,CSE,6.86,3-6L,Before Counselling,16,0,10,No,Yes,Job,1
L1319,1,Civil,8.62,<3L,After Understanding,38,0,20,No,No,Difficulty,3
L1320,2,Mechanical,7.5,3-6L,After Application,17,3,10,Yes,Yes,Time,8
L1321,1,Mechanical,7.85,10L+,Before Counselling,11,2,18,No,Yes,Trust,6
L1322,4,ECE,8.56,10L+,Before Counselling,4,0,24,No,No,Fee,9
L1323,2,IT,8.89,3-6L,After Counselling,40,4,19,Yes,No,Trust,5
L1324,4,IT,6.36,3-6L,After Counselling,45,2,11,No,No,Time,9
L1325,2,IT,5.73,<3L,After Application,40,0,24,No,No,Trust,9
L1326,1,Mechanical,6.46,10L+,Before Counselling,42,4,2,No,No,Trust,8
L1327,3,IT,7.54,<3L,Before Counselling,18,4,12,No,No,Time,1
L1328,3,Mechanical,6.71,3-6L,Before Counselling,6,4,20,Yes,No,Job,8
L1329,2,ECE,7.84,<3L,After Understanding,46,1,24,No,No,Time,8
L1330,3,CSE,5.27,<3L,Before Counselling,32,3,20,No,No,Difficulty,3
L1331,3,Civil,7.55,<3L,After Understanding,5,3,3,Yes,Yes,Job,9
L1332,2,ECE,6.84,6-10L,After Counselling,15,0,6,Yes,No,Trust,8
L1333,4,Mechanical,7.67,3-6L,After Application,45,0,4,No,No,Time,7
L1334,4,ECE,7.11,3-6L,After Counselling,16,3,14,Yes,No,Difficulty,2
L1335,3,Civil,6.42,<3L,After Application,17,4,8,Yes,No,Difficulty,1
L1336,1,CSE,9.52,6-10L,Before Counselling,37,0,12,No,No,Fee,5
L1337,3,Civil,5.92,<3L,After Application,43,1,18,Yes,Yes,Difficulty,1
L1338,1,Mechanical,8.41,<3L,After Application,15,1,2,No,No,Fee,4
L1339,1,Civil,9.62,3-6L,After Counselling,35,3,23,Yes,No,Difficulty,4
L1340,2,ECE,7.69,10L+,After Application,8,0,5,No,Yes,Time,2
L1341,2,IT,9.38,<3L,Before Counselling,35,0,2,No,Yes,Trust,4
L1342,4,ECE,5.62,3-6L,After Understanding,36,4,10,Yes,No,Job,1
L1343,3,Mechanical,7.47,3-6L,Before Counselling,27,0,19,No,Yes,Difficulty,2
L1344,3,CSE,7.29,6-10L,After Application,14,3,18,No,No,Difficulty,8
L1345,2,Civil,5.04,<3L,After Counselling,23,0,20,No,No,Fee,4
L1346,2,CSE,7.22,3-6L,Before Counselling,20,0,16,No,No,Trust,4
L1347,2,Mechanical,6.85,<3L,After Application,6,1,11,Yes,Yes,Time,8
L1348,4,Civil,8.35,<3L,After Counselling,24,3,13,No,No,Time,9
L1349,1,ECE,9.69,<3L,After Understanding,23,2,17,No,No,Trust,8
L1350,4,ECE,5.43,10L+,After Counselling,36,3,13,No,No,Time,1
L1351,3,Mechanical,6.64,<3L,After Application,12,3,2,No,Yes,Job,8
L1352,2,Civil,7.22,10L+,After Counselling,2,2,14,No,Yes,Time,9
L1353,3,ECE,7.28,<3L,After Application,27,2,5,Yes,No,Job,4
L1354,2,Mechanical,8.87,10L+,After Counselling,32,1,21,No,Yes,Difficulty,8
L1355,4,Mechanical,7.22,3-6L,After Counselling,29,4,23,No,No,Time,5
L1356,4,CSE,5.14,<3L,After Counselling,46,3,13,No,Yes,Time,1
L1357,2,ECE,8.55,3-6L,After Application,40,3,20,Yes,Yes,Job,7
L1358,2,Civil,9.42,<3L,After Counselling,40,3,16,No,Yes,Difficulty,2
L1359,3,ECE,7.57,<3L,After Application,44,3,10,Yes,No,Difficulty,5
L1360,4,ECE,7.91,3-6L,Before Counselling,33,1,23,Yes,No,Fee,1
L1361,2,ECE,5.81,3-6L,After Understanding,29,3,8,No,Yes,Difficulty,5
L1362,3,Mechanical,6.1,3-6L,Before Counselling,33,2,7,No,Yes,Trust,6
L1363,3,IT,6.18,6-10L,After Understanding,36,2,10,No,No,Fee,9
L1364,3,IT,7.15,<3L,After Application,17,0,19,No,Yes,Difficulty,3
L1365,1,CSE,9.64,10L+,Before Counselling,10,1,9,No,Yes,Job,3
L1366,3,ECE,7.61,10L+,After Understanding,1,0,22,Yes,Yes,Trust,1
L1367,4,IT,5.96,<3L,After Understanding,43,3,19,No,Yes,Fee,6
L1368,1,CSE,6.33,<3L,Before Counselling,17,1,14,No,No,Time,4
L1369,2,Mechanical,6.92,3-6L,Before Counselling,42,1,8,No,No,Job,2
L1370,4,ECE,8.12,3-6L,After Application,28,4,13,No,Yes,Trust,4
L1371,1,Civil,7.2,<3L,After Understanding,38,4,6,Yes,Yes,Job,9
L1372,4,Mechanical,6.96,<3L,After Application,36,0,17,No,No,Fee,3
L1373,2,CSE,7.82,3-6L,After Application,45,0,9,No,Yes,Trust,8
L1374,2,Mechanical,6.21,3-6L,After Counselling,27,2,23,No,No,Fee,5
L1375,4,Civil,5.39,<3L,After Application,43,2,8,No,Yes,Fee,5
L1376,2,Mechanical,5.12,6-10L,After Understanding,37,2,2,No,Yes,Difficulty,7
L1377,3,CSE,6.26,3-6L,After Counselling,46,1,3,Yes,No,Job,5
L1378,2,Civil,5.46,<3L,After Application,25,3,10,No,No,Difficulty,7
L1379,3,Civil,6.68,3-6L,After Application,34,0,16,No,No,Difficulty,2
L1380,1,Mechanical,8.86,<3L,After Understanding,3,2,8,No,No,Job,1
L1381,2,Civil,8.58,3-6L,After Counselling,29,1,8,No,Yes,Trust,7
L1382,4,Mechanical,8.05,<3L,Before Counselling,35,4,21,No,No,Job,5
L1383,2,ECE,9.26,<3L,Before Counselling,43,3,14,No,Yes,Time,7
L1384,3,Civil,6.41,<3L,After Counselling,41,4,5,No,No,Trust,1
L1385,2,Mechanical,9.43,<3L,After Counselling,10,4,20,Yes,No,Difficulty,7
L1386,3,ECE,7.0,3-6L,After Counselling,38,3,11,Yes,No,Fee,1
L1387,1,Civil,7.0,3-6L,After Counselling,38,1,5,No,No,Fee,3
L1388,4,ECE,7.03,<3L,Before Counselling,1,4,13,No,No,Difficulty,3
L1389,2,Civil,5.49,<3L,After Application,1,1,23,No,No,Trust,3
L1390,2,CSE,9.88,6-10L,After Understanding,32,4,4,Yes,No,Time,5
L1391,1,CSE,5.69,<3L,Before Counselling,22,2,9,No,No,Trust,2
L1392,1,Mechanical,6.7,<3L,After Understanding,19,3,18,No,Yes,Job,1
L1393,3,IT,6.6,3-6L,Before Counselling,35,0,7,Yes,No,Time,6
L1394,2,CSE,5.37,6-10L,After Counselling,6,3,14,No,Yes,Job,4
L1395,4,IT,5.76,6-10L,Before Counselling,34,4,19,Yes,No,Trust,1
L1396,2,ECE,5.22,6-10L,Before Counselling,15,4,17,No,No,Difficulty,9
L1397,2,ECE,6.46,<3L,After Counselling,44,2,12,No,No,Difficulty,7
L1398,3,IT,9.33,6-10L,After Application,42,2,15,No,Yes,Job,6
L1399,3,Mechanical,6.7,<3L,After Counselling,45,3,2,No,No,Time,4
L1400,1,Civil,5.62,<3L,After Application,3,0,13,Yes,Yes,Job,7
L1401,1,IT,8.23,3-6L,Before Counselling,37,3,21,No,No,Time,7
L1402,1,IT,9.98,3-6L,Before Counselling,22,0,7,Yes,Yes,Fee,8
L1403,3,IT,6.16,<3L,After Understanding,45,1,8,No,No,Trust,9
L1404,3,IT,6.4,<3L,After Understanding,29,4,12,No,No,Difficulty,1
L1405,2,IT,9.86,6-10L,Before Counselling,14,1,2,No,No,Difficulty,3
L1406,4,Mechanical,5.89,6-10L,After Understanding,30,3,4,No,Yes,Time,6
L1407,4,CSE,7.56,3-6L,After Application,15,0,23,Yes,Yes,Fee,5
L1408,3,Civil,6.2,3-6L,After Counselling,29,0,14,Yes,Yes,Difficulty,9
L1409,4,CSE,9.66,6-10L,Before Counselling,14,1,7,No,No,Job,2
L1410,2,IT,9.91,6-10L,Before Counselling,3,2,11,No,No,Job,4
L1411,1,CSE,9.07,3-6L,After Understanding,22,2,23,No,Yes,Difficulty,5
L1412,2,Mechanical,6.57,<3L,Before Counselling,33,1,8,No,Yes,Time,6
L1413,1,ECE,7.02,<3L,Before Counselling,23,2,12,No,Yes,Trust,3
L1414,3,CSE,6.21,3-6L,After Application,7,0,24,No,No,Fee,2
L1415,4,Civil,9.45,<3L,After Application,20,3,16,No,No,Trust,8
L1416,1,Mechanical,9.57,<3L,After Counselling,7,2,12,No,Yes,Fee,9
L1417,1,ECE,7.09,3-6L,Before Counselling,17,0,19,No,No,Difficulty,2
L1418,2,Mechanical,8.28,<3L,After Understanding,32,3,2,No,No,Time,3
L1419,4,IT,5.83,6-10L,After Counselling,15,0,15,No,No,Job,6
L1420,2,ECE,7.17,<3L,After Understanding,13,4,24,No,Yes,Job,5
L1421,3,Civil,8.16,3-6L,Before Counselling,47,3,13,Yes,No,Job,8
L1422,1,ECE,6.93,6-10L,After Understanding,3,4,2,No,No,Time,5
L1423,1,Civil,6.79,3-6L,After Understanding,25,2,19,Yes,Yes,Trust,9
L1424,4,IT,5.0,<3L,After Counselling,32,2,18,Yes,No,Difficulty,1
L1425,4,Civil,9.02,3-6L,Before Counselling,16,0,15,No,Yes,Time,6
L1426,1,Mechanical,9.45,6-10L,After Counselling,1,1,13,No,Yes,Difficulty,7
L1427,4,CSE,9.85,10L+,Before Counselling,46,0,2,No,No,Difficulty,2
L1428,3,Mechanical,8.6,3-6L,After Application,3,4,20,No,No,Trust,6
L1429,4,Mechanical,7.74,6-10L,After Counselling,20,3,5,No,Yes,Job,1
L1430,2,ECE,6.35,<3L,Before Counselling,28,1,6,No,Yes,Fee,3
L1431,3,IT,10.0,6-10L,After Application,22,0,6,No,No,Time,2
L1432,2,CSE,7.95,10L+,After Application,36,4,3,No,Yes,Time,7
L1433,3,Civil,8.41,3-6L,After Application,41,4,12,No,Yes,Time,9
L1434,1,ECE,8.41,6-10L,After Counselling,1,2,4,No,Yes,Difficulty,3
L1435,1,IT,9.23,3-6L,After Application,14,0,9,No,No,Trust,3
L1436,2,CSE,5.05,<3L,Before Counselling,45,0,3,No,No,Time,9
L1437,3,Mechanical,6.1,6-10L,After Counselling,15,4,5,Yes,Yes,Difficulty,9
L1438,2,IT,8.33,3-6L,After Understanding,32,0,8,No,Yes,Trust,8
L1439,3,IT,9.48,3-6L,After Application,18,2,20,No,No,Fee,3
L1440,4,IT,8.43,3-6L,After Counselling,38,1,20,No,No,Trust,6
L1441,1,Mechanical,7.07,6-10L,After Understanding,22,4,8,No,No,Job,4
L1442,3,Civil,6.81,6-10L,After Counselling,16,2,9,Yes,Yes,Fee,6
L1443,2,ECE,8.69,<3L,After Application,11,2,15,Yes,Yes,Fee,8
L1444,4,Civil,8.71,3-6L,After Application,7,3,5,No,Yes,Fee,5
L1445,1,CSE,8.04,10L+,After Understanding,9,1,15,Yes,Yes,Difficulty,4
L1446,3,ECE,6.46,3-6L,Before Counselling,1,2,2,No,Yes,Fee,2
L1447,4,CSE,9.63,10L+,After Application,42,3,6,No,No,Difficulty,1
L1448,4,Mechanical,7.76,6-10L,After Understanding,8,3,12,No,Yes,Job,1
L1449,3,Civil,8.95,3-6L,After Application,11,0,16,No,No,Fee,9
L1450,2,IT,6.07,<3L,Before Counselling,5,2,21,Yes,No,Time,9
L1451,3,ECE,6.72,<3L,After Understanding,29,4,15,No,No,Difficulty,2
L1452,4,IT,9.37,3-6L,Before Counselling,6,0,14,No,Yes,Difficulty,1
L1453,3,CSE,5.25,3-6L,After Application,12,1,8,No,Yes,Trust,6
L1454,1,IT,7.56,6-10L,After Understanding,43,4,19,Yes,Yes,Fee,5
L1455,4,IT,7.41,6-10L,After Counselling,39,4,7,No,No,Fee,2
L1456,3,Mechanical,8.76,<3L,Before Counselling,7,3,21,No,Yes,Trust,5
L1457,3,Mechanical,6.41,6-10L,After Application,44,2,8,No,No,Difficulty,2
L1458,2,Civil,6.1,3-6L,After Application,12,3,10,No,No,Difficulty,2
L1459,3,CSE,9.63,<3L,Before Counselling,33,3,24,No,No,Trust,7
L1460,2,Mechanical,7.86,3-6L,After Understanding,19,2,3,No,No,Job,8
L1461,3,Mechanical,5.52,6-10L,After Counselling,36,2,9,No,Yes,Difficulty,9
L1462,1,Civil,5.97,<3L,After Application,19,2,7,No,Yes,Fee,5
L1463,3,ECE,9.99,<3L,Before Counselling,21,3,10,Yes,No,Job,5
L1464,4,Civil,5.98,<3L,Before Counselling,19,2,8,Yes,Yes,Time,8
L1465,1,IT,8.05,<3L,After Counselling,43,2,6,Yes,No,Trust,1
L1466,4,IT,7.1,3-6L,After Counselling,9,4,24,Yes,No,Difficulty,5
L1467,2,Mechanical,9.43,<3L,After Application,45,3,18,Yes,No,Difficulty,9
L1468,4,Mechanical,8.78,6-10L,After Counselling,22,2,22,Yes,No,Trust,4
L1469,3,Civil,7.98,<3L,Before Counselling,19,3,8,Yes,No,Difficulty,4
L1470,3,Civil,5.05,3-6L,After Understanding,37,1,17,Yes,No,Difficulty,9
L1471,3,CSE,9.4,<3L,After Understanding,11,0,24,Yes,No,Fee,7
L1472,4,IT,7.22,10L+,Before Counselling,25,4,12,No,Yes,Fee,2
L1473,2,Civil,9.66,3-6L,Before Counselling,35,4,15,No,No,Difficulty,2
L1474,2,ECE,7.48,6-10L,Before Counselling,5,3,4,No,No,Difficulty,8
L1475,3,CSE,8.47,6-10L,After Application,45,2,22,No,No,Difficulty,4
L1476,4,Civil,5.35,6-10L,Before Counselling,31,3,9,No,Yes,Difficulty,5
L1477,3,Mechanical,8.73,6-10L,After Counselling,14,0,16,Yes,Yes,Job,1
L1478,3,Civil,6.69,<3L,Before Counselling,13,4,10,No,No,Fee,4
L1479,2,Mechanical,6.76,3-6L,Before Counselling,34,4,17,No,No,Difficulty,6
L1480,4,Mechanical,5.59,<3L,After Application,34,0,22,No,No,Difficulty,7
L1481,1,IT,5.73,6-10L,Before Counselling,18,3,19,No,No,Fee,6
L1482,3,IT,5.93,10L+,After Counselling,6,4,9,Yes,No,Time,2
L1483,1,Civil,6.64,10L+,After Counselling,42,2,8,No,Yes,Difficulty,7
L1484,2,Civil,9.46,<3L,After Counselling,21,3,21,No,Yes,Trust,4
L1485,2,ECE,6.84,<3L,Before Counselling,40,2,22,No,No,Job,7
L1486,2,CSE,8.62,<3L,After Application,5,1,11,Yes,No,Time,2
L1487,3,CSE,5.41,<3L,After Application,2,0,13,Yes,Yes,Time,3
L1488,2,Civil,7.96,<3L,After Application,6,4,13,No,Yes,Fee,5
L1489,2,IT,7.41,<3L,After Counselling,8,0,11,No,No,Job,4
L1490,2,ECE,9.89,10L+,After Application,2,0,3,Yes,Yes,Trust,5
L1491,2,CSE,9.23,3-6L,Before Counselling,23,2,13,No,No,Job,4
L1492,2,Civil,7.27,3-6L,Before Counselling,20,4,7,Yes,Yes,Time,3
L1493,1,IT,8.88,3-6L,After Understanding,4,1,2,Yes,No,Time,5
L1494,3,IT,5.97,3-6L,After Counselling,15,0,10,No,No,Job,3
L1495,3,IT,7.81,10L+,After Understanding,30,2,21,No,No,Fee,7
L1496,3,Mechanical,5.37,3-6L,After Understanding,20,2,17,No,No,Fee,5
L1497,2,IT,6.74,<3L,After Counselling,24,4,18,No,No,Time,5
L1498,2,Civil,6.13,3-6L,After Counselling,9,3,21,No,Yes,Trust,9
L1499,4,ECE,8.59,10L+,After Understanding,21,3,7,Yes,No,Time,5
L1500,3,Civil,7.45,<3L,Before Counselling,38,1,5,Yes,No,Job,5
L1501,2,IT,8.76,3-6L,After Understanding,41,2,10,No,Yes,Difficulty,1
L1502,1,ECE,7.58,<3L,After Counselling,13,3,21,Yes,No,Difficulty,3
L1503,2,CSE,5.43,<3L,Before Counselling,5,0,9,Yes,No,Trust,1
L1504,2,CSE,8.68,6-10L,After Understanding,46,1,19,No,No,Trust,6
L1505,2,Civil,9.17,<3L,After Understanding,14,0,13,No,Yes,Trust,2
L1506,3,ECE,9.52,<3L,After Understanding,7,3,8,Yes,No,Fee,5
L1507,3,Civil,7.86,<3L,After Counselling,6,2,9,No,No,Time,9
L1508,3,ECE,8.77,10L+,After Understanding,12,3,23,Yes,No,Job,6
L1509,3,ECE,8.76,<3L,After Counselling,46,1,11,Yes,No,Time,7
L1510,4,Civil,5.78,6-10L,Before Counselling,16,1,23,No,No,Job,9
L1511,3,ECE,5.82,<3L,After Application,32,0,4,No,No,Difficulty,6
L1512,4,IT,5.35,6-10L,Before Counselling,42,0,19,Yes,Yes,Time,7
L1513,1,ECE,6.6,10L+,After Understanding,11,1,10,No,No,Job,3
L1514,1,ECE,7.37,<3L,After Counselling,4,0,6,No,No,Job,4
L1515,1,Civil,9.99,<3L,After Understanding,29,4,14,No,No,Difficulty,3
L1516,3,CSE,7.15,<3L,Before Counselling,34,1,6,No,Yes,Time,6
L1517,4,Mechanical,8.63,6-10L,After Application,9,0,23,Yes,Yes,Time,5
L1518,2,ECE,8.47,<3L,After Application,10,3,23,No,Yes,Fee,1
L1519,4,Mechanical,6.02,<3L,After Counselling,8,2,3,Yes,No,Time,7
L1520,1,ECE,5.29,<3L,Before Counselling,36,4,8,Yes,Yes,Difficulty,2
L1521,4,Civil,7.73,<3L,Before Counselling,32,4,4,No,Yes,Job,5
L1522,2,Civil,8.5,<3L,After Counselling,45,2,10,Yes,Yes,Difficulty,9
L1523,1,ECE,9.99,6-10L,After Counselling,6,2,4,No,No,Difficulty,4
L1524,2,Civil,6.79,6-10L,After Counselling,6,3,23,No,No,Difficulty,6
L1525,2,Civil,9.48,3-6L,After Understanding,27,2,7,No,No,Time,4
L1526,2,ECE,6.91,3-6L,After Understanding,2,4,11,No,No,Trust,7
L1527,2,CSE,8.45,3-6L,After Counselling,9,3,4,No,No,Difficulty,9
L1528,4,ECE,7.99,6-10L,After Counselling,38,2,21,No,No,Job,6
L1529,3,CSE,5.26,3-6L,After Application,5,3,10,No,No,Fee,3
L1530,2,Civil,5.39,3-6L,After Application,34,3,13,No,Yes,Time,8
L1531,3,CSE,5.1,3-6L,After Understanding,14,0,13,No,No,Trust,9
L1532,3,Civil,6.85,6-10L,After Application,10,2,17,Yes,Yes,Trust,1
L1533,2,CSE,8.73,<3L,After Counselling,47,0,12,No,No,Difficulty,8
L1534,2,CSE,5.86,<3L,Before Counselling,7,4,13,No,No,Job,6
L1535,1,ECE,8.03,<3L,After Counselling,20,3,18,No,Yes,Fee,1
L1536,1,CSE,6.44,3-6L,After Application,11,4,5,No,No,Trust,9
L1537,3,Civil,8.98,<3L,After Understanding,13,3,11,No,No,Time,1
L1538,1,ECE,8.99,3-6L,After Counselling,17,2,18,No,Yes,Job,8
L1539,3,CSE,8.88,3-6L,After Counselling,37,1,9,Yes,Yes,Time,1
L1540,3,ECE,7.62,6-10L,After Application,44,2,8,No,No,Difficulty,8
L1541,1,Mechanical,6.42,<3L,Before Counselling,36,3,24,No,No,Fee,2
L1542,3,ECE,9.05,3-6L,After Counselling,33,1,19,Yes,No,Time,2
L1543,2,Mechanical,5.93,3-6L,After Understanding,10,1,23,No,Yes,Fee,8
L1544,4,Mechanical,6.45,<3L,After Understanding,34,2,22,No,Yes,Time,4
L1545,2,ECE,5.92,3-6L,Before Counselling,45,4,9,No,Yes,Trust,7
L1546,4,Civil,8.37,6-10L,After Application,13,2,3,No,Yes,Trust,5
L1547,3,Civil,8.43,<3L,Before Counselling,25,3,15,Yes,No,Difficulty,2
L1548,1,Civil,8.26,6-10L,After Understanding,44,4,17,No,Yes,Job,2
L1549,3,IT,7.08,6-10L,After Counselling,33,3,21,Yes,Yes,Fee,8
L1550,4,Mechanical,5.5,3-6L,After Understanding,10,4,11,No,No,Job,3
L1551,3,ECE,9.56,6-10L,Before Counselling,24,0,19,Yes,No,Job,8
L1552,4,Civil,7.54,3-6L,After Understanding,5,4,6,No,Yes,Job,3
L1553,4,Civil,7.03,3-6L,After Application,10,0,17,No,No,Job,5
L1554,2,ECE,7.94,10L+,Before Counselling,39,3,12,No,No,Job,3
L1555,2,Mechanical,5.96,<3L,After Understanding,47,2,20,No,Yes,Time,1
L1556,3,ECE,5.66,<3L,After Counselling,27,3,7,No,No,Job,9
L1557,2,IT,7.03,<3L,After Counselling,36,2,8,No,No,Fee,5
L1558,4,IT,6.14,3-6L,Before Counselling,33,0,23,No,No,Trust,3
L1559,4,ECE,6.22,<3L,After Counselling,28,2,12,Yes,No,Job,4
L1560,2,Mechanical,9.46,10L+,Before Counselling,40,3,19,No,No,Difficulty,6
L1561,2,Civil,7.65,3-6L,After Counselling,43,3,19,No,No,Fee,8
L1562,3,IT,7.42,6-10L,After Understanding,3,3,21,No,No,Time,2
L1563,2,IT,8.45,<3L,After Counselling,31,4,24,No,Yes,Trust,2
L1564,4,Mechanical,9.76,<3L,After Understanding,29,3,9,Yes,No,Trust,3
L1565,2,IT,5.56,<3L,Before Counselling,44,4,22,Yes,No,Trust,6
L1566,3,IT,9.17,<3L,After Counselling,45,1,11,No,Yes,Difficulty,9
L1567,1,Mechanical,7.92,3-6L,After Application,44,0,18,Yes,Yes,Job,9
L1568,3,ECE,5.73,10L+,After Application,42,1,10,Yes,No,Time,9
L1569,2,Civil,6.49,<3L,After Application,21,1,14,Yes,No,Time,9
L1570,3,Civil,7.41,3-6L,After Counselling,32,4,9,Yes,No,Time,6
L1571,1,IT,8.46,3-6L,After Understanding,28,4,18,Yes,Yes,Job,3
L1572,3,Civil,6.21,<3L,Before Counselling,21,0,17,No,No,Time,5
L1573,4,ECE,7.67,3-6L,After Counselling,47,0,17,No,No,Time,6
L1574,2,IT,8.42,<3L,Before Counselling,35,0,22,Yes,No,Trust,9
L1575,1,Civil,7.24,6-10L,Before Counselling,30,3,9,No,No,Job,9
L1576,1,CSE,9.32,6-10L,After Counselling,47,3,11,Yes,No,Fee,3
L1577,3,CSE,9.35,<3L,After Understanding,17,0,13,No,Yes,Fee,7
L1578,3,CSE,7.35,3-6L,After Application,29,4,19,No,No,Fee,9
L1579,3,CSE,9.86,<3L,Before Counselling,2,1,24,Yes,Yes,Difficulty,3
L1580,2,CSE,5.38,6-10L,Before Counselling,33,0,10,No,Yes,Trust,5
L1581,2,IT,5.02,6-10L,After Counselling,4,0,24,No,No,Time,1
L1582,3,Mechanical,6.9,6-10L,Before Counselling,39,1,5,Yes,No,Trust,9
L1583,2,Mechanical,8.01,<3L,After Counselling,25,2,6,No,No,Job,1
L1584,4,IT,8.15,<3L,Before Counselling,5,0,24,No,No,Job,4
L1585,1,IT,7.38,3-6L,After Understanding,4,0,17,No,No,Trust,4
L1586,3,ECE,5.62,10L+,After Understanding,29,3,2,Yes,No,Job,8
L1587,2,Mechanical,5.85,10L+,After Application,37,1,19,No,Yes,Trust,5
L1588,2,CSE,9.26,<3L,After Application,8,0,19,Yes,No,Trust,3
L1589,3,IT,9.34,6-10L,After Understanding,20,0,20,Yes,No,Trust,1
L1590,3,CSE,8.37,10L+,After Application,41,2,10,No,Yes,Fee,1
L1591,4,Mechanical,8.32,<3L,After Application,6,1,2,Yes,No,Time,4
L1592,1,Civil,7.99,6-10L,After Application,36,0,4,No,No,Job,7
L1593,1,Civil,6.01,<3L,After Understanding,32,2,3,No,Yes,Time,8
L1594,3,IT,7.14,<3L,After Application,5,0,3,Yes,Yes,Time,1
L1595,3,ECE,8.48,<3L,After Counselling,40,4,18,No,No,Trust,8
L1596,2,CSE,7.69,3-6L,After Application,20,2,7,No,Yes,Time,5
L1597,1,IT,5.09,6-10L,After Counselling,45,4,6,Yes,No,Trust,6
L1598,1,ECE,9.77,3-6L,After Application,4,0,22,No,No,Job,8
L1599,4,CSE,9.22,<3L,After Counselling,39,2,12,Yes,Yes,Difficulty,1
L1600,1,Mechanical,6.3,<3L,After Application,22,1,10,No,No,Time,1
L1601,2,Civil,8.08,3-6L,After Counselling,33,3,23,No,No,Time,8
L1602,2,ECE,9.62,3-6L,After Application,31,0,5,No,No,Time,8
L1603,2,CSE,5.48,3-6L,After Counselling,41,2,8,No,No,Trust,4
L1604,1,IT,7.52,<3L,After Understanding,29,4,14,Yes,No,Fee,5
L1605,3,CSE,7.28,6-10L,Before Counselling,5,2,17,No,No,Trust,9
L1606,1,IT,7.05,10L+,Before Counselling,10,1,21,Yes,No,Trust,2
L1607,4,Civil,9.18,3-6L,After Understanding,11,2,18,No,Yes,Trust,1
L1608,2,Civil,6.9,6-10L,After Understanding,37,4,21,No,No,Job,7
L1609,3,CSE,5.32,10L+,After Counselling,22,0,3,No,Yes,Job,4
L1610,4,CSE,5.33,3-6L,After Counselling,24,4,6,No,No,Difficulty,7
L1611,3,IT,5.21,3-6L,After Application,21,4,19,No,Yes,Time,3
L1612,3,IT,7.05,6-10L,After Application,36,4,14,No,No,Difficulty,4
L1613,2,ECE,8.59,<3L,Before Counselling,16,3,19,Yes,No,Fee,8
L1614,2,ECE,6.02,3-6L,Before Counselling,2,0,12,No,No,Job,1
L1615,3,ECE,8.23,6-10L,After Counselling,15,3,15,No,No,Trust,7
L1616,4,CSE,8.44,<3L,After Counselling,41,2,13,Yes,No,Job,7
L1617,3,ECE,6.28,6-10L,After Understanding,26,0,5,Yes,No,Job,6
L1618,3,CSE,8.0,3-6L,After Counselling,30,0,8,No,No,Fee,1
L1619,3,Civil,8.42,3-6L,After Application,2,2,14,Yes,No,Fee,4
L1620,2,Mechanical,7.33,3-6L,After Understanding,29,2,20,No,Yes,Time,8
L1621,1,Civil,6.68,3-6L,After Counselling,6,4,12,Yes,No,Job,2
L1622,3,CSE,8.1,6-10L,After Application,1,0,8,No,No,Fee,2
L1623,4,CSE,9.89,3-6L,After Application,40,1,16,Yes,No,Difficulty,5
L1624,1,Mechanical,7.13,10L+,Before Counselling,11,4,20,Yes,No,Job,1
L1625,3,IT,6.96,3-6L,After Understanding,23,0,21,No,Yes,Trust,8
L1626,2,IT,7.32,3-6L,Before Counselling,26,2,18,No,No,Time,4
L1627,3,IT,5.38,10L+,After Understanding,31,2,24,No,Yes,Job,6
L1628,1,ECE,7.77,<3L,After Understanding,15,1,2,Yes,No,Time,6
L1629,2,IT,6.64,6-10L,Before Counselling,9,0,13,Yes,No,Time,4
L1630,3,ECE,5.61,<3L,Before Counselling,34,3,20,No,No,Fee,5
L1631,2,ECE,7.33,6-10L,After Counselling,39,4,6,No,Yes,Fee,6
L1632,3,IT,5.02,3-6L,After Understanding,17,0,11,No,Yes,Job,1
L1633,3,IT,7.01,10L+,After Counselling,35,3,12,No,No,Time,6
L1634,4,Mechanical,5.53,6-10L,After Understanding,36,2,17,No,No,Difficulty,7
L1635,2,Mechanical,5.12,<3L,After Application,3,2,19,No,Yes,Fee,6
L1636,2,ECE,9.12,<3L,After Counselling,40,3,10,No,No,Fee,4
L1637,1,Mechanical,9.58,3-6L,Before Counselling,11,3,23,Yes,No,Fee,6
L1638,4,ECE,6.04,3-6L,After Application,28,1,10,No,Yes,Fee,2
L1639,4,CSE,7.7,<3L,Before Counselling,28,0,15,No,No,Time,1
L1640,3,ECE,6.39,<3L,After Application,46,2,21,No,No,Difficulty,6
L1641,4,ECE,7.47,3-6L,After Application,19,4,7,No,Yes,Fee,1
L1642,3,Mechanical,7.18,<3L,After Counselling,2,2,13,Yes,No,Difficulty,4
L1643,3,CSE,6.35,6-10L,Before Counselling,32,0,24,Yes,Yes,Time,6
L1644,1,Civil,8.5,6-10L,After Counselling,44,3,12,Yes,No,Trust,6
L1645,3,Civil,5.63,6-10L,After Application,11,1,23,No,No,Trust,8
L1646,1,Civil,5.27,<3L,After Understanding,16,2,5,No,No,Trust,1
L1647,4,CSE,8.84,<3L,After Understanding,11,1,7,No,No,Job,1
L1648,3,IT,8.33,3-6L,After Application,3,3,19,No,Yes,Difficulty,8
L1649,3,CSE,7.49,10L+,Before Counselling,42,0,7,No,No,Time,5
L1650,1,Mechanical,7.34,<3L,Before Counselling,29,2,2,No,No,Job,5
L1651,2,ECE,7.49,<3L,Before Counselling,5,0,11,No,Yes,Trust,3
L1652,2,ECE,7.19,<3L,After Understanding,28,4,13,No,Yes,Trust,9
L1653,2,Mechanical,6.96,3-6L,After Counselling,31,0,8,No,Yes,Trust,8
L1654,1,Mechanical,7.5,3-6L,Before Counselling,13,3,12,Yes,No,Time,8
L1655,4,ECE,7.64,<3L,After Counselling,25,3,21,No,Yes,Trust,3
L1656,3,IT,8.46,3-6L,Before Counselling,6,4,2,No,No,Difficulty,9
L1657,2,IT,8.56,3-6L,Before Counselling,3,0,17,No,No,Trust,5
L1658,2,IT,6.89,3-6L,Before Counselling,22,3,5,No,No,Job,1
L1659,2,Mechanical,7.07,3-6L,After Counselling,41,3,7,Yes,No,Trust,2
L1660,3,ECE,6.87,6-10L,After Counselling,39,3,11,No,No,Job,7
L1661,3,ECE,7.68,3-6L,After Counselling,32,3,8,No,No,Fee,1
L1662,4,ECE,7.27,3-6L,After Application,30,1,13,No,Yes,Time,2
L1663,2,CSE,9.45,6-10L,After Understanding,7,2,20,Yes,No,Difficulty,5
L1664,4,CSE,8.48,10L+,After Application,25,1,11,No,No,Trust,5
L1665,4,Civil,9.49,<3L,After Understanding,2,3,3,Yes,Yes,Trust,6
L1666,2,CSE,8.55,<3L,After Application,8,0,10,No,No,Trust,6
L1667,4,IT,9.85,6-10L,After Understanding,33,1,2,No,No,Trust,9
L1668,1,IT,8.18,<3L,After Counselling,28,4,11,No,No,Job,7
L1669,4,IT,9.82,10L+,After Understanding,10,2,2,Yes,No,Time,8
L1670,2,IT,5.79,<3L,Before Counselling,38,0,3,No,Yes,Job,5
L1671,4,Civil,5.26,10L+,After Counselling,18,1,6,Yes,No,Trust,9
L1672,4,IT,7.9,3-6L,After Application,13,2,18,No,No,Job,2
L1673,4,Mechanical,9.92,6-10L,Before Counselling,21,1,14,Yes,No,Trust,7
L1674,3,Mechanical,7.09,<3L,Before Counselling,33,4,7,Yes,Yes,Fee,2
L1675,2,Mechanical,6.06,10L+,After Counselling,23,3,11,No,Yes,Job,8
L1676,1,CSE,7.61,<3L,Before Counselling,1,4,3,Yes,Yes,Time,5
L1677,2,ECE,8.24,<3L,After Counselling,44,3,6,Yes,No,Fee,8
L1678,1,Civil,6.58,<3L,After Understanding,40,2,20,No,No,Difficulty,5
L1679,3,Mechanical,8.57,10L+,After Counselling,21,1,3,No,No,Job,3
L1680,2,Mechanical,9.88,3-6L,After Counselling,5,1,23,No,No,Job,3
L1681,4,IT,9.48,3-6L,After Application,35,4,2,Yes,No,Difficulty,6
L1682,3,Mechanical,6.46,3-6L,Before Counselling,18,0,9,No,No,Time,7
L1683,4,IT,6.63,6-10L,After Application,38,2,16,No,Yes,Fee,7
L1684,1,IT,6.86,3-6L,After Application,36,3,7,No,No,Difficulty,3
L1685,4,ECE,6.97,3-6L,After Application,47,2,5,No,No,Time,2
L1686,4,CSE,5.5,6-10L,After Application,29,4,13,No,Yes,Fee,5
L1687,2,IT,8.81,6-10L,After Application,26,1,17,No,Yes,Time,3
L1688,3,IT,6.83,<3L,Before Counselling,36,3,22,No,No,Time,7
L1689,3,ECE,9.4,<3L,Before Counselling,38,3,3,No,No,Trust,3
L1690,1,IT,9.63,<3L,Before Counselling,18,3,9,No,Yes,Job,8
L1691,3,Civil,5.12,<3L,After Application,29,3,23,No,No,Fee,7
L1692,2,CSE,9.94,3-6L,Before Counselling,31,2,7,No,No,Trust,8
L1693,1,Civil,8.55,3-6L,After Application,42,2,4,No,Yes,Fee,1
L1694,2,Mechanical,7.6,10L+,Before Counselling,13,4,2,No,Yes,Trust,7
L1695,1,CSE,6.95,<3L,Before Counselling,30,1,9,No,No,Fee,4
L1696,1,Mechanical,7.59,6-10L,Before Counselling,7,1,13,No,Yes,Job,9
L1697,1,IT,6.62,3-6L,Before Counselling,40,2,8,No,No,Time,4
L1698,4,ECE,8.11,<3L,After Counselling,6,4,18,Yes,No,Job,4
L1699,3,Civil,5.46,3-6L,Before Counselling,2,0,14,No,No,Fee,3
L1700,4,Mechanical,8.11,10L+,Before Counselling,8,3,19,No,No,Job,1
L1701,2,IT,6.38,<3L,After Counselling,10,1,17,Yes,No,Fee,3
L1702,2,Civil,5.09,3-6L,After Understanding,44,3,9,No,Yes,Difficulty,5
L1703,3,Civil,7.76,<3L,After Understanding,43,1,22,Yes,No,Difficulty,1
L1704,2,Mechanical,7.89,<3L,After Counselling,22,0,13,No,Yes,Fee,2
L1705,1,IT,7.13,3-6L,After Understanding,10,1,7,No,No,Difficulty,1
L1706,3,ECE,5.36,6-10L,Before Counselling,35,0,3,No,No,Time,8
L1707,2,Mechanical,9.47,6-10L,After Application,19,1,8,Yes,Yes,Fee,9
L1708,3,Civil,8.06,3-6L,After Application,4,2,23,No,No,Trust,7
L1709,3,Civil,5.58,10L+,Before Counselling,19,3,5,Yes,No,Difficulty,1
L1710,1,CSE,7.55,<3L,Before Counselling,41,4,21,No,No,Time,4
L1711,1,IT,7.49,6-10L,After Understanding,20,4,17,No,No,Fee,8
L1712,3,CSE,5.3,3-6L,After Counselling,4,1,18,No,No,Trust,9
L1713,2,ECE,8.03,6-10L,After Application,26,4,4,Yes,Yes,Time,4
L1714,1,Mechanical,9.04,6-10L,Before Counselling,3,3,4,No,No,Difficulty,2
L1715,4,Civil,8.75,10L+,After Counselling,30,2,15,No,No,Fee,2
L1716,1,IT,6.01,<3L,After Counselling,36,2,15,No,Yes,Difficulty,4
L1717,3,Civil,9.31,3-6L,Before Counselling,41,0,8,No,No,Trust,8
L1718,4,CSE,6.71,6-10L,After Counselling,6,4,2,No,Yes,Fee,6
L1719,2,CSE,9.73,6-10L,After Application,39,3,16,No,No,Time,8
L1720,1,Mechanical,5.36,3-6L,After Application,27,4,15,No,No,Difficulty,2
L1721,1,IT,7.43,<3L,After Counselling,16,3,5,No,No,Job,3
L1722,2,IT,7.99,<3L,Before Counselling,47,0,5,No,No,Time,6
L1723,1,Mechanical,6.24,<3L,After Counselling,16,4,12,No,No,Difficulty,1
L1724,3,CSE,8.86,6-10L,After Understanding,46,2,2,No,Yes,Job,6
L1725,1,CSE,8.13,6-10L,Before Counselling,36,0,12,No,Yes,Trust,6
L1726,3,CSE,5.09,<3L,Before Counselling,34,4,13,No,No,Fee,1
L1727,4,Civil,8.04,10L+,Before Counselling,39,2,16,No,Yes,Trust,3
L1728,4,ECE,7.46,<3L,After Application,24,2,16,No,No,Trust,1
L1729,3,CSE,5.98,3-6L,Before Counselling,39,3,23,Yes,No,Fee,6
L1730,2,ECE,9.98,<3L,Before Counselling,6,2,5,Yes,No,Time,9
L1731,3,ECE,9.49,6-10L,After Application,20,1,7,No,Yes,Difficulty,6
L1732,3,IT,6.46,6-10L,After Application,9,4,23,Yes,No,Trust,6
L1733,2,Mechanical,7.71,<3L,After Application,21,4,3,Yes,No,Time,2
L1734,1,Civil,6.58,3-6L,Before Counselling,11,3,24,No,Yes,Job,1
L1735,4,ECE,8.88,<3L,Before Counselling,30,2,10,No,Yes,Trust,4
L1736,2,Civil,9.65,<3L,After Application,1,3,9,No,No,Time,9
L1737,1,IT,6.79,<3L,After Application,27,1,20,No,No,Time,1
L1738,2,CSE,9.03,<3L,After Understanding,6,3,9,No,Yes,Difficulty,7
L1739,2,ECE,7.49,6-10L,After Application,43,4,21,No,No,Trust,3
L1740,4,Mechanical,6.98,3-6L,After Counselling,7,3,11,Yes,No,Fee,9
L1741,3,IT,9.69,<3L,After Understanding,22,4,18,Yes,Yes,Difficulty,2
L1742,3,Civil,7.55,<3L,After Application,34,0,20,Yes,No,Fee,2
L1743,1,CSE,7.34,<3L,After Application,20,1,2,No,No,Fee,7
L1744,2,Civil,8.36,<3L,After Application,45,1,22,No,No,Time,8
L1745,2,Mechanical,6.31,3-6L,After Application,45,4,16,No,Yes,Fee,1
L1746,1,ECE,6.62,<3L,After Counselling,15,0,12,No,No,Fee,9
L1747,2,Mechanical,9.66,6-10L,After Application,47,2,8,No,No,Difficulty,7
L1748,3,Civil,8.39,3-6L,Before Counselling,9,3,17,Yes,No,Trust,3
L1749,1,Civil,9.13,<3L,After Understanding,18,2,4,No,Yes,Difficulty,7
L1750,3,Mechanical,6.36,10L+,After Application,46,0,24,No,No,Time,6
L1751,2,Mechanical,7.72,<3L,Before Counselling,46,1,13,No,No,Trust,8
L1752,1,Mechanical,9.86,<3L,After Counselling,36,2,17,Yes,No,Difficulty,8
L1753,2,CSE,6.59,<3L,After Understanding,46,0,21,Yes,No,Trust,1
L1754,4,Civil,5.8,<3L,After Application,42,1,20,No,No,Job,4
L1755,4,IT,7.55,<3L,After Understanding,30,2,3,No,Yes,Difficulty,2
L1756,4,CSE,6.94,<3L,After Application,11,1,9,No,No,Trust,8
L1757,2,CSE,5.8,6-10L,After Counselling,33,4,20,No,Yes,Fee,8
L1758,1,CSE,9.44,6-10L,After Counselling,46,1,24,No,Yes,Job,3
L1759,3,IT,9.95,3-6L,After Understanding,40,1,12,Yes,Yes,Fee,4
L1760,2,Mechanical,7.84,3-6L,After Understanding,6,0,12,No,No,Job,1
L1761,4,Civil,8.87,3-6L,After Understanding,43,0,3,Yes,No,Time,4
L1762,1,ECE,9.3,<3L,After Counselling,46,3,6,Yes,No,Trust,5
L1763,2,ECE,8.5,<3L,Before Counselling,39,0,6,Yes,Yes,Job,8
L1764,1,Civil,5.22,<3L,After Understanding,22,4,11,No,No,Trust,4
L1765,2,IT,5.79,3-6L,After Application,39,4,3,Yes,No,Time,5
L1766,3,ECE,5.35,<3L,After Counselling,19,1,16,No,No,Job,3
L1767,2,CSE,5.05,<3L,After Understanding,22,0,19,Yes,No,Trust,3
L1768,2,ECE,6.53,<3L,After Counselling,31,3,13,Yes,No,Difficulty,5
L1769,2,Civil,6.96,<3L,After Understanding,42,0,11,No,No,Trust,2
L1770,2,CSE,6.21,<3L,After Counselling,25,3,8,No,No,Trust,1
L1771,3,ECE,5.32,<3L,After Counselling,41,1,16,No,No,Trust,5
L1772,4,Civil,7.65,<3L,After Understanding,30,4,16,Yes,No,Fee,1
L1773,4,IT,6.37,<3L,After Application,45,0,13,No,No,Job,5
L1774,3,Civil,8.98,<3L,After Counselling,4,0,21,Yes,No,Trust,4
L1775,2,IT,5.04,<3L,After Application,26,4,16,No,No,Time,8
L1776,3,CSE,9.21,<3L,After Application,7,4,4,No,Yes,Trust,2
L1777,2,Civil,9.77,6-10L,After Counselling,40,2,17,Yes,No,Trust,7
L1778,2,Mechanical,8.58,<3L,After Counselling,12,2,20,No,Yes,Difficulty,8
L1779,4,Mechanical,8.67,<3L,After Counselling,1,2,8,No,Yes,Difficulty,5
L1780,1,Mechanical,9.67,<3L,After Application,6,4,18,No,No,Difficulty,3
L1781,4,Mechanical,6.05,<3L,After Counselling,1,2,5,No,No,Fee,6
L1782,2,Mechanical,9.97,<3L,After Counselling,8,0,23,No,No,Time,1
L1783,3,IT,8.87,10L+,After Counselling,44,4,16,No,No,Job,3
L1784,3,Civil,8.63,6-10L,After Counselling,33,0,10,No,No,Time,9
L1785,4,CSE,6.81,<3L,After Understanding,4,4,18,No,No,Difficulty,5
L1786,3,Mechanical,7.73,3-6L,After Counselling,40,1,2,Yes,No,Time,6
L1787,3,Mechanical,8.27,<3L,After Application,6,0,3,No,No,Fee,9
L1788,1,CSE,8.1,<3L,After Application,45,4,8,No,No,Trust,2
L1789,3,CSE,8.52,6-10L,Before Counselling,3,3,24,No,Yes,Difficulty,7
L1790,1,Mechanical,5.41,<3L,After Understanding,15,4,15,Yes,No,Job,6
L1791,3,IT,6.78,3-6L,After Understanding,6,1,6,No,Yes,Fee,9
L1792,3,CSE,7.17,3-6L,Before Counselling,6,4,5,No,No,Time,1
L1793,3,Civil,6.3,3-6L,After Application,37,1,14,Yes,No,Job,4
L1794,1,Civil,5.86,10L+,After Application,27,2,11,No,No,Job,3
L1795,1,IT,5.69,6-10L,After Counselling,42,0,14,Yes,Yes,Difficulty,1
L1796,3,ECE,6.83,6-10L,Before Counselling,41,1,23,No,No,Trust,4
L1797,1,IT,7.47,<3L,After Application,46,3,13,No,No,Fee,6
L1798,1,Mechanical,5.31,<3L,Before Counselling,5,0,24,No,Yes,Time,1
L1799,1,ECE,9.73,6-10L,Before Counselling,39,4,19,Yes,No,Time,9
L1800,4,Mechanical,8.83,10L+,After Understanding,17,4,12,No,No,Fee,5
L1801,3,Civil,8.65,3-6L,After Application,23,1,19,No,Yes,Fee,3
L1802,2,CSE,5.86,10L+,After Application,17,3,23,Yes,Yes,Job,9
L1803,2,Mechanical,8.02,<3L,After Counselling,41,1,13,Yes,Yes,Trust,1
L1804,2,Civil,7.65,<3L,After Application,23,3,2,No,Yes,Trust,2
L1805,3,IT,9.91,<3L,After Understanding,39,1,22,Yes,Yes,Difficulty,8
L1806,3,Mechanical,8.74,3-6L,After Application,33,2,17,No,No,Time,3
L1807,1,Civil,7.88,6-10L,After Counselling,2,2,15,Yes,No,Time,9
L1808,1,CSE,9.25,<3L,After Application,10,2,2,Yes,No,Fee,5
L1809,1,Mechanical,5.78,10L+,Before Counselling,19,1,8,No,Yes,Difficulty,9
L1810,3,Civil,5.08,3-6L,After Understanding,40,0,20,No,Yes,Trust,1
L1811,3,Mechanical,8.45,3-6L,After Counselling,9,4,6,Yes,Yes,Trust,5
L1812,2,CSE,5.49,6-10L,After Counselling,15,0,18,No,Yes,Trust,4
L1813,1,Mechanical,5.58,<3L,Before Counselling,43,4,11,No,No,Difficulty,7
L1814,1,Mechanical,8.72,6-10L,After Understanding,24,3,5,No,No,Difficulty,1
L1815,4,Civil,6.35,<3L,After Application,12,2,15,No,Yes,Fee,3
L1816,2,ECE,8.14,<3L,After Understanding,22,2,24,No,Yes,Job,5
L1817,3,Mechanical,9.59,3-6L,After Understanding,18,4,7,Yes,No,Difficulty,8
L1818,3,ECE,6.58,10L+,After Understanding,2,2,13,Yes,No,Trust,8
L1819,2,IT,6.09,3-6L,After Understanding,15,0,21,No,No,Difficulty,3
L1820,2,Mechanical,5.53,3-6L,After Understanding,42,1,13,No,No,Job,5
L1821,1,ECE,5.65,6-10L,After Understanding,39,2,2,Yes,No,Difficulty,9
L1822,3,IT,5.31,<3L,Before Counselling,9,2,13,No,No,Trust,2
L1823,3,Civil,5.44,6-10L,After Counselling,22,3,7,Yes,Yes,Fee,7
L1824,3,Mechanical,7.16,3-6L,Before Counselling,17,1,5,Yes,No,Difficulty,7
L1825,3,Civil,6.6,<3L,After Application,14,4,18,No,No,Trust,2
L1826,1,IT,8.53,<3L,After Counselling,31,1,11,Yes,No,Difficulty,6
L1827,4,Civil,9.35,<3L,After Counselling,41,1,20,No,No,Fee,8
L1828,3,Civil,8.92,<3L,After Application,7,4,12,No,Yes,Time,3
L1829,2,CSE,7.65,<3L,After Counselling,47,1,2,Yes,No,Trust,9
L1830,4,IT,5.51,<3L,After Application,35,3,6,No,Yes,Trust,8
L1831,3,Civil,8.55,3-6L,After Understanding,34,0,15,No,Yes,Difficulty,3
L1832,3,ECE,6.81,3-6L,After Understanding,3,1,14,No,Yes,Time,7
L1833,3,IT,5.43,3-6L,After Counselling,2,0,3,No,No,Trust,8
L1834,4,CSE,9.21,<3L,After Counselling,45,3,15,No,No,Trust,1
L1835,3,Mechanical,6.69,6-10L,After Understanding,27,3,7,Yes,Yes,Time,3
L1836,1,Civil,6.09,<3L,After Understanding,45,1,7,No,No,Difficulty,9
L1837,2,ECE,9.36,3-6L,After Application,2,2,22,No,No,Trust,7
L1838,4,CSE,9.51,<3L,After Counselling,41,1,24,No,No,Trust,1
L1839,2,IT,6.69,3-6L,After Counselling,5,0,2,No,Yes,Fee,5
L1840,2,Civil,6.77,<3L,Before Counselling,21,3,21,Yes,No,Job,3
L1841,2,CSE,7.9,6-10L,After Understanding,7,0,12,No,Yes,Trust,2
L1842,2,CSE,8.67,6-10L,After Understanding,25,0,23,No,Yes,Trust,1
L1843,3,ECE,5.32,6-10L,After Counselling,45,4,5,Yes,Yes,Trust,2
L1844,4,Mechanical,7.97,<3L,Before Counselling,1,3,7,Yes,No,Fee,1
L1845,2,Mechanical,9.76,<3L,After Application,9,3,3,No,No,Time,6
L1846,1,Mechanical,6.31,10L+,After Application,2,0,21,No,Yes,Job,9
L1847,1,IT,9.54,3-6L,After Understanding,3,3,6,Yes,No,Fee,3
L1848,4,CSE,9.75,10L+,Before Counselling,44,1,16,No,No,Job,1
L1849,3,IT,6.35,<3L,Before Counselling,37,4,24,No,Yes,Difficulty,6
L1850,2,CSE,8.77,10L+,After Application,44,1,9,Yes,Yes,Trust,6
L1851,4,ECE,6.19,10L+,After Understanding,4,2,18,No,Yes,Time,2
L1852,4,ECE,8.69,3-6L,After Counselling,21,2,24,Yes,No,Job,4
L1853,4,IT,8.99,<3L,Before Counselling,26,0,11,No,No,Trust,5
L1854,4,IT,6.24,3-6L,After Counselling,44,2,10,No,No,Time,6
L1855,2,ECE,8.58,10L+,After Understanding,37,1,3,No,Yes,Trust,6
L1856,3,Civil,9.06,6-10L,After Application,14,2,12,Yes,No,Trust,2
L1857,2,Mechanical,6.79,<3L,Before Counselling,46,0,3,No,No,Time,5
L1858,4,Mechanical,5.84,<3L,After Counselling,10,3,17,Yes,Yes,Trust,5
L1859,3,ECE,5.46,6-10L,Before Counselling,26,4,5,Yes,No,Difficulty,2
L1860,3,Mechanical,7.88,3-6L,Before Counselling,10,0,18,Yes,Yes,Fee,7
L1861,3,Civil,9.89,6-10L,Before Counselling,37,0,10,Yes,No,Job,2
L1862,1,Civil,9.11,6-10L,After Understanding,18,0,13,No,Yes,Time,1
L1863,3,CSE,7.18,10L+,After Counselling,27,1,6,No,Yes,Fee,6
L1864,4,IT,7.68,<3L,Before Counselling,17,3,4,No,No,Job,1
L1865,4,Mechanical,6.4,<3L,After Counselling,10,0,7,Yes,No,Time,4
L1866,1,Civil,5.82,<3L,After Understanding,11,3,8,No,Yes,Time,4
L1867,1,IT,7.41,10L+,Before Counselling,47,0,5,Yes,No,Difficulty,6
L1868,1,IT,7.32,3-6L,Before Counselling,24,1,15,Yes,No,Time,5
L1869,3,CSE,7.61,<3L,Before Counselling,19,0,15,No,No,Difficulty,4
L1870,4,IT,9.76,<3L,After Counselling,44,2,3,No,No,Job,6
L1871,2,IT,8.02,<3L,After Counselling,16,1,22,Yes,Yes,Trust,5
L1872,3,ECE,8.03,6-10L,Before Counselling,23,0,16,No,No,Difficulty,7
L1873,4,CSE,5.64,6-10L,After Counselling,12,0,13,Yes,No,Trust,5
L1874,3,CSE,9.98,3-6L,After Counselling,19,0,15,No,No,Trust,9
L1875,3,Mechanical,8.86,<3L,Before Counselling,25,2,24,No,Yes,Time,3
L1876,3,IT,9.39,10L+,Before Counselling,3,2,11,No,Yes,Fee,2
L1877,3,Mechanical,7.07,<3L,After Application,13,0,4,No,Yes,Trust,1
L1878,2,Civil,7.51,3-6L,After Application,21,2,3,No,No,Fee,5
L1879,3,IT,7.61,<3L,Before Counselling,22,0,3,No,No,Difficulty,8
L1880,3,Civil,5.97,<3L,After Understanding,47,2,12,No,Yes,Trust,9
L1881,4,ECE,8.45,<3L,Before Counselling,29,3,13,No,No,Trust,3
L1882,3,IT,9.51,3-6L,Before Counselling,43,0,16,No,No,Trust,7
L1883,3,Mechanical,5.82,3-6L,Before Counselling,25,0,13,No,No,Fee,4
L1884,1,Mechanical,5.43,<3L,Before Counselling,23,4,12,Yes,Yes,Difficulty,7
L1885,2,IT,8.69,<3L,Before Counselling,12,4,21,No,Yes,Fee,5
L1886,1,Mechanical,6.37,6-10L,Before Counselling,23,1,21,No,Yes,Job,6
L1887,2,IT,8.12,<3L,Before Counselling,5,3,15,No,Yes,Job,8
L1888,3,CSE,8.48,<3L,Before Counselling,29,3,6,No,Yes,Time,9
L1889,4,Mechanical,6.61,3-6L,After Application,5,1,20,No,Yes,Trust,8
L1890,1,IT,9.08,6-10L,After Application,39,4,18,No,Yes,Job,6
L1891,2,IT,7.75,<3L,After Application,35,1,16,Yes,No,Job,5
L1892,4,Mechanical,9.34,10L+,After Understanding,35,4,21,No,No,Fee,4
L1893,2,CSE,8.82,<3L,After Counselling,17,0,18,Yes,No,Difficulty,2
L1894,3,Mechanical,9.34,<3L,After Understanding,30,1,13,No,Yes,Trust,8
L1895,3,IT,5.1,<3L,After Understanding,2,2,9,No,Yes,Trust,3
L1896,3,CSE,6.22,3-6L,Before Counselling,15,4,16,No,No,Time,6
L1897,1,Civil,5.45,<3L,After Application,23,0,22,No,No,Difficulty,1
L1898,2,ECE,7.21,3-6L,Before Counselling,42,2,3,No,No,Trust,5
L1899,3,Mechanical,9.45,<3L,Before Counselling,26,2,22,Yes,No,Fee,3
L1900,3,IT,7.34,<3L,After Application,11,3,22,No,No,Trust,1
L1901,1,CSE,9.25,6-10L,Before Counselling,24,4,18,No,No,Job,7
L1902,3,CSE,6.64,6-10L,After Counselling,9,0,22,No,No,Trust,8
L1903,1,Civil,6.7,<3L,After Counselling,14,4,11,No,No,Job,9
L1904,3,Mechanical,9.48,3-6L,After Understanding,24,0,19,No,Yes,Difficulty,4
L1905,2,CSE,7.13,3-6L,After Application,7,4,13,No,No,Job,2
L1906,4,Civil,8.95,<3L,After Counselling,10,2,2,No,Yes,Difficulty,8
L1907,2,IT,6.18,3-6L,After Understanding,33,3,5,No,No,Time,9
L1908,2,Civil,9.74,<3L,Before Counselling,33,1,6,No,No,Job,4
L1909,1,Mechanical,7.87,3-6L,After Understanding,46,4,4,Yes,No,Difficulty,6
L1910,2,Civil,8.8,6-10L,After Understanding,27,2,2,No,Yes,Fee,5
L1911,4,CSE,5.45,<3L,After Counselling,8,1,8,No,Yes,Difficulty,9
L1912,4,CSE,7.46,<3L,After Understanding,14,1,21,No,Yes,Time,4
L1913,2,ECE,9.51,<3L,After Application,7,1,13,No,Yes,Job,7
L1914,2,Civil,9.39,10L+,Before Counselling,18,2,22,No,Yes,Fee,2
L1915,3,IT,5.23,6-10L,After Application,26,0,7,Yes,No,Difficulty,1
L1916,4,Mechanical,6.52,<3L,Before Counselling,41,1,21,No,No,Job,1
L1917,3,ECE,7.22,3-6L,After Application,15,3,18,No,Yes,Time,5
L1918,2,Civil,5.86,<3L,Before Counselling,33,0,12,No,No,Trust,7
L1919,2,IT,8.65,3-6L,After Application,11,2,9,No,Yes,Time,5
L1920,3,ECE,5.92,3-6L,Before Counselling,19,1,12,No,Yes,Time,4
L1921,1,CSE,6.73,10L+,After Counselling,42,2,14,No,No,Job,9
L1922,3,Mechanical,8.32,<3L,After Understanding,18,2,10,No,No,Job,2
L1923,2,Civil,7.41,3-6L,After Understanding,22,1,20,No,No,Difficulty,2
L1924,3,IT,8.69,6-10L,After Understanding,36,2,21,No,No,Fee,1
L1925,1,CSE,9.81,6-10L,After Understanding,18,3,6,No,No,Time,5
L1926,3,ECE,5.58,3-6L,Before Counselling,18,3,11,Yes,No,Job,5
L1927,2,Mechanical,8.55,3-6L,After Application,22,4,14,No,No,Job,1
L1928,3,ECE,6.15,<3L,After Application,25,1,6,No,Yes,Time,6
L1929,1,ECE,7.07,3-6L,After Counselling,44,1,24,No,No,Difficulty,5
L1930,3,IT,5.16,6-10L,After Understanding,31,1,4,No,No,Job,7
L1931,3,CSE,5.68,10L+,After Understanding,9,4,18,No,No,Trust,1
L1932,3,Civil,6.6,6-10L,After Counselling,38,3,23,Yes,No,Trust,3
L1933,3,IT,6.71,<3L,After Understanding,19,3,11,No,No,Fee,9
L1934,3,Mechanical,9.5,6-10L,After Counselling,25,1,18,No,No,Difficulty,6
L1935,4,ECE,8.71,<3L,After Understanding,15,2,7,No,No,Time,2
L1936,2,Mechanical,9.86,<3L,After Application,5,0,15,No,No,Time,9
L1937,4,IT,8.0,3-6L,After Counselling,11,0,10,No,No,Time,3
L1938,2,IT,6.21,<3L,After Application,13,1,6,No,No,Trust,3
L1939,1,Civil,6.64,10L+,After Understanding,34,1,24,No,No,Time,2
L1940,1,ECE,6.6,3-6L,After Application,8,3,23,No,Yes,Fee,5
L1941,2,IT,6.63,3-6L,After Application,25,3,21,No,Yes,Trust,3
L1942,3,Mechanical,8.36,3-6L,Before Counselling,27,2,9,Yes,Yes,Job,6
L1943,3,Civil,7.65,6-10L,After Understanding,11,3,17,No,Yes,Difficulty,5
L1944,3,Mechanical,6.93,3-6L,Before Counselling,18,0,8,No,No,Job,9
L1945,3,ECE,5.75,<3L,After Counselling,10,0,24,Yes,No,Job,3
L1946,2,Civil,5.11,6-10L,Before Counselling,33,3,3,No,No,Difficulty,3
L1947,1,Civil,6.09,<3L,After Understanding,36,0,10,Yes,No,Difficulty,4
L1948,2,Civil,5.54,<3L,Before Counselling,17,0,22,No,No,Time,5
L1949,2,CSE,8.93,3-6L,Before Counselling,5,0,11,No,Yes,Time,8
L1950,1,Civil,5.56,<3L,After Understanding,23,0,20,Yes,Yes,Fee,2
L1951,2,Mechanical,8.62,10L+,After Application,3,4,5,Yes,No,Difficulty,1
L1952,3,Mechanical,6.93,3-6L,After Counselling,39,1,14,Yes,Yes,Difficulty,7
L1953,3,ECE,5.37,10L+,Before Counselling,37,2,3,No,Yes,Job,8
L1954,4,IT,9.06,<3L,After Understanding,10,4,20,No,Yes,Time,5
L1955,4,IT,7.9,10L+,Before Counselling,27,2,7,No,Yes,Fee,8
L1956,3,CSE,6.18,<3L,After Counselling,7,4,17,No,No,Time,8
L1957,2,Civil,9.47,<3L,After Counselling,29,4,16,No,No,Difficulty,4
L1958,3,CSE,5.23,<3L,After Counselling,39,2,15,No,Yes,Fee,3
L1959,3,ECE,6.01,3-6L,Before Counselling,6,1,14,Yes,No,Time,9
L1960,1,ECE,8.76,<3L,After Application,9,3,18,Yes,Yes,Job,4
L1961,2,IT,8.55,3-6L,After Application,8,4,19,No,Yes,Time,6
L1962,4,ECE,6.45,<3L,After Application,14,1,21,No,No,Time,2
L1963,2,Civil,5.31,<3L,After Understanding,38,3,2,Yes,No,Fee,7
L1964,3,Mechanical,9.29,3-6L,After Application,9,2,23,Yes,Yes,Fee,7
L1965,3,ECE,6.57,<3L,After Application,11,4,5,Yes,No,Trust,6
L1966,1,CSE,5.98,6-10L,After Counselling,11,3,17,No,No,Difficulty,1
L1967,2,Civil,7.58,3-6L,After Understanding,40,1,19,Yes,No,Job,2
L1968,2,ECE,9.55,10L+,After Counselling,35,3,11,Yes,No,Time,3
L1969,1,ECE,5.22,<3L,Before Counselling,11,2,21,No,Yes,Fee,3
L1970,1,Civil,8.83,10L+,Before Counselling,36,3,9,Yes,No,Time,6
L1971,4,ECE,7.86,3-6L,After Counselling,3,0,7,Yes,Yes,Time,8
L1972,2,Mechanical,7.13,10L+,After Understanding,45,4,18,No,Yes,Time,3
L1973,3,IT,8.72,<3L,After Application,19,1,6,No,No,Time,4
L1974,2,Civil,9.83,6-10L,After Application,8,1,23,No,No,Job,9
L1975,4,CSE,6.15,6-10L,After Understanding,28,4,5,No,Yes,Job,8
L1976,2,ECE,5.72,<3L,After Application,1,4,5,Yes,Yes,Job,8
L1977,2,IT,9.56,3-6L,After Application,40,0,20,No,No,Job,1
L1978,4,CSE,8.34,6-10L,After Counselling,30,0,23,No,No,Trust,9
L1979,4,CSE,7.19,3-6L,Before Counselling,41,1,10,Yes,No,Fee,7
L1980,1,Mechanical,7.87,<3L,After Understanding,38,3,14,Yes,No,Difficulty,4
L1981,4,IT,8.73,3-6L,After Understanding,11,4,8,Yes,No,Difficulty,6
L1982,2,Civil,8.87,<3L,After Application,29,0,23,No,No,Fee,1
L1983,2,IT,9.6,6-10L,After Application,31,0,19,No,No,Difficulty,8
L1984,1,IT,7.13,<3L,Before Counselling,10,0,23,No,No,Trust,9
L1985,1,CSE,6.47,<3L,After Understanding,35,3,24,Yes,No,Fee,9
L1986,3,Mechanical,8.2,<3L,After Counselling,40,1,19,No,No,Difficulty,9
L1987,2,Mechanical,7.08,3-6L,Before Counselling,29,1,18,No,No,Time,1
L1988,2,IT,7.97,10L+,After Counselling,37,0,23,No,No,Trust,9
L1989,3,IT,7.1,<3L,Before Counselling,2,3,9,No,No,Difficulty,6
L1990,3,ECE,5.76,<3L,After Counselling,1,3,12,No,No,Trust,6
L1991,1,CSE,7.35,<3L,After Counselling,32,1,7,No,Yes,Fee,1
L1992,3,Civil,8.45,6-10L,After Counselling,24,4,9,No,No,Fee,2
L1993,1,Civil,9.0,3-6L,After Understanding,2,0,23,No,No,Fee,8
L1994,3,Mechanical,7.47,<3L,After Application,3,3,23,No,Yes,Difficulty,2
L1995,3,CSE,5.83,3-6L,After Understanding,9,4,9,No,No,Job,9
L1996,4,Mechanical,7.07,<3L,After Counselling,24,2,20,No,Yes,Trust,4
L1997,1,Civil,8.93,3-6L,After Application,12,0,16,No,No,Difficulty,4
L1998,1,IT,7.06,<3L,After Counselling,34,2,20,No,No,Trust,5
L1999,2,CSE,8.48,6-10L,Before Counselling,34,1,7,No,No,Time,7
L2000,2,CSE,7.54,10L+,After Application,23,1,5,No,Yes,Fee,1
L2001,2,ECE,6.21,6-10L,After Understanding,19,1,24,No,Yes,Fee,9
L2002,4,IT,8.98,3-6L,After Counselling,32,3,8,Yes,Yes,Job,6
L2003,2,IT,5.42,3-6L,After Application,28,3,3,No,Yes,Fee,5
L2004,2,Mechanical,7.62,<3L,After Understanding,26,4,3,No,Yes,Time,5
L2005,3,CSE,6.04,6-10L,Before Counselling,45,2,23,Yes,No,Trust,1
L2006,2,Mechanical,5.34,3-6L,After Counselling,12,1,15,No,Yes,Difficulty,1
L2007,3,IT,7.51,10L+,After Understanding,43,1,10,No,No,Fee,7
L2008,1,ECE,7.5,<3L,After Application,31,3,8,No,No,Difficulty,2
L2009,2,CSE,8.53,6-10L,Before Counselling,11,3,23,No,No,Job,4
L2010,1,IT,8.72,3-6L,After Counselling,40,3,6,No,No,Fee,8
L2011,1,ECE,8.64,<3L,After Understanding,4,0,13,Yes,No,Job,6
L2012,4,Civil,7.05,3-6L,Before Counselling,18,2,19,No,No,Trust,4
L2013,1,IT,8.16,10L+,Before Counselling,29,2,20,Yes,No,Trust,7
L2014,3,Civil,7.88,10L+,After Understanding,47,0,17,No,No,Time,7
L2015,2,Mechanical,7.11,6-10L,After Counselling,39,1,13,No,No,Fee,1
L2016,2,Civil,7.99,<3L,After Understanding,47,4,7,Yes,No,Difficulty,1
L2017,4,IT,9.74,6-10L,Before Counselling,31,4,2,No,No,Fee,5
L2018,1,Civil,5.96,3-6L,Before Counselling,28,1,13,Yes,No,Trust,7
L2019,3,CSE,9.53,<3L,After Application,27,4,12,No,Yes,Job,6
L2020,4,IT,5.27,<3L,After Counselling,30,3,12,No,No,Time,1
L2021,3,ECE,6.54,<3L,After Understanding,42,2,10,Yes,No,Difficulty,7
L2022,4,Civil,6.44,<3L,After Counselling,11,3,3,No,Yes,Job,1
L2023,1,CSE,8.13,6-10L,After Counselling,14,4,22,Yes,Yes,Difficulty,2
L2024,2,Mechanical,5.66,<3L,Before Counselling,4,4,9,Yes,No,Time,7
L2025,2,Mechanical,9.41,<3L,After Application,36,2,2,Yes,No,Time,1
L2026,3,Civil,9.14,<3L,After Understanding,1,3,2,No,Yes,Difficulty,5
L2027,4,Mechanical,8.26,3-6L,After Understanding,44,2,13,No,No,Trust,3
L2028,2,ECE,7.29,<3L,After Application,39,4,5,No,No,Job,4
L2029,3,IT,9.66,<3L,After Application,37,2,2,No,No,Job,8
L2030,1,CSE,9.15,<3L,Before Counselling,33,2,13,No,Yes,Fee,9
L2031,3,Civil,7.5,3-6L,Before Counselling,21,4,15,Yes,No,Job,6
L2032,2,Mechanical,8.51,<3L,After Understanding,24,2,2,Yes,No,Trust,2
L2033,4,IT,7.83,3-6L,After Application,40,3,13,Yes,No,Trust,2
L2034,3,ECE,7.94,<3L,After Counselling,13,4,6,Yes,No,Difficulty,9
L2035,2,Mechanical,6.65,<3L,After Counselling,34,2,3,No,No,Fee,9
L2036,1,Mechanical,7.31,<3L,After Application,38,1,5,Yes,No,Job,7
L2037,1,CSE,5.39,<3L,After Understanding,29,3,12,No,No,Job,4
L2038,2,ECE,6.79,<3L,After Counselling,36,3,23,Yes,No,Time,4
L2039,2,ECE,8.48,<3L,After Counselling,40,3,19,No,Yes,Difficulty,2
L2040,4,Civil,9.77,<3L,After Application,47,0,20,No,No,Fee,6
L2041,3,CSE,9.82,6-10L,Before Counselling,5,4,19,Yes,No,Trust,7
L2042,3,Civil,7.78,<3L,After Counselling,20,0,21,Yes,No,Job,7
L2043,1,CSE,8.03,6-10L,Before Counselling,29,2,16,No,No,Job,6
L2044,4,ECE,5.93,6-10L,After Counselling,11,4,22,Yes,No,Time,6
L2045,3,CSE,8.48,6-10L,After Understanding,8,3,16,Yes,No,Time,5
L2046,1,CSE,5.35,<3L,Before Counselling,28,3,10,Yes,No,Job,8
L2047,3,CSE,6.42,6-10L,After Understanding,41,3,24,No,Yes,Job,5
L2048,3,IT,8.34,<3L,Before Counselling,18,3,9,No,No,Time,9
L2049,1,IT,6.55,<3L,After Application,30,2,24,No,Yes,Trust,7
L2050,2,ECE,5.25,<3L,After Application,14,1,11,No,No,Job,2
L2051,2,CSE,9.16,10L+,After Counselling,9,4,9,No,No,Difficulty,3
L2052,1,ECE,6.55,<3L,After Understanding,10,1,12,No,Yes,Job,8
L2053,4,IT,5.32,10L+,Before Counselling,25,4,22,No,Yes,Difficulty,9
L2054,4,CSE,5.37,<3L,After Understanding,27,3,20,Yes,No,Time,8
L2055,3,Civil,6.26,10L+,After Understanding,2,0,13,No,No,Trust,2
L2056,2,IT,5.89,10L+,After Counselling,3,2,8,No,No,Fee,5
L2057,2,IT,8.87,10L+,After Application,29,4,2,No,No,Fee,9
L2058,3,IT,6.61,3-6L,Before Counselling,37,3,4,No,No,Fee,8
L2059,3,CSE,9.02,6-10L,After Counselling,27,0,24,No,No,Time,4
L2060,1,Mechanical,5.87,10L+,After Understanding,4,3,14,No,No,Time,7
L2061,3,Civil,7.46,<3L,After Application,35,2,5,No,No,Job,3
L2062,4,Civil,8.44,3-6L,After Application,27,0,24,No,Yes,Trust,3
L2063,2,ECE,8.26,6-10L,Before Counselling,19,4,11,No,No,Trust,3
L2064,1,CSE,8.01,<3L,After Application,10,4,7,No,Yes,Job,6
L2065,3,IT,9.62,6-10L,After Understanding,26,4,5,No,No,Trust,9
L2066,2,Mechanical,6.14,<3L,After Application,7,4,24,No,Yes,Trust,3
L2067,2,CSE,7.47,3-6L,After Understanding,27,0,9,No,No,Job,3
L2068,1,CSE,9.42,<3L,Before Counselling,30,2,15,No,Yes,Time,8
L2069,2,Mechanical,5.39,<3L,After Understanding,12,0,24,No,No,Fee,8
L2070,3,IT,5.28,<3L,After Application,40,4,19,No,No,Job,7
L2071,3,CSE,6.17,6-10L,After Application,5,2,9,No,Yes,Job,4
L2072,2,Civil,8.17,<3L,Before Counselling,13,1,6,No,No,Fee,1
L2073,4,Civil,6.3,6-10L,Before Counselling,41,1,15,No,Yes,Fee,5
L2074,4,Mechanical,5.95,6-10L,After Application,4,0,23,No,No,Difficulty,9
L2075,4,IT,7.29,3-6L,Before Counselling,2,4,16,Yes,No,Difficulty,7
L2076,2,Mechanical,8.07,<3L,After Understanding,37,1,21,No,Yes,Difficulty,3
L2077,2,CSE,6.24,<3L,After Counselling,34,1,18,No,Yes,Time,8
L2078,4,Civil,6.5,3-6L,After Understanding,6,3,5,Yes,No,Job,5
L2079,3,ECE,8.07,<3L,After Understanding,26,3,22,No,No,Difficulty,2
L2080,1,Mechanical,9.73,3-6L,Before Counselling,11,2,21,No,Yes,Time,2
L2081,1,ECE,8.37,10L+,After Counselling,42,2,14,No,Yes,Fee,6
L2082,2,ECE,8.91,<3L,After Application,1,4,16,No,No,Difficulty,3
L2083,4,Civil,6.83,3-6L,Before Counselling,34,1,10,No,Yes,Job,6
L2084,3,Mechanical,6.36,10L+,After Understanding,21,0,18,Yes,No,Trust,3
L2085,2,ECE,7.27,6-10L,After Counselling,10,0,4,No,No,Time,4
L2086,1,CSE,9.04,6-10L,Before Counselling,5,3,10,No,No,Time,6
L2087,3,IT,7.28,6-10L,After Understanding,26,2,24,No,Yes,Fee,7
L2088,4,IT,9.23,<3L,After Understanding,44,4,22,No,Yes,Fee,1
L2089,2,Civil,9.94,6-10L,After Application,19,3,12,Yes,No,Fee,9
L2090,3,Mechanical,5.36,10L+,After Application,21,3,23,No,No,Difficulty,7
L2091,4,Mechanical,5.23,3-6L,After Counselling,34,4,21,No,No,Fee,9
L2092,2,IT,5.75,<3L,After Understanding,29,4,22,No,No,Trust,1
L2093,3,CSE,6.92,3-6L,After Understanding,38,1,6,Yes,No,Time,6
L2094,2,IT,5.66,<3L,After Application,15,4,19,No,No,Time,3
L2095,3,IT,9.35,<3L,After Understanding,40,4,13,Yes,No,Fee,4
L2096,3,Mechanical,5.12,3-6L,After Application,16,3,20,No,Yes,Job,3
L2097,3,ECE,6.58,3-6L,After Understanding,18,3,6,No,Yes,Time,5
L2098,3,CSE,5.92,3-6L,After Application,1,0,13,Yes,Yes,Difficulty,2
L2099,2,Mechanical,9.66,<3L,After Application,11,0,7,No,Yes,Job,2
L2100,4,IT,8.35,6-10L,After Counselling,36,0,18,Yes,Yes,Job,7
L2101,3,ECE,9.56,<3L,After Understanding,32,4,15,No,Yes,Trust,4
L2102,1,CSE,9.86,<3L,After Understanding,28,1,4,Yes,Yes,Fee,4
L2103,3,Civil,7.49,3-6L,After Application,6,3,2,Yes,No,Difficulty,8
L2104,3,CSE,6.17,<3L,After Understanding,7,2,24,Yes,No,Job,7
L2105,2,CSE,5.97,<3L,After Application,40,1,14,No,No,Job,2
L2106,4,IT,6.11,<3L,After Counselling,24,2,19,Yes,Yes,Fee,5
L2107,4,IT,8.54,6-10L,After Counselling,10,4,11,No,No,Difficulty,3
L2108,2,Civil,5.2,3-6L,After Application,30,2,24,No,No,Fee,2
L2109,4,Civil,5.26,<3L,Before Counselling,17,0,20,No,No,Difficulty,5
L2110,1,Civil,8.04,<3L,After Counselling,44,3,20,No,No,Fee,3
L2111,2,Mechanical,8.21,3-6L,After Understanding,8,1,18,Yes,Yes,Fee,3
L2112,1,Mechanical,8.33,6-10L,After Application,12,0,8,No,Yes,Fee,8
L2113,4,IT,6.86,3-6L,After Application,26,3,9,Yes,No,Trust,3
L2114,3,IT,9.03,6-10L,After Counselling,17,0,17,No,Yes,Fee,7
L2115,1,Civil,7.67,3-6L,After Application,35,1,17,No,No,Job,8
L2116,2,Mechanical,5.53,6-10L,After Counselling,46,4,17,No,Yes,Trust,5
L2117,3,ECE,8.99,6-10L,After Application,44,2,21,Yes,Yes,Fee,5
L2118,1,Mechanical,9.77,6-10L,After Counselling,5,4,10,Yes,Yes,Difficulty,3
L2119,4,IT,5.3,10L+,After Understanding,45,2,14,No,Yes,Time,7
L2120,4,Mechanical,6.96,3-6L,Before Counselling,11,2,5,Yes,No,Trust,6
L2121,3,IT,7.44,10L+,Before Counselling,16,1,11,No,No,Difficulty,7
L2122,4,Civil,5.73,3-6L,Before Counselling,42,1,22,No,Yes,Trust,4
L2123,2,Civil,9.34,6-10L,Before Counselling,30,4,23,Yes,No,Difficulty,3
L2124,4,Civil,6.42,<3L,After Counselling,40,3,10,Yes,Yes,Job,7
L2125,3,ECE,8.92,3-6L,After Application,6,3,19,No,Yes,Difficulty,3
L2126,3,ECE,8.35,6-10L,Before Counselling,20,4,13,No,Yes,Job,3
L2127,1,IT,7.99,<3L,After Application,20,2,11,No,No,Difficulty,4
L2128,4,CSE,5.96,3-6L,After Counselling,24,1,18,Yes,No,Trust,1
L2129,2,ECE,6.1,6-10L,After Counselling,27,4,13,Yes,No,Time,2
L2130,1,IT,5.24,<3L,Before Counselling,3,3,3,No,Yes,Trust,3
L2131,1,Mechanical,6.2,3-6L,After Understanding,24,2,15,No,No,Job,6
L2132,3,Civil,6.73,3-6L,Before Counselling,10,3,7,No,No,Difficulty,4
L2133,3,Civil,9.17,3-6L,After Application,25,2,12,No,No,Difficulty,9
L2134,3,Civil,6.83,<3L,Before Counselling,28,3,15,Yes,Yes,Difficulty,7
L2135,4,IT,8.77,<3L,After Counselling,18,0,24,No,No,Time,5
L2136,1,Civil,7.2,<3L,After Counselling,42,2,15,No,No,Trust,9
L2137,3,ECE,8.92,<3L,After Application,45,2,7,Yes,Yes,Trust,7
L2138,1,Mechanical,9.88,<3L,After Application,14,2,2,No,Yes,Difficulty,6
L2139,4,Civil,6.2,6-10L,After Application,1,0,18,Yes,No,Difficulty,4
L2140,4,IT,9.31,3-6L,Before Counselling,20,0,18,No,No,Difficulty,5
L2141,3,Mechanical,8.11,6-10L,Before Counselling,47,3,18,No,Yes,Trust,6
L2142,3,Civil,9.09,<3L,After Understanding,25,1,11,No,Yes,Time,1
L2143,2,CSE,8.26,3-6L,After Application,12,3,11,No,Yes,Difficulty,2
L2144,2,Civil,7.12,<3L,After Understanding,39,2,15,No,No,Difficulty,2
L2145,4,ECE,6.14,6-10L,After Understanding,46,2,2,No,Yes,Time,7
L2146,2,Mechanical,5.35,6-10L,After Counselling,9,3,3,No,No,Time,3
L2147,2,ECE,7.68,6-10L,After Understanding,9,4,19,No,No,Difficulty,4
L2148,2,CSE,9.95,<3L,After Counselling,42,1,21,Yes,No,Job,9
L2149,4,CSE,8.69,6-10L,After Application,41,0,4,No,No,Time,5
L2150,2,ECE,6.64,3-6L,After Counselling,25,1,5,No,No,Time,3
L2151,1,Mechanical,9.14,6-10L,After Application,30,4,6,No,No,Trust,7
L2152,3,CSE,8.84,3-6L,Before Counselling,40,3,21,Yes,No,Fee,5
L2153,4,CSE,6.41,3-6L,After Understanding,28,3,4,No,Yes,Difficulty,7
L2154,1,Civil,5.07,<3L,After Application,2,2,4,No,No,Fee,9
L2155,2,IT,5.59,3-6L,Before Counselling,25,3,5,Yes,Yes,Fee,1
L2156,1,CSE,9.39,<3L,Before Counselling,18,4,7,No,No,Difficulty,6
L2157,2,Mechanical,9.18,<3L,After Application,24,3,8,Yes,No,Trust,9
L2158,2,Mechanical,6.48,<3L,After Counselling,18,3,5,No,No,Time,1
L2159,3,Civil,6.43,10L+,After Application,27,4,16,No,No,Trust,6
L2160,3,Mechanical,8.96,<3L,After Understanding,44,0,7,No,No,Trust,3
L2161,3,Civil,9.69,6-10L,Before Counselling,35,1,6,Yes,No,Difficulty,8
L2162,2,CSE,8.9,10L+,After Counselling,34,3,9,No,Yes,Job,7
L2163,4,CSE,8.03,10L+,After Application,38,1,7,Yes,No,Time,4
L2164,2,CSE,6.21,6-10L,After Application,6,1,18,Yes,No,Time,4
L2165,4,CSE,7.63,6-10L,Before Counselling,16,2,17,No,Yes,Difficulty,8
L2166,3,IT,6.17,<3L,After Application,23,0,12,No,No,Job,6
L2167,1,IT,9.04,<3L,After Understanding,28,1,2,No,No,Job,7
L2168,3,CSE,6.93,3-6L,After Counselling,13,2,15,Yes,No,Fee,5
L2169,2,Mechanical,9.17,3-6L,After Understanding,12,4,14,No,No,Fee,4
L2170,3,Civil,6.91,<3L,Before Counselling,11,4,11,No,Yes,Trust,1
L2171,1,ECE,9.12,3-6L,After Counselling,47,4,11,No,No,Time,7
L2172,1,Civil,6.67,3-6L,Before Counselling,22,4,23,No,Yes,Time,4
L2173,4,ECE,7.2,6-10L,Before Counselling,31,4,9,No,Yes,Time,5
L2174,2,ECE,8.08,3-6L,After Understanding,27,2,10,No,No,Trust,5
L2175,4,CSE,5.35,3-6L,After Counselling,27,0,5,No,No,Job,2
L2176,2,ECE,9.74,3-6L,Before Counselling,40,0,12,No,No,Job,2
L2177,3,CSE,7.87,3-6L,After Understanding,26,2,24,No,No,Time,9
L2178,3,IT,7.54,10L+,After Understanding,7,2,10,Yes,No,Job,6
L2179,3,Mechanical,9.2,<3L,After Counselling,11,3,13,No,Yes,Time,8
L2180,2,ECE,9.33,3-6L,After Application,22,1,14,Yes,No,Job,6
L2181,2,Mechanical,7.61,3-6L,After Application,40,4,9,Yes,No,Difficulty,3
L2182,1,CSE,9.64,3-6L,Before Counselling,19,1,14,No,No,Fee,3
L2183,2,ECE,5.32,<3L,After Application,38,3,2,No,No,Difficulty,5
L2184,3,Civil,5.57,<3L,After Counselling,20,0,23,Yes,No,Fee,3
L2185,4,IT,7.98,<3L,After Application,19,4,12,No,Yes,Job,2
L2186,4,IT,6.77,<3L,After Counselling,19,0,3,No,No,Difficulty,4
L2187,3,ECE,7.32,6-10L,Before Counselling,36,2,6,No,Yes,Time,4
L2188,3,IT,6.64,3-6L,After Application,47,1,12,No,No,Difficulty,9
L2189,3,Civil,7.02,<3L,After Counselling,27,0,5,No,No,Job,7
L2190,2,Mechanical,9.11,<3L,After Counselling,17,3,9,No,No,Job,8
L2191,4,Civil,7.97,<3L,After Counselling,18,0,13,No,Yes,Fee,1
L2192,3,IT,9.99,10L+,After Understanding,20,4,4,Yes,No,Difficulty,7
L2193,3,Mechanical,8.93,3-6L,Before Counselling,44,4,18,No,No,Job,9
L2194,1,Civil,6.37,10L+,After Counselling,42,1,24,No,Yes,Difficulty,9
L2195,2,CSE,6.32,<3L,After Understanding,41,2,9,No,Yes,Trust,5
L2196,2,CSE,6.68,6-10L,After Understanding,8,4,7,No,Yes,Job,1
L2197,4,Mechanical,9.22,<3L,After Counselling,40,3,5,No,No,Fee,6
L2198,3,Mechanical,5.14,<3L,Before Counselling,11,1,5,No,No,Fee,3
L2199,2,Mechanical,6.15,<3L,After Application,30,4,8,Yes,No,Time,7
L2200,4,CSE,9.52,3-6L,After Understanding,12,3,11,No,Yes,Job,8
L2201,1,Civil,8.2,<3L,After Counselling,23,0,7,No,Yes,Time,6
L2202,2,Mechanical,6.13,3-6L,Before Counselling,6,3,5,No,Yes,Fee,2
L2203,1,CSE,6.1,6-10L,Before Counselling,35,1,22,No,No,Job,9
L2204,3,Mechanical,9.31,<3L,After Counselling,15,4,11,No,No,Trust,7
L2205,4,Mechanical,9.47,<3L,After Understanding,38,2,21,No,No,Difficulty,9
L2206,2,Mechanical,6.28,6-10L,After Application,28,2,18,No,No,Job,2
L2207,4,CSE,7.1,3-6L,Before Counselling,7,3,21,No,Yes,Time,6
L2208,2,Civil,9.17,6-10L,After Application,6,3,7,No,Yes,Job,9
L2209,4,CSE,8.86,<3L,Before Counselling,27,3,12,Yes,Yes,Fee,8
L2210,3,CSE,9.07,<3L,Before Counselling,2,4,19,No,Yes,Fee,5
L2211,4,Mechanical,7.59,<3L,Before Counselling,6,2,24,No,No,Fee,2
L2212,1,ECE,9.56,10L+,After Understanding,32,2,10,No,No,Difficulty,7
L2213,4,ECE,6.63,6-10L,After Understanding,29,1,13,Yes,No,Job,8
L2214,3,ECE,5.78,10L+,After Counselling,34,1,12,No,Yes,Fee,8
L2215,2,CSE,8.54,3-6L,After Application,1,0,19,Yes,Yes,Fee,2
L2216,4,Mechanical,7.7,6-10L,After Application,15,4,24,No,No,Trust,4
L2217,2,ECE,9.27,3-6L,After Counselling,10,3,3,No,Yes,Fee,8
L2218,4,IT,5.41,3-6L,After Understanding,10,1,17,No,No,Time,4
L2219,1,IT,9.22,6-10L,After Application,10,0,10,No,Yes,Fee,7
L2220,3,IT,6.47,<3L,After Counselling,37,0,17,No,Yes,Time,4
L2221,3,Civil,8.27,<3L,Before Counselling,32,2,13,No,No,Difficulty,9
L2222,1,Mechanical,5.2,<3L,After Application,36,4,18,No,No,Difficulty,9
L2223,2,CSE,8.05,6-10L,After Understanding,25,4,14,No,Yes,Job,4
L2224,1,CSE,8.59,<3L,After Application,15,3,5,No,No,Trust,3
L2225,2,Mechanical,6.84,<3L,Before Counselling,9,4,14,Yes,Yes,Job,4
L2226,2,Civil,6.08,10L+,After Understanding,16,3,13,No,Yes,Fee,9
L2227,3,Mechanical,7.69,<3L,After Understanding,41,4,3,No,No,Difficulty,7
L2228,2,Civil,9.17,<3L,After Counselling,19,2,18,No,No,Time,4
L2229,2,ECE,6.62,3-6L,After Understanding,46,0,16,No,Yes,Job,9
L2230,3,ECE,6.26,6-10L,After Counselling,44,4,14,Yes,Yes,Difficulty,9
L2231,1,Civil,6.39,<3L,After Understanding,12,4,3,Yes,No,Time,1
L2232,4,Mechanical,9.75,3-6L,Before Counselling,35,2,7,No,Yes,Time,9
L2233,4,ECE,6.8,<3L,Before Counselling,43,1,22,No,No,Fee,8
L2234,3,Mechanical,5.02,3-6L,Before Counselling,5,3,13,Yes,Yes,Job,3
L2235,3,ECE,8.91,<3L,Before Counselling,38,1,2,Yes,Yes,Time,8
L2236,4,Mechanical,8.5,<3L,Before Counselling,6,0,16,No,No,Difficulty,4
L2237,1,Mechanical,5.64,3-6L,After Application,14,1,4,No,No,Job,2
L2238,1,IT,9.92,10L+,Before Counselling,12,0,11,No,Yes,Fee,6
L2239,2,Civil,8.04,6-10L,After Understanding,22,3,7,No,No,Fee,2
L2240,3,CSE,7.5,10L+,After Counselling,45,2,6,No,Yes,Difficulty,7
L2241,1,Civil,6.91,3-6L,After Application,41,0,23,No,No,Time,1
L2242,3,Mechanical,9.49,<3L,After Understanding,4,3,9,No,Yes,Fee,4
L2243,4,Mechanical,6.22,<3L,Before Counselling,43,2,7,No,No,Fee,8
L2244,4,Civil,6.43,10L+,Before Counselling,18,1,12,No,No,Time,7
L2245,3,Mechanical,5.61,3-6L,After Understanding,31,1,15,Yes,No,Time,7
L2246,1,ECE,8.8,10L+,After Application,35,0,22,Yes,No,Time,7
L2247,4,Mechanical,7.98,<3L,After Counselling,4,4,21,Yes,Yes,Trust,7
L2248,3,Civil,8.05,<3L,After Counselling,9,4,6,No,No,Trust,7
L2249,1,Civil,6.09,<3L,After Counselling,45,2,14,No,Yes,Time,7
L2250,1,Civil,8.26,<3L,After Counselling,15,1,10,No,Yes,Time,5
L2251,4,IT,8.83,<3L,Before Counselling,42,3,11,No,No,Difficulty,7
L2252,3,IT,6.79,3-6L,After Application,21,2,12,No,No,Fee,5
L2253,4,IT,9.01,3-6L,Before Counselling,32,0,7,No,Yes,Job,7
L2254,4,IT,6.74,<3L,After Application,9,0,22,No,No,Trust,4
L2255,3,IT,8.79,<3L,After Counselling,32,2,6,No,No,Trust,8
L2256,3,IT,5.17,6-10L,After Understanding,16,3,6,No,No,Time,7
L2257,2,IT,7.76,3-6L,After Understanding,45,1,17,Yes,No,Time,6
L2258,2,Civil,9.85,3-6L,Before Counselling,5,1,9,No,Yes,Time,6
L2259,2,CSE,9.91,3-6L,After Understanding,42,3,16,No,No,Job,5
L2260,3,IT,6.41,6-10L,Before Counselling,31,1,16,Yes,Yes,Trust,2
L2261,3,Civil,7.21,3-6L,Before Counselling,25,4,10,Yes,No,Job,6
L2262,4,CSE,5.31,10L+,After Application,1,4,16,Yes,No,Fee,8
L2263,2,IT,9.37,3-6L,After Counselling,3,3,9,No,No,Job,2
L2264,3,CSE,7.84,<3L,After Counselling,21,4,15,No,No,Difficulty,6
L2265,3,CSE,6.93,<3L,After Counselling,28,2,8,No,Yes,Trust,2
L2266,3,ECE,5.56,3-6L,After Counselling,3,1,24,No,No,Job,8
L2267,3,Mechanical,9.73,3-6L,After Application,42,2,13,Yes,No,Trust,4
L2268,2,ECE,7.65,3-6L,After Counselling,32,3,2,No,No,Time,8
L2269,3,CSE,6.41,<3L,After Counselling,32,4,16,No,Yes,Job,6
L2270,1,Civil,6.75,3-6L,After Understanding,30,2,8,Yes,No,Trust,8
L2271,2,IT,6.35,6-10L,After Counselling,13,2,16,Yes,Yes,Job,9
L2272,2,Mechanical,8.01,3-6L,After Counselling,34,0,11,No,No,Job,7
L2273,3,IT,9.65,3-6L,Before Counselling,4,2,7,No,Yes,Job,1
L2274,4,Civil,9.28,10L+,Before Counselling,18,4,17,No,Yes,Difficulty,1
L2275,3,Mechanical,7.3,3-6L,After Counselling,32,1,15,Yes,No,Difficulty,1
L2276,3,ECE,9.13,<3L,Before Counselling,14,1,13,No,No,Job,2
L2277,3,CSE,7.12,6-10L,After Understanding,32,1,18,No,No,Job,3
L2278,3,Civil,6.26,<3L,After Understanding,6,4,11,No,No,Trust,6
L2279,1,CSE,9.92,6-10L,After Understanding,43,1,11,No,Yes,Time,9
L2280,2,CSE,6.52,<3L,After Application,17,1,9,Yes,Yes,Fee,8
L2281,2,IT,6.62,<3L,After Understanding,8,3,12,No,Yes,Time,3
L2282,2,Civil,9.95,<3L,After Counselling,35,3,19,No,No,Trust,2
L2283,1,CSE,5.67,<3L,After Understanding,24,0,14,No,No,Difficulty,7
L2284,1,ECE,8.8,<3L,After Understanding,3,0,21,No,No,Trust,9
L2285,2,Mechanical,9.68,<3L,After Understanding,17,2,17,Yes,No,Trust,8
L2286,4,Civil,7.56,6-10L,After Understanding,36,2,24,No,No,Fee,5
L2287,2,IT,5.01,6-10L,Before Counselling,40,2,15,Yes,No,Time,2
L2288,2,Civil,6.88,6-10L,After Understanding,17,0,13,Yes,No,Difficulty,5
L2289,1,IT,5.56,6-10L,After Understanding,30,1,14,No,No,Trust,6
L2290,3,Mechanical,7.08,3-6L,Before Counselling,25,2,14,No,Yes,Fee,7
L2291,2,ECE,8.95,6-10L,Before Counselling,22,1,17,No,Yes,Trust,9
L2292,2,CSE,7.19,3-6L,After Application,37,1,2,No,No,Trust,6
L2293,3,Civil,7.16,3-6L,After Counselling,11,0,13,No,No,Time,5
L2294,1,IT,7.78,6-10L,After Application,12,3,10,No,No,Time,7
L2295,1,Mechanical,7.91,<3L,Before Counselling,21,3,14,No,No,Fee,3
L2296,2,CSE,9.28,6-10L,Before Counselling,15,4,14,No,Yes,Trust,9
L2297,1,Mechanical,6.54,3-6L,Before Counselling,12,3,9,No,Yes,Trust,5
L2298,1,ECE,9.11,<3L,After Application,22,2,19,No,No,Trust,9
L2299,2,CSE,7.83,<3L,After Understanding,39,0,19,Yes,No,Job,3
L2300,4,CSE,6.5,<3L,After Counselling,35,1,10,No,No,Job,8
L2301,3,CSE,6.48,6-10L,After Counselling,42,0,2,No,No,Trust,7
L2302,3,IT,6.81,10L+,After Understanding,16,4,8,Yes,Yes,Time,4
L2303,2,CSE,8.11,<3L,After Counselling,33,4,14,No,No,Fee,6
L2304,4,Mechanical,6.15,<3L,After Understanding,43,4,16,Yes,No,Time,4
L2305,2,IT,9.6,<3L,After Application,14,1,3,No,Yes,Fee,3
L2306,1,CSE,7.87,6-10L,Before Counselling,18,4,9,Yes,Yes,Difficulty,6
L2307,3,Mechanical,9.6,<3L,After Understanding,44,4,21,Yes,No,Trust,7
L2308,1,Mechanical,5.23,10L+,After Understanding,16,4,6,No,Yes,Trust,8
L2309,2,Civil,6.71,3-6L,Before Counselling,40,1,10,No,Yes,Job,2
L2310,3,Mechanical,5.11,6-10L,Before Counselling,3,4,18,No,No,Difficulty,8
L2311,4,ECE,6.36,3-6L,After Counselling,43,2,22,No,No,Job,1
L2312,2,CSE,9.31,3-6L,After Understanding,26,0,15,No,Yes,Time,8
L2313,3,CSE,5.18,3-6L,Before Counselling,15,4,10,No,No,Job,8
L2314,4,CSE,7.18,6-10L,After Counselling,36,4,16,Yes,No,Fee,1
L2315,1,Mechanical,5.59,6-10L,After Application,27,0,23,Yes,No,Trust,1
L2316,2,Mechanical,7.08,3-6L,After Understanding,17,4,21,Yes,No,Time,7
L2317,2,CSE,9.19,3-6L,After Application,14,4,2,No,Yes,Difficulty,6
L2318,2,IT,8.12,10L+,Before Counselling,2,2,14,No,Yes,Trust,4
L2319,2,IT,8.68,10L+,Before Counselling,27,3,11,Yes,Yes,Time,2
L2320,4,ECE,6.75,3-6L,After Understanding,47,1,13,No,No,Difficulty,9
L2321,3,Civil,9.72,<3L,After Application,24,1,15,No,Yes,Fee,2
L2322,3,ECE,8.55,<3L,Before Counselling,40,0,7,No,No,Fee,4
L2323,2,CSE,7.11,6-10L,After Understanding,45,2,12,No,No,Difficulty,3
L2324,4,CSE,7.13,<3L,After Understanding,35,1,24,No,No,Trust,2
L2325,4,CSE,9.59,<3L,After Understanding,4,0,8,No,No,Fee,7
L2326,4,Civil,7.88,<3L,Before Counselling,26,0,21,No,Yes,Time,5
L2327,1,Mechanical,8.53,3-6L,Before Counselling,36,0,5,No,No,Trust,9
L2328,3,Civil,7.09,3-6L,After Understanding,4,1,22,No,No,Difficulty,4
L2329,1,ECE,6.12,<3L,After Counselling,34,3,13,Yes,No,Fee,2
L2330,2,Mechanical,8.62,<3L,After Understanding,13,0,3,Yes,Yes,Fee,6
L2331,1,Mechanical,8.04,6-10L,After Understanding,40,4,21,Yes,No,Job,1
L2332,3,ECE,7.51,10L+,After Understanding,41,3,15,Yes,Yes,Job,2
L2333,3,Mechanical,8.12,<3L,After Counselling,1,3,10,Yes,Yes,Trust,7
L2334,1,IT,6.04,<3L,After Application,1,4,23,No,Yes,Trust,7
L2335,2,ECE,8.97,3-6L,Before Counselling,9,1,15,No,No,Difficulty,5
L2336,2,ECE,9.74,6-10L,Before Counselling,11,1,7,No,No,Difficulty,6
L2337,2,IT,9.46,6-10L,After Application,16,2,24,Yes,No,Difficulty,4
L2338,1,Civil,6.61,6-10L,After Understanding,29,1,6,No,Yes,Job,2
L2339,2,Civil,7.03,6-10L,After Understanding,36,2,21,No,Yes,Fee,7
L2340,3,Civil,9.04,<3L,Before Counselling,15,0,20,No,No,Fee,5
L2341,1,Mechanical,7.98,<3L,After Understanding,39,1,19,No,Yes,Difficulty,9
L2342,1,IT,7.74,3-6L,After Application,2,1,8,Yes,No,Job,7
L2343,2,ECE,9.63,6-10L,Before Counselling,10,4,22,Yes,Yes,Difficulty,2
L2344,4,ECE,7.68,3-6L,After Counselling,11,0,2,Yes,No,Time,1
L2345,3,ECE,7.57,10L+,After Understanding,30,2,21,Yes,No,Trust,3
L2346,3,Mechanical,5.21,6-10L,After Application,23,0,10,No,Yes,Job,8
L2347,2,Mechanical,5.35,6-10L,Before Counselling,22,3,9,Yes,Yes,Fee,6
L2348,3,Civil,5.04,<3L,Before Counselling,42,4,12,Yes,Yes,Time,2
L2349,1,Mechanical,9.57,<3L,After Counselling,36,3,8,No,No,Trust,7
L2350,3,Civil,7.04,6-10L,After Understanding,29,2,22,Yes,No,Trust,8
L2351,4,Civil,7.34,<3L,After Counselling,45,1,18,No,No,Trust,4
L2352,3,ECE,9.23,<3L,After Application,32,1,22,No,No,Job,8
L2353,4,Mechanical,8.05,10L+,Before Counselling,33,1,16,No,No,Job,4
L2354,3,Civil,8.05,6-10L,Before Counselling,39,2,9,No,Yes,Job,3
L2355,1,IT,6.48,<3L,After Counselling,9,3,21,Yes,No,Fee,8
L2356,4,IT,9.17,6-10L,After Counselling,1,2,13,No,No,Fee,2
L2357,1,Mechanical,5.83,<3L,After Counselling,18,2,6,No,No,Fee,4
L2358,3,ECE,5.27,<3L,After Understanding,22,3,9,Yes,No,Time,7
L2359,1,ECE,5.96,3-6L,Before Counselling,37,1,6,Yes,No,Time,1
L2360,1,Civil,6.34,6-10L,After Understanding,14,4,15,No,No,Difficulty,2
L2361,2,Mechanical,6.41,<3L,After Application,22,2,5,Yes,Yes,Difficulty,5
L2362,2,IT,8.35,<3L,After Understanding,33,2,16,No,Yes,Trust,9
L2363,2,Civil,6.09,<3L,After Counselling,6,3,21,No,No,Trust,1
L2364,3,Civil,8.38,10L+,After Application,27,4,23,No,No,Job,3
L2365,1,CSE,5.46,3-6L,After Application,6,2,11,No,No,Trust,6
L2366,1,Mechanical,5.74,3-6L,After Understanding,44,0,18,Yes,Yes,Trust,7
L2367,3,Civil,7.54,<3L,After Understanding,41,4,5,No,No,Time,6
L2368,2,IT,9.61,3-6L,After Counselling,16,2,2,No,No,Fee,7
L2369,3,CSE,9.3,3-6L,After Counselling,47,4,7,No,No,Trust,8
L2370,3,IT,9.84,6-10L,After Application,2,0,9,No,Yes,Difficulty,6
L2371,4,ECE,8.25,<3L,After Counselling,37,0,5,Yes,Yes,Difficulty,1
L2372,3,CSE,8.38,10L+,Before Counselling,29,4,15,Yes,No,Trust,4
L2373,2,CSE,8.13,3-6L,Before Counselling,23,1,3,No,No,Job,1
L2374,3,Civil,8.11,<3L,After Application,21,4,6,No,No,Difficulty,5
L2375,2,ECE,5.74,<3L,After Understanding,13,3,16,No,No,Trust,8
L2376,2,Civil,7.72,3-6L,After Understanding,1,1,20,No,No,Difficulty,2
L2377,3,Mechanical,6.93,10L+,Before Counselling,29,0,15,No,No,Trust,5
L2378,2,IT,7.21,6-10L,After Understanding,7,1,8,No,No,Time,6
L2379,3,IT,7.62,3-6L,After Counselling,31,0,10,No,No,Difficulty,3
L2380,4,Civil,5.64,<3L,Before Counselling,45,0,2,No,No,Trust,2
L2381,4,IT,6.8,<3L,After Application,22,0,21,No,No,Time,4
L2382,4,IT,5.32,3-6L,After Understanding,16,3,11,No,No,Trust,8
L2383,2,Mechanical,9.9,6-10L,After Application,28,3,12,No,No,Trust,2
L2384,2,ECE,5.59,6-10L,After Application,44,2,22,No,No,Job,3
L2385,3,CSE,6.29,<3L,After Understanding,39,3,13,No,No,Trust,2
L2386,2,Civil,9.46,<3L,After Understanding,25,0,2,No,No,Difficulty,1
L2387,3,Civil,7.41,<3L,Before Counselling,14,4,22,No,No,Fee,1
L2388,3,Mechanical,5.68,10L+,Before Counselling,21,1,9,Yes,No,Trust,3
L2389,3,Mechanical,6.92,3-6L,After Application,19,4,7,Yes,No,Difficulty,1
L2390,2,CSE,5.58,<3L,After Application,13,0,13,No,Yes,Trust,8
L2391,1,ECE,6.0,<3L,Before Counselling,2,4,10,No,No,Fee,1
L2392,2,Civil,5.26,<3L,After Application,36,1,5,No,No,Fee,3
L2393,1,Mechanical,7.19,3-6L,After Counselling,14,2,7,No,No,Trust,9
L2394,4,Civil,9.03,6-10L,After Understanding,34,2,4,No,No,Difficulty,3
L2395,2,IT,7.93,10L+,After Understanding,18,3,3,No,No,Time,9
L2396,1,Civil,8.03,3-6L,After Counselling,24,4,22,No,Yes,Job,1
L2397,1,ECE,6.0,<3L,Before Counselling,30,3,19,Yes,Yes,Trust,6
L2398,3,ECE,6.72,3-6L,Before Counselling,19,3,6,No,Yes,Difficulty,7
L2399,3,Civil,9.23,6-10L,After Application,36,4,23,Yes,Yes,Fee,4
L2400,2,IT,5.44,<3L,After Application,21,4,22,No,No,Difficulty,4
L2401,1,ECE,9.29,6-10L,Before Counselling,19,1,13,No,No,Trust,9
L2402,2,Mechanical,7.42,6-10L,After Application,26,4,3,No,No,Difficulty,4
L2403,2,Civil,9.19,3-6L,After Counselling,35,4,24,No,Yes,Difficulty,7
L2404,3,IT,6.59,3-6L,After Understanding,40,3,6,Yes,No,Trust,6
L2405,3,Mechanical,6.69,6-10L,After Counselling,4,2,19,No,No,Trust,4
L2406,2,Civil,8.76,3-6L,After Understanding,21,0,7,Yes,No,Time,8
L2407,2,IT,8.92,<3L,After Understanding,3,2,12,No,No,Trust,9
L2408,4,Mechanical,6.15,<3L,After Application,5,4,8,Yes,No,Fee,5
L2409,2,ECE,9.86,<3L,After Application,43,0,17,No,Yes,Difficulty,8
L2410,3,Civil,5.42,6-10L,After Understanding,29,4,9,Yes,No,Fee,4
L2411,1,Civil,5.34,3-6L,After Application,19,1,4,No,No,Job,9
L2412,2,ECE,7.98,3-6L,After Counselling,17,4,12,No,No,Job,7
L2413,1,CSE,8.61,6-10L,Before Counselling,34,0,21,No,No,Trust,8
L2414,3,Mechanical,9.8,<3L,After Application,20,1,23,No,No,Difficulty,1
L2415,4,ECE,7.02,6-10L,After Application,28,0,20,No,No,Trust,6
L2416,2,Civil,5.13,3-6L,After Application,9,1,12,No,No,Time,1
L2417,1,Mechanical,8.01,<3L,Before Counselling,3,3,23,No,No,Fee,7
L2418,1,Mechanical,6.45,<3L,After Counselling,10,0,10,No,No,Trust,4
L2419,2,CSE,7.16,10L+,After Understanding,21,3,13,No,Yes,Time,7
L2420,1,Civil,7.44,6-10L,After Counselling,41,3,17,Yes,No,Fee,1
L2421,1,IT,5.32,<3L,After Application,4,4,6,No,No,Trust,3
L2422,3,CSE,7.43,10L+,Before Counselling,22,2,3,No,No,Trust,3
L2423,2,CSE,7.13,6-10L,After Counselling,7,1,11,Yes,No,Trust,9
L2424,2,IT,8.56,<3L,After Application,12,0,3,No,No,Time,6
L2425,4,IT,8.23,<3L,After Application,11,3,24,No,Yes,Fee,7
L2426,1,CSE,5.93,<3L,After Understanding,22,4,5,No,No,Difficulty,8
L2427,4,Mechanical,6.03,3-6L,Before Counselling,29,0,17,Yes,Yes,Time,5
L2428,2,ECE,6.26,3-6L,After Understanding,27,4,7,No,No,Time,4
L2429,4,ECE,5.89,<3L,After Counselling,47,0,11,No,No,Time,3
L2430,3,CSE,8.29,3-6L,After Understanding,20,4,22,Yes,Yes,Fee,6
L2431,4,Mechanical,9.97,<3L,After Counselling,14,4,8,No,No,Job,7
L2432,4,IT,8.26,<3L,After Application,7,2,6,No,No,Difficulty,2
L2433,2,CSE,8.03,3-6L,Before Counselling,15,3,14,No,No,Difficulty,2
L2434,4,Civil,7.05,<3L,Before Counselling,46,1,10,Yes,Yes,Difficulty,2
L2435,2,Mechanical,6.56,3-6L,After Application,28,1,10,Yes,No,Job,8
L2436,2,Civil,9.56,10L+,Before Counselling,43,0,24,No,No,Time,1
L2437,2,Civil,9.85,<3L,After Understanding,10,0,16,No,Yes,Job,3
L2438,3,CSE,7.48,<3L,After Counselling,3,2,5,No,No,Difficulty,7
L2439,1,Mechanical,6.45,<3L,After Counselling,12,0,2,No,No,Time,1
L2440,3,Civil,8.85,3-6L,After Counselling,13,1,21,No,No,Fee,2
L2441,3,Mechanical,5.66,6-10L,After Understanding,39,3,15,No,No,Difficulty,5
L2442,3,ECE,8.83,3-6L,After Counselling,44,2,20,No,Yes,Time,4
L2443,4,Civil,9.09,3-6L,Before Counselling,34,0,2,No,Yes,Fee,3
L2444,2,Civil,5.62,<3L,After Counselling,1,2,11,Yes,Yes,Job,8
L2445,2,Mechanical,9.88,<3L,After Understanding,38,2,5,Yes,Yes,Time,9
L2446,2,ECE,9.93,<3L,Before Counselling,25,2,24,Yes,No,Time,2
L2447,1,Civil,9.68,3-6L,After Application,19,0,19,No,No,Job,6
L2448,1,CSE,7.48,<3L,Before Counselling,25,4,13,No,No,Fee,9
L2449,2,Mechanical,6.23,6-10L,After Understanding,6,0,8,Yes,No,Job,7
L2450,2,Mechanical,7.91,3-6L,Before Counselling,45,0,7,No,Yes,Difficulty,6
L2451,4,Civil,7.1,<3L,After Counselling,4,0,10,No,No,Trust,9
L2452,3,ECE,6.03,3-6L,After Understanding,26,0,3,Yes,No,Job,7
L2453,2,Civil,7.12,10L+,After Application,26,0,16,Yes,No,Difficulty,2
L2454,3,IT,8.32,<3L,After Counselling,26,2,23,No,No,Time,7
L2455,1,Civil,5.35,<3L,After Understanding,14,2,14,No,Yes,Difficulty,6
L2456,2,IT,6.67,3-6L,After Understanding,32,0,12,No,Yes,Time,3
L2457,3,CSE,5.09,3-6L,After Application,28,3,23,No,Yes,Trust,1
L2458,2,Mechanical,8.75,<3L,After Application,2,3,23,Yes,No,Trust,1
L2459,2,Mechanical,8.2,10L+,After Understanding,41,4,20,No,No,Job,9
L2460,4,ECE,5.31,3-6L,After Application,45,3,7,No,No,Trust,9
L2461,4,Civil,9.82,6-10L,After Application,21,1,10,No,Yes,Job,5
L2462,3,CSE,5.11,<3L,After Counselling,46,1,13,No,Yes,Fee,2
L2463,3,IT,7.95,6-10L,After Understanding,14,3,12,No,No,Time,3
L2464,3,ECE,8.88,<3L,Before Counselling,37,0,4,Yes,No,Job,6
L2465,2,CSE,8.94,<3L,After Counselling,2,3,19,Yes,No,Trust,8
L2466,2,CSE,5.17,10L+,After Understanding,5,1,14,No,No,Trust,9
L2467,1,IT,9.53,<3L,After Understanding,38,3,14,No,No,Time,6
L2468,2,IT,9.59,10L+,After Counselling,2,2,16,No,No,Time,5
L2469,3,Mechanical,7.81,3-6L,After Application,1,4,20,No,No,Fee,1
L2470,2,Civil,7.41,10L+,Before Counselling,22,2,16,Yes,No,Fee,7
L2471,4,ECE,5.22,3-6L,Before Counselling,41,2,16,Yes,No,Trust,5
L2472,4,Civil,7.81,6-10L,After Understanding,25,4,6,Yes,Yes,Time,1
L2473,3,ECE,7.05,<3L,After Understanding,46,0,6,No,No,Job,5
L2474,3,CSE,8.86,3-6L,Before Counselling,30,4,3,No,Yes,Job,4
L2475,4,IT,7.02,6-10L,After Understanding,9,0,19,No,Yes,Time,4
L2476,1,IT,8.42,6-10L,Before Counselling,37,1,7,Yes,Yes,Difficulty,8
L2477,3,CSE,5.51,<3L,After Application,47,3,19,No,No,Fee,2
L2478,1,CSE,5.66,3-6L,Before Counselling,10,1,23,Yes,Yes,Difficulty,9
L2479,3,ECE,5.7,3-6L,Before Counselling,15,1,8,No,No,Job,3
L2480,2,CSE,5.23,<3L,Before Counselling,3,1,21,Yes,No,Time,6
L2481,4,ECE,7.71,3-6L,After Understanding,8,3,21,No,No,Job,2
L2482,4,Civil,8.97,6-10L,After Application,25,0,4,No,Yes,Fee,9
L2483,1,IT,8.05,<3L,After Counselling,36,4,18,No,No,Job,1
L2484,2,IT,7.87,3-6L,After Counselling,43,0,21,Yes,Yes,Time,8
L2485,4,IT,8.4,10L+,Before Counselling,46,0,20,Yes,No,Time,3
L2486,2,Civil,6.7,<3L,After Understanding,21,2,9,Yes,No,Time,6
L2487,4,Civil,6.81,3-6L,After Counselling,34,3,22,No,Yes,Fee,3
L2488,3,Mechanical,6.57,6-10L,After Counselling,27,0,24,Yes,No,Job,6
L2489,2,ECE,8.56,6-10L,Before Counselling,9,0,20,No,Yes,Fee,1
L2490,2,ECE,5.81,6-10L,Before Counselling,10,1,20,No,No,Fee,7
L2491,2,Mechanical,5.07,6-10L,After Understanding,27,2,7,Yes,No,Job,6
L2492,3,IT,7.98,<3L,After Counselling,25,4,21,No,No,Difficulty,7
L2493,2,ECE,9.71,3-6L,Before Counselling,13,2,9,No,No,Job,5
L2494,3,ECE,8.05,6-10L,After Application,4,1,4,No,No,Fee,8
L2495,2,IT,8.91,<3L,After Application,16,1,6,Yes,No,Trust,9
L2496,3,CSE,8.36,<3L,After Application,12,1,2,Yes,No,Difficulty,9
L2497,4,CSE,7.49,6-10L,Before Counselling,25,3,2,No,No,Difficulty,6
L2498,4,Mechanical,8.59,6-10L,After Understanding,16,1,24,Yes,No,Trust,8
L2499,2,Civil,9.12,3-6L,After Application,39,0,2,No,Yes,Difficulty,7
L2500,4,ECE,6.12,10L+,After Application,2,3,7,No,No,Job,5
L2501,3,ECE,6.68,6-10L,After Application,9,1,3,No,Yes,Trust,7
L2502,3,Mechanical,6.12,10L+,Before Counselling,44,3,13,No,Yes,Trust,1
L2503,4,Mechanical,7.26,10L+,Before Counselling,13,0,18,No,No,Trust,5
L2504,2,ECE,9.43,3-6L,Before Counselling,14,1,11,No,Yes,Job,4
L2505,1,IT,6.73,6-10L,After Application,12,1,6,No,Yes,Difficulty,5
L2506,4,IT,6.87,3-6L,Before Counselling,35,0,6,No,No,Difficulty,7
L2507,2,Civil,9.3,6-10L,Before Counselling,22,1,3,No,Yes,Time,5
L2508,4,ECE,7.58,6-10L,After Understanding,21,0,13,No,No,Job,2
L2509,4,ECE,7.68,<3L,Before Counselling,3,1,6,No,No,Difficulty,5
L2510,1,ECE,9.3,<3L,After Counselling,22,1,16,Yes,Yes,Time,2
L2511,4,ECE,7.45,<3L,Before Counselling,9,2,24,Yes,No,Time,2
L2512,2,Mechanical,8.41,6-10L,Before Counselling,47,3,21,Yes,No,Fee,8
L2513,3,CSE,5.43,6-10L,After Counselling,40,4,19,Yes,No,Job,2
L2514,3,ECE,5.89,3-6L,After Counselling,42,2,22,No,Yes,Time,2
L2515,4,CSE,7.02,3-6L,Before Counselling,3,2,7,Yes,No,Trust,1
L2516,1,IT,7.47,6-10L,After Understanding,31,3,15,No,No,Trust,3
L2517,2,Civil,9.83,<3L,After Application,37,2,12,No,No,Fee,7
L2518,3,IT,9.85,<3L,After Counselling,6,0,9,No,Yes,Time,1
L2519,3,ECE,9.26,3-6L,After Understanding,14,2,24,No,Yes,Trust,1
L2520,3,IT,6.58,10L+,Before Counselling,19,4,10,Yes,No,Time,7
L2521,1,Mechanical,9.82,6-10L,Before Counselling,18,0,7,Yes,No,Trust,3
L2522,2,CSE,8.45,<3L,After Counselling,7,3,4,Yes,Yes,Job,6
L2523,2,ECE,6.96,<3L,After Counselling,36,3,9,Yes,No,Difficulty,7
L2524,4,Mechanical,8.51,3-6L,After Understanding,29,3,17,No,Yes,Trust,1
L2525,2,CSE,5.08,6-10L,Before Counselling,3,0,20,No,No,Job,4
L2526,2,Mechanical,5.73,3-6L,After Counselling,13,3,2,No,Yes,Difficulty,3
L2527,4,IT,9.15,3-6L,After Counselling,36,3,14,No,No,Fee,9
L2528,1,ECE,8.23,<3L,After Application,41,4,13,No,No,Difficulty,8
L2529,4,IT,6.82,10L+,After Counselling,25,1,21,No,Yes,Job,7
L2530,3,Civil,7.5,<3L,After Understanding,28,1,9,No,Yes,Trust,9
L2531,4,ECE,9.53,<3L,Before Counselling,38,1,15,No,No,Fee,9
L2532,2,IT,8.16,6-10L,After Counselling,11,3,7,No,No,Time,1
L2533,1,ECE,6.99,10L+,After Application,41,0,4,Yes,Yes,Fee,7
L2534,3,CSE,5.6,3-6L,After Counselling,9,3,4,No,No,Difficulty,7
L2535,4,ECE,6.47,3-6L,After Counselling,22,1,24,Yes,No,Job,9
L2536,3,ECE,9.89,<3L,Before Counselling,21,4,15,Yes,Yes,Fee,6
L2537,1,CSE,7.19,<3L,After Application,19,3,22,No,No,Fee,6
L2538,3,IT,7.36,<3L,After Understanding,33,3,4,No,No,Trust,3
L2539,3,ECE,7.49,3-6L,After Understanding,4,3,13,No,No,Difficulty,1
L2540,3,Mechanical,9.42,<3L,Before Counselling,33,0,13,No,No,Trust,6
L2541,3,ECE,8.02,6-10L,After Understanding,45,4,18,No,No,Trust,1
L2542,4,IT,8.47,<3L,After Understanding,16,4,12,No,No,Difficulty,5
L2543,3,CSE,6.95,3-6L,After Counselling,44,4,10,No,Yes,Fee,3
L2544,1,IT,5.15,3-6L,After Understanding,1,4,6,No,No,Job,9
L2545,2,Civil,9.65,3-6L,After Application,15,1,12,Yes,No,Job,1
L2546,1,ECE,9.75,<3L,After Counselling,22,3,8,Yes,No,Difficulty,3
L2547,2,ECE,9.75,6-10L,After Understanding,32,4,11,No,Yes,Difficulty,3
L2548,2,CSE,9.72,3-6L,After Application,37,2,10,No,No,Job,1
L2549,1,ECE,9.08,6-10L,After Counselling,23,2,21,No,No,Job,1
L2550,2,Mechanical,8.42,3-6L,After Application,33,1,16,No,Yes,Time,9
L2551,1,Mechanical,9.22,<3L,Before Counselling,40,2,12,No,No,Difficulty,1
L2552,4,IT,8.0,3-6L,Before Counselling,22,2,22,No,Yes,Trust,3
L2553,4,CSE,5.67,3-6L,After Understanding,40,2,4,No,No,Fee,3
L2554,1,Civil,6.96,6-10L,After Application,47,1,24,Yes,No,Fee,8
L2555,4,IT,9.86,6-10L,After Counselling,12,3,16,No,No,Time,5
L2556,3,CSE,6.76,<3L,After Application,18,1,18,No,No,Difficulty,4
L2557,2,CSE,9.34,<3L,After Application,32,0,4,No,No,Fee,7
L2558,1,IT,5.47,<3L,Before Counselling,3,0,21,No,Yes,Fee,7
L2559,3,IT,6.67,10L+,Before Counselling,36,2,5,Yes,No,Fee,3
L2560,3,ECE,6.75,<3L,After Understanding,47,2,12,No,No,Job,3
L2561,3,Civil,5.26,3-6L,After Application,46,3,24,No,Yes,Time,4
L2562,1,Mechanical,5.6,3-6L,After Application,1,2,8,No,No,Trust,2
L2563,1,ECE,5.97,3-6L,After Counselling,25,0,21,No,No,Job,2
L2564,2,CSE,9.19,<3L,After Counselling,20,2,23,Yes,No,Difficulty,7
L2565,2,Civil,5.32,<3L,Before Counselling,17,3,15,Yes,No,Time,3
L2566,2,Civil,6.49,3-6L,After Application,22,0,5,No,Yes,Job,5
L2567,2,IT,5.05,<3L,After Understanding,33,2,14,No,Yes,Job,2
L2568,4,Civil,8.48,<3L,Before Counselling,26,3,2,Yes,No,Time,1
L2569,4,Civil,8.1,<3L,After Application,27,3,24,No,No,Difficulty,9
L2570,2,CSE,8.22,3-6L,Before Counselling,34,0,19,No,Yes,Time,4
L2571,4,ECE,6.87,<3L,After Understanding,23,0,14,No,No,Time,9
L2572,2,Civil,6.04,<3L,After Application,16,0,4,No,No,Difficulty,5
L2573,2,IT,8.6,<3L,After Understanding,14,3,9,No,No,Job,5
L2574,2,ECE,9.06,<3L,After Application,41,0,19,No,Yes,Difficulty,3
L2575,3,IT,5.69,3-6L,After Application,14,0,3,No,Yes,Trust,5
L2576,4,Civil,7.43,<3L,After Understanding,45,3,21,No,Yes,Difficulty,6
L2577,3,ECE,6.24,3-6L,After Counselling,26,3,7,No,No,Trust,2
L2578,2,Civil,5.84,<3L,After Understanding,46,0,19,No,No,Time,5
L2579,3,CSE,8.67,10L+,After Understanding,27,0,19,No,Yes,Fee,7
L2580,1,ECE,7.69,<3L,Before Counselling,40,0,10,No,No,Time,8
L2581,4,IT,6.08,10L+,After Understanding,4,3,16,Yes,No,Trust,4
L2582,3,CSE,6.55,6-10L,After Understanding,9,4,24,No,Yes,Difficulty,6
L2583,2,Mechanical,9.83,3-6L,Before Counselling,27,1,4,No,No,Trust,3
L2584,3,IT,9.24,10L+,After Counselling,43,2,10,No,Yes,Fee,5
L2585,3,Civil,9.4,<3L,After Understanding,39,1,23,No,No,Time,6
L2586,1,IT,7.3,<3L,Before Counselling,15,3,19,No,Yes,Trust,3
L2587,3,Mechanical,8.12,<3L,After Counselling,25,4,24,No,No,Job,9
L2588,2,IT,6.88,<3L,After Counselling,18,3,21,Yes,Yes,Time,1
L2589,3,CSE,5.39,<3L,After Understanding,30,0,21,Yes,Yes,Time,3
L2590,4,IT,7.01,3-6L,After Counselling,37,2,8,Yes,No,Trust,8
L2591,4,ECE,7.97,<3L,After Understanding,16,1,22,No,No,Trust,4
L2592,3,Mechanical,6.44,<3L,After Counselling,12,3,18,No,No,Fee,5
L2593,3,IT,9.24,<3L,After Counselling,17,4,4,Yes,No,Job,4
L2594,1,Mechanical,5.76,3-6L,After Counselling,25,0,8,No,Yes,Trust,2
L2595,3,CSE,6.84,10L+,After Understanding,15,4,14,No,Yes,Fee,7
L2596,2,ECE,5.62,3-6L,After Counselling,25,2,10,Yes,No,Trust,2
L2597,2,Civil,7.02,3-6L,After Application,21,4,10,No,No,Time,7
L2598,2,IT,5.2,<3L,Before Counselling,19,4,24,No,No,Time,7
L2599,1,CSE,6.36,6-10L,Before Counselling,24,0,6,No,No,Time,6
L2600,3,Mechanical,7.0,<3L,After Application,7,4,5,No,No,Time,9
L2601,1,Mechanical,7.39,10L+,After Counselling,12,0,10,Yes,Yes,Difficulty,2
L2602,3,CSE,7.72,3-6L,After Application,39,2,7,No,No,Time,8
L2603,2,IT,6.37,<3L,After Understanding,11,3,11,No,No,Job,8
L2604,1,Civil,7.62,10L+,Before Counselling,33,0,19,Yes,No,Time,5
L2605,3,IT,7.55,10L+,After Counselling,25,3,4,No,Yes,Difficulty,6
L2606,1,ECE,6.58,3-6L,Before Counselling,39,1,24,No,Yes,Trust,9
L2607,2,IT,9.15,<3L,After Application,34,4,21,Yes,Yes,Trust,2
L2608,3,ECE,7.73,6-10L,After Application,11,3,8,No,No,Difficulty,7
L2609,1,Mechanical,6.66,<3L,Before Counselling,16,4,13,Yes,Yes,Time,5
L2610,4,ECE,9.74,<3L,Before Counselling,32,0,6,No,No,Fee,8
L2611,1,Civil,9.23,<3L,Before Counselling,15,4,18,Yes,No,Job,9
L2612,2,CSE,9.91,3-6L,Before Counselling,40,2,20,No,No,Time,4
L2613,3,ECE,8.46,6-10L,After Application,15,3,5,No,Yes,Difficulty,7
L2614,2,IT,6.89,<3L,After Counselling,7,4,13,No,Yes,Time,1
L2615,1,ECE,6.4,10L+,Before Counselling,37,3,22,No,No,Difficulty,1
L2616,2,Mechanical,8.32,<3L,After Counselling,40,3,16,Yes,No,Time,2
L2617,2,ECE,9.9,<3L,Before Counselling,2,2,3,Yes,No,Fee,4
L2618,4,Civil,8.13,3-6L,After Understanding,6,0,16,No,No,Fee,9
L2619,2,ECE,9.41,6-10L,After Counselling,36,4,12,No,Yes,Job,7
L2620,3,Civil,6.65,10L+,After Understanding,39,1,2,Yes,No,Job,7
L2621,4,IT,7.03,6-10L,After Application,38,3,15,No,No,Difficulty,6
L2622,2,Mechanical,9.53,<3L,After Understanding,28,0,5,Yes,No,Fee,4
L2623,4,CSE,8.78,10L+,After Application,22,1,7,Yes,No,Job,9
L2624,2,IT,9.91,10L+,Before Counselling,37,3,9,No,No,Difficulty,6
L2625,4,IT,8.87,<3L,After Application,5,1,21,Yes,No,Job,1
L2626,1,CSE,7.24,3-6L,Before Counselling,18,4,3,No,Yes,Fee,6
L2627,3,ECE,7.66,3-6L,Before Counselling,11,4,5,No,No,Time,3
L2628,2,ECE,9.5,3-6L,Before Counselling,8,3,18,Yes,Yes,Trust,1
L2629,2,ECE,7.76,10L+,After Application,20,3,10,No,No,Fee,1
L2630,3,Mechanical,6.28,<3L,Before Counselling,11,4,20,Yes,No,Job,2
L2631,3,IT,7.18,3-6L,After Understanding,27,0,9,No,No,Trust,6
L2632,1,Civil,7.58,<3L,After Understanding,29,1,10,No,Yes,Fee,9
L2633,1,CSE,5.48,3-6L,Before Counselling,25,3,14,No,No,Job,2
L2634,3,IT,8.72,6-10L,Before Counselling,19,3,9,Yes,No,Fee,5
L2635,3,ECE,5.55,<3L,After Counselling,2,2,15,No,Yes,Difficulty,8
L2636,4,CSE,7.02,<3L,After Application,42,1,19,No,Yes,Job,1
L2637,3,Civil,9.02,10L+,After Counselling,39,4,19,No,Yes,Trust,4
L2638,4,IT,7.34,6-10L,After Understanding,44,3,11,No,No,Fee,1
L2639,3,IT,9.21,3-6L,After Application,2,3,21,No,No,Job,6
L2640,2,Mechanical,6.71,<3L,After Understanding,7,4,2,No,No,Time,9
L2641,1,IT,9.79,3-6L,After Application,31,1,13,Yes,No,Job,8
L2642,3,IT,6.05,6-10L,After Application,33,0,4,No,No,Fee,6
L2643,3,Civil,5.19,6-10L,After Application,11,4,21,No,No,Time,3
L2644,1,Civil,9.36,<3L,After Understanding,40,0,13,Yes,No,Trust,2
L2645,2,CSE,8.76,3-6L,Before Counselling,40,3,19,No,Yes,Time,8
L2646,4,ECE,6.16,<3L,After Understanding,46,0,13,Yes,No,Fee,2
L2647,3,Civil,9.92,<3L,After Application,13,0,8,No,Yes,Time,2
L2648,2,CSE,7.51,3-6L,After Understanding,10,4,4,No,No,Fee,9
L2649,2,IT,9.76,<3L,After Understanding,38,3,8,No,No,Time,6
L2650,2,CSE,7.53,<3L,After Counselling,20,1,24,No,No,Difficulty,2
L2651,2,CSE,7.36,6-10L,After Application,21,2,14,No,Yes,Trust,5
L2652,2,CSE,7.25,3-6L,After Understanding,14,0,12,No,No,Trust,7
L2653,1,CSE,6.67,6-10L,After Application,24,3,21,No,No,Trust,5
L2654,3,Civil,7.67,3-6L,After Understanding,40,2,21,No,Yes,Difficulty,4
L2655,2,ECE,7.26,6-10L,After Counselling,7,1,18,Yes,No,Trust,5
L2656,4,CSE,5.18,<3L,After Understanding,5,2,16,No,Yes,Time,9
L2657,4,Mechanical,6.3,<3L,Before Counselling,6,1,7,No,No,Job,5
L2658,2,IT,6.07,3-6L,After Application,40,2,7,No,No,Difficulty,1
L2659,3,IT,9.34,<3L,After Counselling,35,1,8,Yes,No,Difficulty,6
L2660,2,IT,7.99,6-10L,After Understanding,9,0,10,Yes,No,Fee,9
L2661,4,IT,8.82,3-6L,After Counselling,42,2,10,Yes,No,Difficulty,1
L2662,2,IT,9.78,<3L,After Understanding,1,1,22,No,No,Trust,5
L2663,3,CSE,8.22,3-6L,After Application,39,3,19,No,No,Difficulty,8
L2664,3,ECE,9.91,10L+,After Understanding,20,4,2,No,No,Difficulty,2
L2665,2,Mechanical,6.56,<3L,After Counselling,6,2,19,No,No,Time,1
L2666,1,Civil,5.93,<3L,Before Counselling,32,2,19,No,No,Time,4
L2667,3,Mechanical,7.02,6-10L,After Counselling,13,2,13,No,No,Difficulty,4
L2668,3,Civil,7.35,<3L,Before Counselling,39,2,2,No,No,Trust,1
L2669,2,Civil,9.48,<3L,Before Counselling,40,4,20,No,No,Time,8
L2670,3,Mechanical,7.8,<3L,After Application,21,2,15,No,Yes,Job,4
L2671,2,CSE,6.46,3-6L,After Counselling,37,0,15,No,No,Time,4
L2672,3,IT,8.71,3-6L,After Understanding,12,0,17,Yes,No,Fee,3
L2673,1,CSE,7.53,3-6L,Before Counselling,6,3,7,No,Yes,Fee,8
L2674,4,IT,5.81,10L+,After Counselling,15,4,18,Yes,No,Difficulty,8
L2675,2,ECE,7.88,6-10L,After Application,21,3,14,Yes,No,Difficulty,3
L2676,2,Civil,9.56,10L+,After Understanding,21,0,24,Yes,Yes,Trust,7
L2677,1,Mechanical,9.21,3-6L,After Understanding,28,2,20,No,No,Job,2
L2678,1,ECE,7.93,<3L,After Understanding,36,2,21,No,Yes,Trust,4
L2679,3,IT,6.89,10L+,After Counselling,17,1,3,No,No,Trust,3
L2680,2,CSE,5.43,<3L,After Counselling,46,4,11,Yes,No,Fee,1
L2681,4,Mechanical,7.35,6-10L,After Understanding,7,1,10,No,No,Job,8
L2682,1,Civil,8.76,<3L,After Application,23,4,22,Yes,Yes,Job,4
L2683,2,ECE,6.8,6-10L,After Understanding,45,4,13,No,No,Time,3
L2684,2,Civil,6.18,10L+,After Understanding,22,2,9,Yes,No,Difficulty,9
L2685,1,IT,9.66,<3L,After Application,10,2,10,No,No,Difficulty,5
L2686,1,Civil,9.11,<3L,After Application,18,3,12,No,No,Fee,5
L2687,2,CSE,8.19,<3L,After Application,2,0,2,No,No,Fee,3
L2688,2,ECE,5.68,3-6L,After Understanding,12,0,12,No,Yes,Time,4
L2689,2,ECE,5.72,<3L,After Application,45,2,20,No,Yes,Time,3
L2690,3,CSE,5.52,3-6L,After Counselling,39,0,24,No,Yes,Trust,2
L2691,3,Civil,8.08,<3L,After Application,22,4,3,No,Yes,Difficulty,4
L2692,1,CSE,5.58,<3L,After Understanding,43,0,15,No,No,Time,7
L2693,2,Mechanical,9.21,3-6L,Before Counselling,22,3,5,No,No,Job,4
L2694,4,CSE,9.96,3-6L,Before Counselling,42,0,21,No,Yes,Trust,2
L2695,3,Civil,6.83,<3L,After Counselling,22,0,24,Yes,No,Trust,4
L2696,3,CSE,7.27,6-10L,Before Counselling,6,3,16,No,Yes,Difficulty,9
L2697,2,IT,8.56,6-10L,Before Counselling,46,3,3,Yes,No,Difficulty,1
L2698,3,CSE,9.69,<3L,Before Counselling,37,2,17,No,No,Difficulty,7
L2699,3,CSE,9.47,<3L,After Counselling,20,3,23,No,No,Fee,9
L2700,3,Civil,5.29,6-10L,Before Counselling,6,2,5,Yes,Yes,Difficulty,3
L2701,4,Mechanical,5.85,<3L,After Understanding,9,4,3,No,Yes,Fee,9
L2702,1,Mechanical,8.77,<3L,Before Counselling,29,1,16,No,Yes,Time,9
L2703,1,Civil,8.44,3-6L,After Application,37,0,20,No,Yes,Job,5
L2704,3,Civil,5.67,<3L,Before Counselling,5,3,20,Yes,No,Job,9
L2705,4,Civil,7.51,<3L,Before Counselling,13,0,17,No,Yes,Trust,3
L2706,1,IT,8.9,10L+,After Understanding,27,4,13,Yes,Yes,Trust,7
L2707,2,ECE,6.09,<3L,After Counselling,23,1,4,No,Yes,Trust,6
L2708,1,CSE,9.36,10L+,After Counselling,37,3,21,No,No,Job,2
L2709,2,Civil,5.26,<3L,Before Counselling,46,2,16,No,No,Trust,9
L2710,3,Civil,8.91,6-10L,After Understanding,34,2,8,No,Yes,Fee,4
L2711,3,Civil,8.08,3-6L,Before Counselling,25,3,10,No,No,Trust,8
L2712,2,Mechanical,6.58,<3L,After Counselling,37,3,16,Yes,No,Time,3
L2713,2,Civil,8.6,6-10L,After Counselling,23,4,21,Yes,Yes,Trust,5
L2714,1,CSE,8.91,6-10L,After Application,28,1,14,No,No,Fee,1
L2715,2,Civil,9.67,<3L,After Application,26,3,8,No,Yes,Job,9
L2716,3,CSE,6.84,6-10L,After Understanding,12,2,23,Yes,No,Job,4
L2717,4,IT,8.43,3-6L,After Understanding,39,1,17,No,Yes,Job,3
L2718,4,ECE,8.01,6-10L,After Counselling,3,3,11,Yes,No,Fee,2
L2719,1,Mechanical,7.63,6-10L,After Counselling,9,1,3,No,Yes,Job,1
L2720,4,CSE,9.45,<3L,After Counselling,47,4,20,No,No,Difficulty,8
L2721,3,IT,5.02,<3L,Before Counselling,15,3,7,No,No,Trust,9
L2722,3,ECE,6.41,3-6L,After Application,8,3,22,No,No,Fee,7
L2723,2,ECE,7.69,10L+,After Application,28,1,19,Yes,No,Trust,9
L2724,2,ECE,5.89,<3L,After Counselling,26,3,3,No,Yes,Time,2
L2725,2,CSE,9.54,3-6L,After Counselling,16,1,22,No,Yes,Trust,5
L2726,1,IT,8.24,<3L,After Application,34,1,22,No,Yes,Fee,9
L2727,2,Civil,7.39,6-10L,After Understanding,20,3,2,No,No,Difficulty,7
L2728,2,IT,9.07,3-6L,After Counselling,1,2,16,Yes,No,Difficulty,8
L2729,2,IT,7.25,6-10L,After Counselling,24,4,11,No,Yes,Job,1
L2730,3,IT,7.79,10L+,After Understanding,29,1,4,No,No,Difficulty,9
L2731,2,CSE,5.01,<3L,After Counselling,4,2,11,No,No,Time,6
L2732,1,CSE,6.83,<3L,After Application,4,1,4,No,Yes,Time,6
L2733,4,CSE,5.69,10L+,After Application,38,2,23,No,No,Trust,8
L2734,4,IT,8.45,<3L,After Understanding,3,3,7,No,No,Time,3
L2735,3,CSE,7.4,6-10L,After Application,40,4,3,Yes,Yes,Fee,1
L2736,4,ECE,6.51,6-10L,After Understanding,2,2,24,No,No,Job,6
L2737,3,CSE,7.34,3-6L,After Understanding,29,0,10,Yes,No,Time,8
L2738,4,Mechanical,6.05,<3L,After Application,28,1,9,No,Yes,Job,4
L2739,1,CSE,9.63,<3L,After Understanding,12,2,22,No,No,Job,6
L2740,2,CSE,5.27,3-6L,After Application,44,4,2,No,No,Trust,4
L2741,2,CSE,9.33,<3L,After Understanding,15,4,18,Yes,Yes,Fee,3
L2742,1,CSE,7.56,3-6L,After Understanding,41,4,14,No,No,Trust,6
L2743,1,Mechanical,8.09,3-6L,After Understanding,31,2,6,Yes,No,Time,1
L2744,3,Civil,6.51,<3L,After Application,37,2,8,Yes,Yes,Time,5
L2745,3,CSE,9.83,<3L,After Counselling,32,3,10,No,Yes,Job,6
L2746,3,ECE,6.41,10L+,Before Counselling,22,0,15,No,No,Difficulty,6
L2747,1,Mechanical,7.94,3-6L,After Counselling,3,2,20,Yes,No,Job,3
L2748,4,Civil,9.97,3-6L,After Understanding,17,3,2,No,No,Fee,5
L2749,3,CSE,9.41,10L+,After Application,29,1,4,No,Yes,Difficulty,3
L2750,2,Civil,7.68,3-6L,After Understanding,12,0,17,No,No,Difficulty,5
L2751,3,ECE,9.95,10L+,After Counselling,14,4,9,No,No,Difficulty,3
L2752,2,Mechanical,8.51,<3L,Before Counselling,8,0,8,Yes,No,Time,2
L2753,2,Mechanical,6.04,6-10L,After Counselling,41,1,22,No,No,Fee,8
L2754,4,Civil,7.03,<3L,After Application,2,2,12,No,No,Time,4
L2755,2,CSE,6.67,6-10L,After Application,34,2,16,No,No,Job,8
L2756,2,IT,6.72,6-10L,After Counselling,24,3,14,No,Yes,Job,8
L2757,4,Mechanical,8.8,<3L,After Counselling,20,2,21,No,Yes,Job,6
L2758,3,IT,7.92,3-6L,Before Counselling,43,2,7,No,No,Job,6
L2759,1,Mechanical,5.19,6-10L,After Understanding,10,0,6,No,Yes,Time,4
L2760,1,CSE,9.39,<3L,After Application,40,1,23,No,No,Difficulty,6
L2761,1,CSE,6.48,6-10L,After Application,7,4,5,No,No,Fee,6
L2762,3,Mechanical,9.99,<3L,Before Counselling,1,4,20,No,No,Trust,5
L2763,2,Civil,9.77,10L+,After Application,10,3,16,Yes,No,Trust,6
L2764,1,CSE,9.7,<3L,After Application,5,1,22,No,Yes,Job,5
L2765,4,CSE,9.06,3-6L,After Counselling,40,0,6,No,No,Time,8
L2766,3,ECE,6.1,<3L,After Counselling,21,4,12,No,No,Job,4
L2767,2,CSE,7.66,<3L,Before Counselling,9,3,19,No,No,Time,8
L2768,3,ECE,6.12,3-6L,After Application,29,2,11,No,Yes,Difficulty,8
L2769,3,CSE,6.3,3-6L,Before Counselling,31,2,17,Yes,No,Fee,3
L2770,1,CSE,8.05,<3L,After Understanding,45,0,5,Yes,Yes,Job,5
L2771,2,Civil,5.2,6-10L,After Understanding,46,4,20,No,No,Fee,7
L2772,4,Civil,9.85,<3L,Before Counselling,27,2,24,No,Yes,Difficulty,8
L2773,2,CSE,9.59,6-10L,After Application,6,3,6,No,No,Trust,7
L2774,3,Mechanical,6.9,3-6L,After Understanding,43,3,16,No,Yes,Job,7
L2775,2,Mechanical,7.58,3-6L,After Application,31,4,7,No,No,Trust,1
L2776,1,CSE,7.33,<3L,After Counselling,41,0,24,No,Yes,Fee,5
L2777,1,Mechanical,9.41,3-6L,Before Counselling,45,3,3,No,Yes,Fee,4
L2778,2,CSE,8.44,3-6L,After Understanding,36,1,11,No,No,Trust,6
L2779,2,Civil,6.39,<3L,After Application,2,3,21,No,No,Difficulty,9
L2780,1,IT,7.23,<3L,After Counselling,21,0,7,No,No,Fee,4
L2781,4,ECE,7.14,<3L,Before Counselling,34,3,20,No,No,Time,7
L2782,4,Mechanical,9.8,<3L,After Understanding,22,2,7,No,Yes,Fee,2
L2783,3,Mechanical,5.88,<3L,After Counselling,13,0,16,No,No,Fee,3
L2784,4,Civil,5.45,<3L,Before Counselling,19,2,2,Yes,Yes,Time,8
L2785,2,Mechanical,9.4,3-6L,After Understanding,33,2,9,Yes,No,Fee,3
L2786,4,CSE,9.48,<3L,After Application,38,4,22,Yes,Yes,Difficulty,9
L2787,1,CSE,9.36,<3L,After Counselling,40,0,12,No,No,Time,4
L2788,4,IT,7.55,<3L,After Counselling,3,2,15,No,No,Fee,3
L2789,4,IT,8.3,3-6L,After Application,38,4,2,No,No,Time,2
L2790,3,IT,7.82,<3L,After Counselling,19,4,15,No,No,Fee,2
L2791,4,CSE,5.35,3-6L,After Counselling,7,2,11,Yes,No,Fee,1
L2792,3,IT,7.98,6-10L,Before Counselling,15,2,18,No,No,Job,4
L2793,2,IT,5.07,3-6L,After Application,38,1,12,No,No,Fee,7
L2794,2,CSE,6.62,<3L,After Counselling,25,0,11,No,No,Job,4
L2795,3,Civil,9.66,3-6L,After Application,22,4,16,No,No,Fee,2
L2796,1,Mechanical,6.52,<3L,Before Counselling,23,0,13,No,No,Difficulty,6
L2797,3,ECE,9.7,10L+,Before Counselling,10,4,4,No,No,Trust,8
L2798,4,CSE,6.25,6-10L,After Application,36,3,23,No,No,Job,2
L2799,1,CSE,6.57,3-6L,After Application,37,3,19,Yes,No,Trust,2
L2800,3,ECE,8.14,10L+,After Understanding,42,4,8,No,No,Trust,6
L2801,4,ECE,8.81,3-6L,Before Counselling,42,1,12,No,No,Difficulty,3
L2802,4,IT,7.51,<3L,After Counselling,42,3,19,No,No,Difficulty,3
L2803,4,ECE,9.41,<3L,Before Counselling,7,0,18,No,No,Difficulty,8
L2804,3,Mechanical,5.2,3-6L,Before Counselling,46,2,24,No,No,Trust,3
L2805,4,Mechanical,9.61,6-10L,After Understanding,25,0,17,No,Yes,Fee,6
L2806,3,Mechanical,5.98,6-10L,After Application,40,0,24,No,No,Time,1
L2807,1,Mechanical,9.42,3-6L,Before Counselling,41,0,4,No,Yes,Difficulty,3
L2808,2,Mechanical,7.0,<3L,After Understanding,24,4,14,No,No,Job,5
L2809,3,IT,9.16,3-6L,After Application,5,4,9,No,No,Fee,4
L2810,2,CSE,8.36,6-10L,Before Counselling,21,0,6,No,No,Difficulty,8
L2811,3,ECE,5.88,3-6L,After Understanding,40,2,8,No,No,Difficulty,5
L2812,3,CSE,9.59,3-6L,Before Counselling,20,1,20,No,No,Difficulty,1
L2813,1,ECE,6.23,3-6L,After Counselling,29,1,23,No,No,Time,1
L2814,3,IT,6.22,6-10L,After Application,37,3,20,Yes,No,Fee,3
L2815,3,IT,9.07,6-10L,After Application,20,3,13,No,No,Difficulty,5
L2816,2,Civil,5.53,<3L,Before Counselling,18,2,10,No,No,Fee,3
L2817,1,Civil,6.11,<3L,After Understanding,4,0,24,No,No,Fee,5
L2818,1,IT,7.52,6-10L,After Understanding,11,4,18,No,Yes,Trust,1
L2819,2,IT,9.15,6-10L,After Counselling,22,3,11,No,Yes,Fee,1
L2820,4,ECE,5.74,<3L,After Counselling,43,0,19,Yes,No,Time,7
L2821,2,IT,7.74,3-6L,After Understanding,14,1,2,Yes,No,Time,5
L2822,3,CSE,8.56,10L+,After Application,45,2,16,No,Yes,Time,2
L2823,2,ECE,9.3,10L+,After Counselling,28,4,12,No,No,Time,9
L2824,2,IT,9.68,6-10L,Before Counselling,4,4,5,No,Yes,Difficulty,9
L2825,4,ECE,8.92,<3L,Before Counselling,16,3,7,No,Yes,Fee,9
L2826,3,ECE,8.26,6-10L,After Application,38,0,14,No,No,Trust,4
L2827,1,Mechanical,7.17,<3L,After Application,23,4,9,Yes,No,Difficulty,4
L2828,2,Civil,5.56,6-10L,After Counselling,13,1,8,No,Yes,Job,9
L2829,1,ECE,8.55,<3L,Before Counselling,20,1,6,No,Yes,Difficulty,1
L2830,2,ECE,9.96,3-6L,After Application,5,2,6,No,No,Difficulty,8
L2831,3,Mechanical,8.68,3-6L,Before Counselling,19,2,17,Yes,Yes,Difficulty,1
L2832,1,IT,5.08,6-10L,After Counselling,21,1,7,No,Yes,Difficulty,7
L2833,2,ECE,7.48,3-6L,After Application,42,1,17,Yes,Yes,Trust,6
L2834,2,Mechanical,8.07,<3L,After Understanding,5,0,16,No,No,Time,8
L2835,4,CSE,8.45,6-10L,Before Counselling,14,4,7,No,No,Fee,5
L2836,4,Mechanical,8.6,<3L,After Application,36,0,22,No,Yes,Time,8
L2837,1,Civil,7.79,<3L,After Counselling,6,2,9,No,Yes,Trust,6
L2838,3,Civil,6.12,10L+,After Understanding,5,2,4,No,No,Trust,9
L2839,2,IT,9.71,3-6L,After Application,24,2,10,Yes,No,Difficulty,3
L2840,2,IT,8.48,6-10L,Before Counselling,29,4,22,No,Yes,Difficulty,4
L2841,3,Civil,6.18,3-6L,Before Counselling,29,3,10,No,Yes,Fee,7
L2842,4,Civil,6.61,6-10L,After Counselling,2,2,6,No,Yes,Difficulty,2
L2843,4,ECE,9.61,6-10L,Before Counselling,6,2,20,Yes,Yes,Fee,6
L2844,3,Civil,9.44,3-6L,After Understanding,34,0,17,Yes,No,Trust,8
L2845,2,IT,7.03,10L+,After Counselling,12,0,17,No,No,Fee,3
L2846,3,Civil,5.19,3-6L,After Counselling,22,3,19,Yes,No,Fee,1
L2847,2,IT,5.24,6-10L,After Application,4,3,13,No,No,Job,5
L2848,3,CSE,6.42,6-10L,After Counselling,45,3,17,No,No,Difficulty,4
L2849,2,Civil,8.15,<3L,After Application,6,3,6,No,No,Time,3
L2850,3,IT,7.92,3-6L,After Counselling,3,0,4,No,No,Job,6
L2851,2,Mechanical,8.17,10L+,After Application,13,2,8,No,No,Job,5
L2852,1,ECE,8.59,<3L,After Application,23,0,21,Yes,No,Job,3
L2853,4,IT,5.1,<3L,After Application,35,1,15,Yes,Yes,Time,2
L2854,1,Civil,5.53,3-6L,After Understanding,26,1,17,Yes,No,Time,3
L2855,3,Civil,6.8,<3L,After Application,9,2,2,Yes,Yes,Job,4
L2856,2,CSE,5.77,6-10L,After Understanding,23,3,6,No,No,Trust,9
L2857,1,Mechanical,5.38,<3L,After Application,4,2,9,No,Yes,Job,6
L2858,1,IT,8.2,<3L,After Application,34,1,3,No,Yes,Fee,6
L2859,1,Mechanical,9.08,6-10L,After Understanding,37,2,23,Yes,No,Fee,1
L2860,4,CSE,8.76,<3L,After Understanding,8,3,8,Yes,No,Time,4
L2861,2,ECE,9.09,3-6L,After Understanding,34,0,7,No,No,Fee,3
L2862,4,Mechanical,8.33,6-10L,After Understanding,37,3,11,No,No,Difficulty,4
L2863,3,CSE,8.68,6-10L,After Application,6,0,4,Yes,Yes,Difficulty,2
L2864,2,IT,6.36,6-10L,After Application,7,1,7,No,Yes,Job,9
L2865,3,ECE,9.97,<3L,After Counselling,45,4,24,No,No,Difficulty,6
L2866,3,Civil,5.92,<3L,After Counselling,41,2,20,Yes,Yes,Difficulty,1
L2867,3,CSE,6.07,<3L,After Application,39,4,3,Yes,No,Job,4
L2868,2,Civil,6.44,<3L,After Counselling,36,3,20,No,Yes,Difficulty,5
L2869,2,ECE,9.88,3-6L,After Understanding,5,0,18,No,Yes,Trust,2
L2870,4,CSE,9.94,<3L,After Counselling,3,3,24,No,Yes,Difficulty,7
L2871,4,CSE,8.97,3-6L,After Understanding,17,3,5,No,No,Time,4
L2872,4,ECE,8.15,<3L,After Application,19,1,4,No,No,Trust,5
L2873,2,IT,7.6,3-6L,After Counselling,45,3,15,No,No,Job,8
L2874,3,CSE,9.85,<3L,After Understanding,1,2,23,No,Yes,Job,7
L2875,2,ECE,8.48,<3L,After Application,37,1,4,Yes,No,Trust,3
L2876,2,Mechanical,9.72,3-6L,After Application,9,4,12,No,No,Job,5
L2877,2,Civil,6.58,3-6L,After Understanding,4,3,11,No,Yes,Time,8
L2878,3,CSE,6.67,6-10L,After Understanding,42,4,4,No,No,Fee,4
L2879,1,Mechanical,9.27,6-10L,After Application,46,2,10,No,No,Fee,7
L2880,2,CSE,5.75,6-10L,Before Counselling,10,2,17,No,Yes,Job,9
L2881,4,IT,9.73,3-6L,Before Counselling,32,2,19,No,Yes,Time,2
L2882,2,ECE,7.54,<3L,After Understanding,1,4,6,No,Yes,Job,5
L2883,1,CSE,9.63,<3L,After Counselling,23,4,16,No,No,Fee,1
L2884,1,ECE,6.68,6-10L,After Understanding,17,0,17,No,No,Time,6
L2885,4,CSE,8.58,<3L,After Application,30,1,19,No,No,Job,7
L2886,3,IT,7.41,<3L,After Understanding,27,3,7,No,Yes,Difficulty,6
L2887,2,IT,8.13,<3L,Before Counselling,15,1,5,Yes,No,Fee,6
L2888,4,Mechanical,7.52,<3L,After Understanding,38,2,24,No,Yes,Fee,6
L2889,4,IT,9.84,6-10L,Before Counselling,7,3,14,No,No,Time,8
L2890,2,ECE,8.46,<3L,After Counselling,33,0,2,No,No,Difficulty,9
L2891,3,IT,6.26,3-6L,After Counselling,5,1,3,No,No,Difficulty,4
L2892,3,CSE,9.55,<3L,After Counselling,39,2,16,Yes,Yes,Trust,3
L2893,3,IT,6.47,3-6L,After Understanding,34,3,5,No,No,Fee,7
L2894,1,ECE,6.86,6-10L,Before Counselling,3,3,14,No,Yes,Trust,8
L2895,4,CSE,5.51,<3L,After Understanding,32,2,24,Yes,No,Difficulty,3
L2896,3,Mechanical,9.5,6-10L,After Counselling,2,4,15,Yes,Yes,Time,6
L2897,2,Mechanical,6.43,<3L,After Understanding,16,1,16,Yes,No,Job,7
L2898,2,Mechanical,6.29,3-6L,Before Counselling,17,3,9,Yes,No,Job,7
L2899,1,CSE,9.6,6-10L,After Application,12,4,10,Yes,No,Fee,2
L2900,1,Mechanical,9.03,10L+,Before Counselling,5,0,6,No,No,Difficulty,8
L2901,3,IT,5.71,<3L,After Counselling,4,3,4,Yes,No,Trust,6
L2902,1,CSE,8.85,<3L,After Counselling,16,3,8,No,Yes,Time,6
L2903,2,CSE,9.57,<3L,After Counselling,18,0,9,Yes,No,Job,3
L2904,3,CSE,5.39,<3L,After Understanding,45,0,17,No,Yes,Job,6
L2905,1,Civil,9.13,<3L,Before Counselling,20,3,18,No,No,Job,9
L2906,4,ECE,7.74,<3L,After Understanding,9,2,11,No,No,Trust,6
L2907,2,Civil,8.35,3-6L,After Counselling,16,0,22,No,No,Fee,4
L2908,2,Civil,7.46,10L+,Before Counselling,35,4,2,Yes,No,Fee,9
L2909,2,Civil,8.49,<3L,After Application,29,0,20,No,No,Time,6
L2910,2,ECE,5.17,10L+,After Counselling,30,3,19,No,No,Trust,6
L2911,1,Civil,8.81,6-10L,Before Counselling,20,3,19,No,Yes,Fee,8
L2912,3,Mechanical,5.17,6-10L,Before Counselling,42,1,21,No,No,Difficulty,2
L2913,4,CSE,7.28,10L+,After Counselling,22,4,6,Yes,No,Trust,2
L2914,2,CSE,5.75,6-10L,After Application,23,1,12,No,Yes,Job,5
L2915,3,IT,9.12,6-10L,Before Counselling,36,0,2,No,Yes,Job,9
L2916,3,Mechanical,6.57,3-6L,Before Counselling,22,1,23,Yes,No,Trust,1
L2917,4,ECE,7.27,3-6L,After Application,1,3,12,No,No,Trust,1
L2918,2,CSE,7.14,10L+,After Counselling,21,2,12,No,No,Trust,2
L2919,2,Civil,8.86,<3L,Before Counselling,43,0,6,Yes,No,Job,4
L2920,2,IT,7.41,<3L,After Counselling,19,3,21,No,Yes,Time,7
L2921,3,IT,8.94,6-10L,After Understanding,8,0,23,Yes,Yes,Fee,3
L2922,4,CSE,5.37,3-6L,After Understanding,5,1,19,No,No,Trust,3
L2923,1,Mechanical,5.96,6-10L,After Application,40,1,9,No,Yes,Fee,6
L2924,2,IT,7.76,<3L,After Counselling,29,0,23,Yes,No,Difficulty,3
L2925,4,CSE,9.74,3-6L,Before Counselling,18,0,16,Yes,Yes,Fee,7
L2926,4,Mechanical,5.37,<3L,After Application,29,1,4,No,No,Fee,7
L2927,4,CSE,5.22,10L+,After Understanding,15,0,17,Yes,Yes,Difficulty,4
L2928,3,CSE,5.78,<3L,After Counselling,45,1,21,Yes,Yes,Difficulty,5
L2929,2,Mechanical,8.21,6-10L,After Application,31,0,13,No,No,Trust,5
L2930,3,Mechanical,6.99,<3L,After Application,15,2,3,Yes,No,Difficulty,1
L2931,3,Mechanical,9.13,<3L,After Counselling,45,0,21,Yes,Yes,Difficulty,3
L2932,1,CSE,5.36,<3L,Before Counselling,3,0,21,No,No,Job,5
L2933,3,IT,5.98,<3L,Before Counselling,44,3,14,Yes,No,Fee,5
L2934,3,ECE,6.5,3-6L,Before Counselling,44,2,20,Yes,Yes,Time,6
L2935,1,ECE,8.13,<3L,After Counselling,42,1,14,No,No,Fee,1
L2936,3,CSE,8.43,3-6L,After Understanding,33,1,22,No,Yes,Time,6
L2937,3,CSE,5.62,<3L,After Application,24,4,19,No,Yes,Difficulty,5
L2938,4,IT,9.72,6-10L,After Counselling,38,2,17,No,No,Job,9
L2939,1,Mechanical,6.71,<3L,Before Counselling,24,2,11,No,No,Fee,4
L2940,2,CSE,8.57,<3L,Before Counselling,13,0,8,No,No,Fee,6
L2941,3,Civil,7.62,3-6L,After Application,27,3,3,No,No,Time,7
L2942,2,Mechanical,6.11,10L+,After Application,33,1,5,No,No,Trust,2
L2943,3,CSE,9.23,6-10L,After Application,19,1,23,No,Yes,Fee,6
L2944,3,Civil,9.09,6-10L,After Application,25,3,23,No,Yes,Difficulty,5
L2945,1,IT,6.98,<3L,After Application,6,3,5,No,No,Time,8
L2946,3,Civil,7.94,6-10L,After Counselling,33,2,2,No,No,Fee,6
L2947,3,CSE,6.29,6-10L,Before Counselling,25,3,17,No,No,Trust,4
L2948,2,ECE,8.45,10L+,Before Counselling,23,3,24,No,No,Fee,1
L2949,4,CSE,6.55,<3L,After Counselling,17,0,24,No,No,Time,3
L2950,4,ECE,9.22,10L+,After Understanding,21,2,7,No,No,Trust,3
L2951,3,IT,6.09,3-6L,Before Counselling,43,4,20,Yes,No,Job,9
L2952,3,IT,5.07,3-6L,After Understanding,20,4,6,No,Yes,Fee,6
L2953,2,Mechanical,6.34,3-6L,After Understanding,12,1,24,Yes,No,Trust,7
L2954,4,Mechanical,5.96,3-6L,After Understanding,13,3,7,No,No,Difficulty,7
L2955,3,ECE,7.54,3-6L,After Understanding,18,0,8,Yes,No,Time,2
L2956,3,ECE,6.02,<3L,Before Counselling,22,3,6,No,No,Trust,2
L2957,4,IT,8.82,6-10L,Before Counselling,24,1,2,Yes,Yes,Time,5
L2958,2,Civil,6.21,3-6L,After Counselling,33,3,22,No,No,Job,2
L2959,4,ECE,8.53,3-6L,Before Counselling,3,4,3,No,No,Time,4
L2960,1,ECE,7.89,<3L,After Counselling,17,2,11,No,Yes,Job,1
L2961,2,Civil,9.93,10L+,After Understanding,39,3,3,No,No,Fee,9
L2962,2,Mechanical,10.0,3-6L,After Counselling,32,4,21,No,No,Fee,8
L2963,4,Mechanical,9.35,<3L,After Counselling,17,4,15,Yes,Yes,Fee,2
L2964,4,ECE,8.8,6-10L,Before Counselling,44,1,23,Yes,Yes,Difficulty,9
L2965,3,Mechanical,6.93,<3L,After Counselling,25,2,22,No,Yes,Fee,7
L2966,3,Mechanical,8.77,<3L,After Understanding,8,1,8,Yes,Yes,Difficulty,9
L2967,3,Mechanical,9.78,3-6L,Before Counselling,43,0,11,No,No,Difficulty,4
L2968,4,IT,5.12,3-6L,Before Counselling,35,2,9,Yes,No,Job,4
L2969,2,CSE,7.69,<3L,Before Counselling,29,0,2,No,Yes,Fee,2
L2970,2,ECE,6.09,<3L,After Application,12,2,9,No,Yes,Difficulty,5
L2971,1,ECE,7.79,10L+,After Understanding,36,4,17,No,Yes,Time,2
L2972,3,IT,7.33,<3L,After Counselling,9,0,15,Yes,No,Job,7
L2973,3,CSE,7.88,<3L,After Application,26,2,20,No,No,Fee,4
L2974,2,CSE,7.75,10L+,Before Counselling,22,2,11,No,Yes,Difficulty,9
L2975,1,IT,9.8,<3L,After Application,31,0,19,Yes,No,Difficulty,7
L2976,4,Civil,7.76,3-6L,After Application,44,2,3,Yes,No,Job,2
L2977,1,Civil,9.23,<3L,After Counselling,30,1,6,No,No,Job,8
L2978,3,CSE,6.6,3-6L,After Understanding,15,1,3,Yes,Yes,Job,9
L2979,4,Civil,7.19,<3L,After Application,47,0,21,No,Yes,Fee,6
L2980,2,Civil,7.35,10L+,After Understanding,33,4,4,No,Yes,Difficulty,4
L2981,2,Civil,6.39,3-6L,After Understanding,3,3,10,No,Yes,Time,6
L2982,3,CSE,6.9,3-6L,Before Counselling,34,0,12,No,Yes,Time,3
L2983,4,Civil,7.99,10L+,Before Counselling,17,0,17,No,No,Time,4
L2984,3,ECE,7.9,10L+,After Counselling,44,0,15,No,Yes,Job,7
L2985,4,CSE,8.18,<3L,After Counselling,5,0,15,No,No,Job,5
L2986,1,IT,6.76,6-10L,After Application,30,1,23,Yes,Yes,Job,7
L2987,3,Civil,6.58,<3L,Before Counselling,43,0,21,No,Yes,Fee,8
L2988,3,Mechanical,8.06,3-6L,After Understanding,15,4,12,Yes,No,Difficulty,8
L2989,4,CSE,5.66,<3L,After Understanding,39,3,12,Yes,Yes,Time,4
L2990,1,IT,6.27,3-6L,After Application,8,3,19,No,No,Difficulty,4
L2991,4,ECE,5.21,<3L,Before Counselling,42,4,12,No,Yes,Time,3
L2992,3,IT,5.36,3-6L,After Counselling,38,0,15,No,Yes,Difficulty,2
L2993,2,Civil,6.22,3-6L,After Application,28,3,20,Yes,No,Job,1
L2994,1,Mechanical,5.1,<3L,After Understanding,21,1,19,No,No,Fee,4
L2995,4,Civil,6.23,3-6L,Before Counselling,47,3,5,No,No,Time,5
L2996,1,IT,8.27,10L+,After Counselling,10,4,14,No,No,Trust,5
L2997,2,CSE,5.31,6-10L,After Counselling,28,3,3,Yes,No,Time,4
L2998,2,Mechanical,7.18,3-6L,After Understanding,21,4,20,Yes,No,Fee,4
L2999,4,Mechanical,9.57,10L+,After Understanding,28,0,10,No,Yes,Difficulty,2
L3000,3,IT,8.96,3-6L,After Understanding,22,3,24,No,No,Time,8
L3001,3,Civil,6.53,<3L,After Understanding,38,4,12,No,No,Difficulty,2
L3002,2,IT,9.62,3-6L,After Counselling,19,1,18,No,No,Job,5
L3003,3,Mechanical,6.65,<3L,Before Counselling,38,1,6,Yes,Yes,Fee,9
L3004,3,IT,5.36,6-10L,After Counselling,46,2,22,No,No,Fee,5
L3005,4,Mechanical,9.97,10L+,After Understanding,24,3,10,No,No,Time,1
L3006,4,Civil,9.35,<3L,Before Counselling,28,0,17,No,No,Difficulty,9
L3007,1,CSE,7.33,3-6L,After Counselling,45,2,13,Yes,Yes,Trust,9
L3008,3,CSE,8.33,3-6L,Before Counselling,13,3,2,Yes,Yes,Difficulty,1
L3009,1,IT,8.36,<3L,After Counselling,9,1,18,No,No,Difficulty,3
L3010,3,Mechanical,5.97,6-10L,Before Counselling,9,0,15,No,No,Difficulty,9
L3011,2,CSE,6.0,3-6L,After Counselling,21,1,8,No,No,Difficulty,2
L3012,2,Mechanical,7.35,<3L,After Counselling,24,3,24,No,Yes,Difficulty,2
L3013,2,Civil,9.56,6-10L,After Application,31,0,17,No,Yes,Time,7
L3014,3,IT,5.05,<3L,After Understanding,29,0,16,Yes,No,Time,7
L3015,2,Mechanical,8.91,10L+,After Application,40,2,5,No,No,Trust,4
L3016,3,IT,5.29,<3L,After Counselling,10,0,24,Yes,Yes,Fee,5
L3017,2,Mechanical,7.39,3-6L,After Understanding,4,3,23,No,Yes,Fee,9
L3018,1,Mechanical,8.19,<3L,After Counselling,3,4,16,Yes,No,Trust,6
L3019,3,Civil,8.43,<3L,After Application,13,4,18,No,No,Difficulty,2
L3020,2,IT,5.29,6-10L,Before Counselling,21,0,3,No,No,Job,7
L3021,2,ECE,7.09,3-6L,Before Counselling,8,4,9,No,No,Time,5
L3022,3,Mechanical,7.92,10L+,After Understanding,9,3,7,No,No,Trust,9
L3023,2,Mechanical,5.33,3-6L,After Application,46,2,8,No,Yes,Fee,2
L3024,1,CSE,5.68,10L+,After Application,1,1,17,Yes,No,Difficulty,7
L3025,2,IT,8.32,10L+,After Counselling,14,1,6,No,No,Difficulty,5
L3026,4,ECE,7.61,3-6L,After Understanding,12,3,22,No,No,Difficulty,1
L3027,3,Civil,5.81,3-6L,Before Counselling,36,2,19,No,Yes,Job,1
L3028,3,ECE,7.68,6-10L,After Application,22,3,21,No,No,Trust,1
L3029,3,Civil,9.56,<3L,After Counselling,36,0,12,No,Yes,Time,5
L3030,1,ECE,5.08,6-10L,After Understanding,45,2,3,No,No,Time,1
L3031,2,ECE,8.21,3-6L,After Application,16,4,8,No,No,Time,9
L3032,3,IT,5.37,6-10L,After Application,11,0,16,Yes,No,Difficulty,9
L3033,1,CSE,5.03,<3L,Before Counselling,3,4,10,No,No,Fee,8
L3034,2,ECE,5.75,6-10L,After Application,34,0,3,Yes,Yes,Difficulty,5
L3035,2,Mechanical,7.11,<3L,Before Counselling,25,0,5,No,No,Difficulty,9
L3036,2,Mechanical,9.01,6-10L,After Application,26,0,16,No,Yes,Job,2
L3037,4,Mechanical,6.41,3-6L,After Counselling,3,0,9,No,No,Difficulty,3
L3038,1,CSE,8.13,<3L,After Counselling,20,2,5,No,Yes,Difficulty,3
L3039,3,ECE,7.06,10L+,After Counselling,31,2,9,No,No,Job,4
L3040,1,Civil,6.17,6-10L,After Understanding,1,0,8,Yes,No,Difficulty,2
L3041,4,Civil,7.57,10L+,After Understanding,26,3,14,Yes,Yes,Trust,4
L3042,1,IT,8.99,<3L,After Counselling,25,0,6,No,No,Trust,1
L3043,2,CSE,9.16,3-6L,After Counselling,11,0,21,Yes,No,Trust,7
L3044,3,ECE,9.23,3-6L,After Counselling,16,3,23,Yes,Yes,Job,5
L3045,3,Mechanical,6.69,3-6L,Before Counselling,20,3,23,No,Yes,Time,4
L3046,2,CSE,8.97,<3L,After Counselling,42,0,19,Yes,No,Trust,2
L3047,2,CSE,6.06,<3L,After Understanding,38,1,20,No,Yes,Fee,8
L3048,2,ECE,8.69,10L+,Before Counselling,2,1,12,No,No,Fee,3
L3049,2,IT,9.74,3-6L,After Counselling,29,3,7,Yes,No,Difficulty,5
L3050,2,IT,5.07,10L+,After Understanding,7,0,5,No,Yes,Time,3
L3051,2,IT,7.2,<3L,Before Counselling,40,4,4,No,Yes,Difficulty,7
L3052,2,Mechanical,8.24,10L+,Before Counselling,45,4,21,No,No,Trust,4
L3053,2,Mechanical,8.51,3-6L,After Understanding,25,0,7,No,Yes,Fee,9
L3054,3,ECE,5.88,6-10L,After Understanding,4,0,16,Yes,Yes,Job,1
L3055,4,IT,9.86,<3L,Before Counselling,43,0,4,No,Yes,Time,5
L3056,3,ECE,8.08,10L+,After Understanding,34,4,18,No,No,Difficulty,5
L3057,1,IT,5.82,3-6L,Before Counselling,25,4,23,No,Yes,Fee,7
L3058,1,CSE,5.1,3-6L,Before Counselling,8,3,3,Yes,No,Trust,1
L3059,4,Civil,8.92,<3L,Before Counselling,32,2,17,No,No,Trust,8
L3060,2,Civil,5.4,3-6L,Before Counselling,18,3,23,No,Yes,Time,7
L3061,1,IT,5.71,6-10L,After Counselling,40,3,18,No,Yes,Difficulty,8
L3062,3,ECE,7.87,<3L,After Understanding,11,1,12,Yes,No,Trust,1
L3063,3,Mechanical,8.02,6-10L,After Counselling,37,3,5,Yes,No,Fee,3
L3064,3,IT,8.43,<3L,After Counselling,39,3,22,No,No,Difficulty,6
L3065,2,IT,6.97,10L+,After Counselling,36,3,13,No,No,Fee,7
L3066,1,Mechanical,8.87,10L+,After Counselling,10,3,9,Yes,Yes,Trust,3
L3067,4,IT,9.87,<3L,Before Counselling,6,2,4,No,No,Fee,9
L3068,2,CSE,6.36,<3L,Before Counselling,45,1,12,No,No,Trust,5
L3069,3,Mechanical,8.52,3-6L,Before Counselling,16,4,14,No,No,Job,7
L3070,3,CSE,9.64,<3L,After Application,25,0,10,No,Yes,Difficulty,7
L3071,3,Civil,8.43,3-6L,Before Counselling,34,4,16,No,Yes,Fee,5
L3072,2,Mechanical,8.41,<3L,After Counselling,31,1,13,Yes,Yes,Difficulty,4
L3073,2,Mechanical,6.12,3-6L,After Application,47,3,11,Yes,Yes,Fee,9
L3074,3,ECE,7.68,<3L,After Application,8,4,22,No,No,Trust,4
L3075,4,ECE,7.81,<3L,After Application,17,3,5,No,Yes,Trust,7
L3076,4,Mechanical,8.5,<3L,Before Counselling,14,2,8,No,No,Job,2
L3077,1,Civil,9.98,3-6L,After Counselling,30,2,10,No,Yes,Fee,8
L3078,1,IT,5.17,3-6L,Before Counselling,18,1,7,No,No,Job,4
L3079,4,ECE,5.33,<3L,After Understanding,46,4,8,No,No,Fee,5
L3080,3,Civil,5.39,3-6L,After Application,36,2,18,No,Yes,Job,5
L3081,4,Civil,8.71,6-10L,After Understanding,21,1,5,No,Yes,Difficulty,1
L3082,2,ECE,5.68,<3L,After Application,31,1,3,No,No,Trust,4
L3083,3,IT,8.11,6-10L,After Application,33,1,18,No,No,Fee,7
L3084,3,ECE,6.62,3-6L,After Understanding,23,4,8,Yes,Yes,Time,4
L3085,3,Civil,7.29,<3L,After Understanding,38,4,12,No,Yes,Time,2
L3086,2,CSE,6.08,<3L,Before Counselling,5,1,21,No,Yes,Trust,5
L3087,1,ECE,9.33,3-6L,After Understanding,15,0,19,No,No,Time,7
L3088,3,Civil,7.93,6-10L,After Understanding,30,4,22,Yes,Yes,Time,4
L3089,2,ECE,9.72,<3L,After Counselling,16,4,8,Yes,No,Time,6
L3090,2,Civil,7.87,10L+,After Understanding,40,0,19,Yes,Yes,Job,4
L3091,4,IT,5.62,3-6L,Before Counselling,29,4,24,No,No,Job,3
L3092,2,Civil,5.85,<3L,After Application,28,4,20,No,No,Fee,1
L3093,4,Mechanical,9.95,<3L,After Application,6,2,15,No,No,Job,8
L3094,1,CSE,8.63,<3L,After Counselling,5,0,9,No,Yes,Difficulty,6
L3095,3,Civil,5.25,3-6L,Before Counselling,38,2,8,Yes,No,Fee,3
L3096,4,ECE,8.52,3-6L,After Application,25,0,2,No,No,Time,1
L3097,1,ECE,7.06,6-10L,After Counselling,28,0,7,No,No,Time,4
L3098,1,Civil,6.54,6-10L,After Application,1,0,5,No,No,Trust,4
L3099,2,Mechanical,5.77,<3L,Before Counselling,14,4,17,No,No,Fee,8
L3100,1,Civil,9.2,3-6L,After Understanding,19,1,16,No,No,Time,6
L3101,3,IT,5.32,<3L,After Counselling,31,3,23,No,Yes,Job,3
L3102,4,Mechanical,6.45,<3L,After Understanding,15,1,19,No,Yes,Time,5
L3103,2,Civil,6.53,6-10L,Before Counselling,19,4,19,No,Yes,Time,6
L3104,2,CSE,5.8,<3L,Before Counselling,38,4,9,No,No,Trust,5
L3105,2,Mechanical,7.54,6-10L,After Application,32,3,11,Yes,No,Time,2
L3106,3,Civil,5.06,10L+,After Application,31,4,6,No,No,Difficulty,6
L3107,1,CSE,6.5,3-6L,After Counselling,37,0,8,No,No,Difficulty,8
L3108,3,Civil,9.67,<3L,After Application,26,2,18,Yes,No,Time,8
L3109,3,IT,6.55,<3L,After Application,41,2,7,No,No,Time,6
L3110,3,ECE,6.8,<3L,Before Counselling,25,0,12,Yes,Yes,Difficulty,3
L3111,2,Civil,7.37,3-6L,Before Counselling,47,1,11,No,No,Job,8
L3112,3,Mechanical,7.81,6-10L,After Counselling,40,2,8,No,No,Fee,1
L3113,1,Civil,9.04,3-6L,After Understanding,8,0,8,No,Yes,Difficulty,7
L3114,1,Civil,5.95,6-10L,After Counselling,4,1,11,No,No,Trust,8
L3115,4,Civil,9.36,6-10L,Before Counselling,31,2,14,No,Yes,Difficulty,5
L3116,3,Civil,8.79,6-10L,Before Counselling,32,0,4,No,Yes,Fee,4
L3117,1,Mechanical,8.61,<3L,After Counselling,34,2,10,No,No,Difficulty,5
L3118,2,Mechanical,5.43,6-10L,After Counselling,3,2,6,No,Yes,Fee,1
L3119,2,Civil,5.11,3-6L,After Understanding,41,2,17,No,No,Job,6
L3120,2,ECE,7.97,<3L,Before Counselling,26,3,12,Yes,Yes,Job,5
L3121,2,Civil,9.32,10L+,After Application,4,1,24,No,No,Time,5
L3122,1,Mechanical,7.92,10L+,Before Counselling,2,2,24,Yes,Yes,Job,5
L3123,2,IT,6.07,3-6L,After Application,19,0,19,No,No,Difficulty,9
L3124,3,Civil,5.45,6-10L,After Application,23,3,16,No,No,Trust,9
L3125,3,Civil,8.5,<3L,After Application,25,4,6,Yes,No,Difficulty,8
L3126,3,Civil,8.61,3-6L,After Understanding,47,4,9,No,No,Job,9
L3127,1,Civil,5.86,<3L,After Counselling,7,1,9,No,No,Trust,5
L3128,4,CSE,5.14,3-6L,After Application,8,0,20,No,No,Job,2
L3129,4,Civil,7.04,3-6L,After Counselling,3,3,6,No,No,Fee,2
L3130,4,Mechanical,7.91,<3L,After Application,23,0,5,Yes,No,Difficulty,8
L3131,4,Mechanical,8.53,3-6L,After Understanding,47,3,21,Yes,Yes,Trust,3
L3132,4,CSE,9.05,<3L,After Application,33,3,19,No,No,Time,1
L3133,3,Civil,8.05,<3L,After Counselling,28,4,23,No,Yes,Trust,2
L3134,2,ECE,5.55,<3L,After Understanding,22,1,13,No,Yes,Trust,6
L3135,3,Civil,8.41,3-6L,After Counselling,35,1,2,No,No,Trust,7
L3136,3,Mechanical,9.92,<3L,After Counselling,34,0,9,No,Yes,Time,6
L3137,3,IT,9.53,<3L,After Counselling,30,3,10,No,Yes,Trust,1
L3138,3,IT,9.36,<3L,After Application,47,3,22,No,No,Difficulty,1
L3139,1,ECE,6.51,<3L,After Understanding,36,2,14,Yes,Yes,Trust,6
L3140,2,Civil,8.75,3-6L,After Understanding,14,1,23,No,No,Job,7
L3141,4,CSE,9.26,10L+,After Understanding,9,3,2,Yes,No,Trust,1
L3142,3,Civil,8.39,<3L,Before Counselling,22,0,7,No,No,Trust,8
L3143,3,ECE,6.25,3-6L,Before Counselling,28,4,2,No,No,Time,5
L3144,2,ECE,9.77,<3L,After Understanding,41,4,15,No,No,Fee,3
L3145,2,ECE,7.25,<3L,After Application,14,1,6,No,No,Time,6
L3146,4,IT,5.65,<3L,Before Counselling,15,1,14,No,No,Time,5
L3147,3,Civil,5.55,10L+,After Application,37,2,6,Yes,Yes,Trust,6
L3148,3,Civil,8.24,3-6L,After Application,24,1,16,Yes,No,Fee,1
L3149,2,CSE,7.19,3-6L,Before Counselling,34,3,4,Yes,Yes,Time,6
L3150,3,ECE,5.47,3-6L,After Counselling,43,3,5,No,No,Job,1
L3151,2,ECE,8.7,<3L,After Counselling,45,3,4,No,No,Fee,5
L3152,3,Mechanical,9.0,10L+,After Counselling,44,3,21,Yes,Yes,Time,5
L3153,2,Mechanical,8.63,<3L,Before Counselling,3,2,13,No,No,Trust,6
L3154,2,IT,6.01,<3L,After Application,23,1,15,No,No,Job,8
L3155,3,Civil,8.45,<3L,Before Counselling,20,1,7,No,No,Fee,7
L3156,4,CSE,5.05,<3L,After Understanding,45,1,20,No,Yes,Job,7
L3157,1,CSE,6.53,<3L,After Application,15,2,6,No,No,Difficulty,8
L3158,4,ECE,6.99,3-6L,Before Counselling,43,2,24,Yes,Yes,Time,7
L3159,2,CSE,9.18,<3L,After Application,16,3,18,No,No,Trust,5
L3160,2,ECE,6.95,3-6L,Before Counselling,7,2,20,No,No,Difficulty,9
L3161,1,Civil,5.06,<3L,After Understanding,33,2,23,Yes,Yes,Trust,4
L3162,2,CSE,6.76,10L+,After Understanding,19,0,19,Yes,No,Time,4
L3163,3,ECE,7.49,<3L,After Understanding,18,3,24,No,Yes,Difficulty,9
L3164,1,Civil,9.75,3-6L,After Counselling,41,3,13,No,No,Fee,7
L3165,2,Civil,9.71,6-10L,After Understanding,18,0,19,Yes,No,Difficulty,1
L3166,4,ECE,5.9,<3L,After Counselling,3,1,6,Yes,No,Fee,3
L3167,1,ECE,5.93,<3L,After Application,3,0,14,No,Yes,Fee,6
L3168,3,IT,5.82,<3L,After Application,36,0,5,No,No,Trust,6
L3169,2,Civil,8.94,<3L,After Application,16,0,19,No,Yes,Job,1
L3170,3,ECE,5.03,<3L,Before Counselling,43,2,21,No,No,Job,9
L3171,2,Civil,5.64,3-6L,Before Counselling,23,0,10,No,Yes,Fee,7
L3172,1,CSE,7.69,3-6L,After Counselling,23,4,3,No,No,Time,6
L3173,1,Mechanical,6.24,3-6L,After Counselling,15,0,11,No,No,Job,4
L3174,1,Mechanical,5.46,<3L,After Counselling,9,1,14,Yes,No,Job,1
L3175,1,ECE,6.8,6-10L,Before Counselling,40,1,7,Yes,No,Time,9
L3176,3,ECE,6.37,<3L,Before Counselling,38,1,21,Yes,No,Trust,5
L3177,4,Civil,7.56,<3L,After Application,18,0,9,Yes,Yes,Fee,9
L3178,4,ECE,9.9,<3L,After Understanding,38,3,14,No,Yes,Difficulty,7
L3179,3,Civil,5.62,<3L,After Understanding,6,1,5,No,No,Difficulty,4
L3180,1,ECE,6.86,3-6L,Before Counselling,44,0,20,Yes,Yes,Fee,2
L3181,2,Civil,9.66,3-6L,After Understanding,37,1,8,No,No,Trust,8
L3182,2,ECE,9.38,3-6L,After Application,46,2,16,No,No,Difficulty,9
L3183,2,IT,6.97,3-6L,After Understanding,6,2,6,Yes,Yes,Job,1
L3184,3,Civil,8.49,10L+,After Counselling,21,0,18,No,No,Trust,7
L3185,3,IT,5.44,3-6L,After Application,30,1,20,No,No,Time,4
L3186,2,IT,8.56,3-6L,Before Counselling,28,1,22,Yes,No,Fee,8
L3187,2,IT,9.86,<3L,After Counselling,20,4,6,No,No,Difficulty,1
L3188,4,IT,7.69,<3L,Before Counselling,19,1,12,No,No,Fee,2
L3189,3,CSE,7.49,3-6L,Before Counselling,14,3,5,Yes,Yes,Time,7
L3190,2,Mechanical,5.94,<3L,After Counselling,1,2,15,No,No,Difficulty,6
L3191,4,CSE,8.17,3-6L,After Application,27,1,5,No,No,Fee,1
L3192,4,ECE,7.95,<3L,Before Counselling,32,3,5,No,Yes,Time,6
L3193,2,ECE,8.26,6-10L,After Counselling,29,0,3,No,Yes,Job,7
L3194,2,Mechanical,5.13,10L+,After Counselling,31,2,8,No,No,Time,7
L3195,3,Mechanical,7.74,<3L,Before Counselling,25,0,20,No,Yes,Trust,8
L3196,4,Mechanical,7.97,6-10L,Before Counselling,7,1,2,No,Yes,Trust,6
L3197,4,IT,6.04,6-10L,After Application,39,0,13,No,No,Time,2
L3198,1,CSE,6.04,10L+,After Counselling,46,2,20,No,Yes,Job,7
L3199,2,ECE,6.38,<3L,After Understanding,16,0,13,No,Yes,Fee,1
L3200,3,CSE,8.56,6-10L,After Understanding,44,0,10,No,Yes,Fee,1
L3201,3,CSE,8.03,<3L,Before Counselling,11,0,8,No,No,Job,6
L3202,1,CSE,9.23,3-6L,Before Counselling,18,3,2,No,No,Difficulty,6
L3203,4,Mechanical,6.48,6-10L,After Application,44,3,7,No,No,Time,1
L3204,3,Mechanical,9.56,6-10L,After Understanding,42,1,11,No,No,Trust,8
L3205,4,ECE,8.72,<3L,Before Counselling,5,0,2,No,No,Trust,9
L3206,4,ECE,6.98,6-10L,Before Counselling,2,3,19,No,Yes,Trust,8
L3207,3,ECE,5.48,3-6L,After Understanding,10,2,4,No,No,Fee,1
L3208,2,CSE,6.28,<3L,Before Counselling,26,2,12,Yes,No,Fee,8
L3209,3,Mechanical,9.78,3-6L,After Understanding,24,0,15,No,Yes,Job,5
L3210,1,IT,6.55,6-10L,After Understanding,26,1,7,Yes,Yes,Difficulty,6
L3211,3,CSE,6.65,10L+,After Application,16,3,12,No,No,Time,3
L3212,1,Civil,5.95,6-10L,After Understanding,25,3,8,Yes,No,Trust,7
L3213,3,CSE,9.03,<3L,Before Counselling,38,3,9,No,Yes,Job,9
L3214,2,Mechanical,6.38,<3L,After Counselling,6,1,24,No,No,Difficulty,3
L3215,1,Civil,6.65,<3L,After Counselling,12,4,23,Yes,No,Fee,3
L3216,1,CSE,7.07,<3L,After Counselling,9,3,6,No,No,Trust,8
L3217,1,Mechanical,7.17,<3L,After Application,42,0,19,No,No,Time,1
L3218,3,Mechanical,7.06,<3L,Before Counselling,8,3,16,Yes,No,Trust,1
L3219,3,IT,7.52,<3L,After Application,31,3,22,No,No,Trust,2
L3220,3,CSE,9.07,6-10L,After Application,41,4,19,Yes,No,Time,1
L3221,1,Mechanical,9.1,3-6L,After Application,32,0,4,Yes,No,Job,6
L3222,1,ECE,8.99,6-10L,Before Counselling,7,0,11,No,No,Time,9
L3223,1,Mechanical,5.51,<3L,Before Counselling,32,0,16,No,No,Time,8
L3224,1,IT,9.0,3-6L,Before Counselling,42,3,24,No,No,Fee,3
L3225,4,Mechanical,5.6,<3L,After Counselling,25,3,9,Yes,No,Job,1
L3226,2,CSE,5.62,3-6L,After Understanding,33,2,22,No,Yes,Job,6
L3227,2,CSE,9.74,3-6L,Before Counselling,28,4,9,Yes,No,Difficulty,7
L3228,1,Civil,9.1,3-6L,Before Counselling,11,0,15,No,Yes,Difficulty,2
L3229,2,CSE,7.76,6-10L,After Application,31,0,11,No,Yes,Fee,9
L3230,3,Civil,9.37,10L+,Before Counselling,10,2,14,No,No,Fee,4
L3231,3,ECE,9.95,3-6L,After Understanding,2,3,11,No,No,Difficulty,7
L3232,2,IT,8.05,<3L,After Counselling,46,2,7,No,Yes,Difficulty,2
L3233,1,ECE,8.06,10L+,Before Counselling,44,2,19,No,No,Job,2
L3234,2,Civil,8.77,6-10L,After Counselling,4,3,17,No,Yes,Difficulty,6
L3235,2,Mechanical,6.16,3-6L,Before Counselling,22,1,19,Yes,Yes,Time,2
L3236,2,Mechanical,5.84,6-10L,After Counselling,45,4,21,No,Yes,Trust,3
L3237,4,ECE,8.8,<3L,Before Counselling,28,1,7,Yes,No,Time,9
L3238,3,Mechanical,6.72,<3L,After Application,10,1,10,Yes,No,Difficulty,7
L3239,3,Civil,5.68,<3L,After Counselling,2,4,17,Yes,Yes,Trust,5
L3240,2,IT,6.57,<3L,After Application,31,1,7,No,No,Fee,8
L3241,2,CSE,6.79,3-6L,After Application,42,3,12,No,No,Difficulty,4
L3242,3,Civil,9.83,<3L,Before Counselling,23,1,4,Yes,No,Difficulty,7
L3243,3,Civil,8.49,6-10L,After Application,16,1,9,No,No,Fee,7
L3244,3,CSE,7.65,3-6L,After Application,9,1,2,No,Yes,Difficulty,9
L3245,1,CSE,9.84,<3L,Before Counselling,43,3,23,No,No,Trust,7
L3246,3,IT,9.52,<3L,After Application,6,2,16,No,No,Fee,2
L3247,2,IT,7.56,3-6L,After Counselling,25,0,16,No,No,Fee,3
L3248,4,IT,9.53,<3L,After Counselling,4,4,20,No,No,Job,9
L3249,3,Mechanical,7.02,6-10L,After Understanding,12,4,11,No,No,Difficulty,4
L3250,3,Civil,6.15,6-10L,After Understanding,24,3,20,No,No,Job,4
L3251,1,CSE,6.16,3-6L,After Understanding,27,0,10,No,No,Trust,9
L3252,3,Civil,8.31,<3L,After Understanding,3,1,8,Yes,Yes,Trust,6
L3253,1,Civil,7.51,6-10L,After Application,12,4,15,Yes,No,Fee,9
L3254,2,IT,8.29,<3L,After Counselling,47,1,3,Yes,No,Job,9
L3255,1,IT,8.43,<3L,After Understanding,30,3,23,Yes,Yes,Difficulty,3
L3256,3,Civil,5.11,3-6L,After Application,12,3,14,No,No,Trust,6
L3257,2,IT,5.27,10L+,Before Counselling,41,3,21,No,No,Job,6
L3258,2,Mechanical,7.66,<3L,After Counselling,42,2,24,No,No,Fee,4
L3259,4,CSE,5.96,10L+,Before Counselling,40,3,5,No,No,Time,1
L3260,2,Civil,8.16,<3L,After Understanding,45,1,8,No,No,Fee,3
L3261,3,CSE,7.76,<3L,After Understanding,22,2,23,Yes,No,Fee,7
L3262,2,Mechanical,7.93,3-6L,After Understanding,15,1,9,No,Yes,Job,7
L3263,1,IT,6.51,<3L,After Counselling,28,3,24,No,No,Time,7
L3264,3,ECE,8.2,<3L,Before Counselling,17,2,17,No,No,Difficulty,9
L3265,1,Mechanical,9.15,<3L,Before Counselling,44,0,21,No,No,Fee,1
L3266,2,ECE,9.99,<3L,After Counselling,25,3,10,No,No,Fee,2
L3267,3,CSE,9.19,<3L,After Understanding,43,2,22,No,No,Time,3
L3268,3,Civil,7.79,6-10L,After Understanding,45,2,12,Yes,No,Difficulty,2
L3269,3,IT,5.97,6-10L,After Application,3,2,15,No,Yes,Fee,2
L3270,2,Mechanical,8.41,10L+,After Counselling,36,4,5,No,No,Fee,3
L3271,1,IT,9.69,6-10L,Before Counselling,31,2,20,No,No,Job,7
L3272,3,ECE,6.06,3-6L,After Application,15,0,16,Yes,No,Job,5
L3273,3,ECE,6.28,3-6L,Before Counselling,46,3,15,Yes,Yes,Trust,9
L3274,4,Civil,5.75,6-10L,Before Counselling,28,3,24,Yes,No,Job,8
L3275,4,ECE,8.68,<3L,After Application,43,3,17,No,No,Difficulty,2
L3276,4,Civil,7.03,<3L,Before Counselling,31,2,21,No,No,Trust,5
L3277,2,Mechanical,5.31,6-10L,After Application,45,3,22,No,No,Job,1
L3278,2,Civil,9.37,<3L,After Application,20,0,4,No,No,Time,3
L3279,3,ECE,7.79,10L+,After Application,45,4,7,No,Yes,Job,5
L3280,2,CSE,6.66,3-6L,After Understanding,21,0,5,No,No,Job,9
L3281,1,Civil,6.72,<3L,After Understanding,27,4,2,Yes,No,Job,9
L3282,4,IT,6.45,6-10L,After Counselling,19,3,19,No,Yes,Fee,3
L3283,4,CSE,7.28,<3L,After Counselling,36,1,9,Yes,Yes,Time,6
L3284,2,Civil,6.69,10L+,After Application,12,4,17,Yes,Yes,Trust,6
L3285,1,IT,7.74,10L+,After Counselling,35,0,21,Yes,No,Fee,9
L3286,2,CSE,8.87,3-6L,After Understanding,33,0,17,Yes,Yes,Time,6
L3287,4,Civil,8.37,<3L,After Understanding,36,1,16,No,Yes,Trust,3
L3288,4,Mechanical,6.47,<3L,After Application,41,4,3,No,Yes,Job,7
L3289,2,IT,7.64,3-6L,After Understanding,23,4,13,No,No,Fee,1
L3290,1,Mechanical,9.2,6-10L,After Application,13,0,5,No,Yes,Trust,3
L3291,4,ECE,5.34,<3L,After Counselling,30,4,24,No,No,Job,3
L3292,2,Civil,5.39,<3L,After Understanding,10,1,12,Yes,No,Fee,1
L3293,3,Civil,7.78,<3L,After Application,41,4,3,No,No,Trust,1
L3294,4,IT,8.2,3-6L,After Application,20,4,7,No,No,Trust,8
L3295,1,Civil,6.06,6-10L,Before Counselling,6,1,18,Yes,No,Fee,8
L3296,3,ECE,8.73,<3L,After Application,31,3,20,No,Yes,Fee,9
L3297,1,Civil,8.23,<3L,After Application,19,4,10,Yes,No,Trust,6
L3298,2,CSE,9.62,3-6L,After Understanding,3,0,6,No,No,Difficulty,8
L3299,4,Mechanical,5.84,6-10L,Before Counselling,10,2,15,No,Yes,Job,4
L3300,2,ECE,8.76,6-10L,Before Counselling,10,0,17,Yes,No,Trust,5
L3301,4,ECE,5.42,6-10L,Before Counselling,21,0,2,No,No,Fee,8
L3302,3,Mechanical,7.83,<3L,After Understanding,2,3,21,No,Yes,Trust,2
L3303,2,Mechanical,7.76,<3L,After Counselling,45,3,4,No,No,Fee,4
L3304,2,ECE,6.94,10L+,After Application,39,0,11,Yes,No,Job,1
L3305,2,Mechanical,9.22,10L+,Before Counselling,45,4,16,No,Yes,Fee,8
L3306,2,IT,5.02,3-6L,Before Counselling,30,0,24,No,No,Fee,2
L3307,1,Mechanical,7.6,6-10L,After Understanding,46,4,4,No,No,Difficulty,2
L3308,2,CSE,6.09,10L+,After Understanding,28,1,2,Yes,No,Fee,5
L3309,2,CSE,8.72,3-6L,Before Counselling,18,1,14,No,No,Time,1
L3310,3,IT,5.22,<3L,After Counselling,14,3,16,No,Yes,Time,6
L3311,3,Mechanical,9.16,3-6L,After Understanding,45,2,22,No,Yes,Difficulty,8
L3312,3,CSE,9.19,10L+,Before Counselling,19,2,11,No,Yes,Job,7
L3313,1,Civil,9.16,3-6L,After Counselling,40,3,4,No,No,Job,6
L3314,2,Mechanical,5.76,6-10L,After Understanding,36,1,19,Yes,Yes,Fee,1
L3315,3,IT,8.15,3-6L,After Counselling,41,3,20,No,Yes,Difficulty,9
L3316,2,Mechanical,5.07,<3L,Before Counselling,12,1,22,No,No,Difficulty,7
L3317,1,ECE,9.24,<3L,After Counselling,20,4,6,No,Yes,Difficulty,3
L3318,4,ECE,8.61,10L+,Before Counselling,34,1,11,Yes,Yes,Time,4
L3319,3,CSE,7.66,3-6L,After Understanding,36,1,17,Yes,Yes,Job,3
L3320,3,ECE,8.65,<3L,After Application,21,1,21,Yes,No,Time,4
L3321,1,IT,5.47,10L+,After Application,19,2,19,No,No,Job,1
L3322,3,CSE,7.64,3-6L,Before Counselling,41,1,9,No,No,Trust,3
L3323,3,IT,6.46,6-10L,After Application,41,0,14,No,Yes,Fee,5
L3324,3,IT,9.86,3-6L,Before Counselling,43,4,9,Yes,No,Trust,5
L3325,3,ECE,9.29,<3L,After Application,42,2,14,Yes,Yes,Fee,9
L3326,4,ECE,8.67,3-6L,After Application,35,0,13,No,No,Fee,5
L3327,3,IT,9.67,10L+,After Understanding,8,2,14,No,No,Difficulty,1
L3328,1,ECE,6.73,<3L,Before Counselling,22,2,18,No,Yes,Time,5
L3329,3,ECE,9.5,6-10L,After Counselling,43,0,16,Yes,No,Time,7
L3330,3,ECE,6.63,<3L,After Understanding,38,3,10,No,No,Job,4
L3331,3,Mechanical,8.66,<3L,After Counselling,18,3,21,No,No,Difficulty,7
L3332,1,IT,8.68,<3L,After Understanding,8,1,5,No,No,Time,2
L3333,1,Civil,5.09,6-10L,Before Counselling,2,0,13,No,Yes,Job,2
L3334,4,IT,6.81,3-6L,After Counselling,20,1,23,Yes,No,Job,7
L3335,3,CSE,5.1,3-6L,After Understanding,5,3,5,No,Yes,Job,3
L3336,4,ECE,9.99,6-10L,After Application,42,0,14,No,Yes,Time,7
L3337,3,ECE,5.61,<3L,After Counselling,30,0,4,No,Yes,Fee,3
L3338,3,Civil,7.71,<3L,After Understanding,18,0,6,No,Yes,Difficulty,6
L3339,3,CSE,8.95,<3L,After Understanding,44,1,14,No,Yes,Difficulty,7
L3340,4,Mechanical,6.01,3-6L,After Counselling,23,2,15,No,Yes,Job,5
L3341,3,IT,7.43,3-6L,After Application,2,2,9,Yes,No,Job,7
L3342,3,Mechanical,8.04,6-10L,After Counselling,42,2,24,No,Yes,Job,4
L3343,1,CSE,5.8,3-6L,After Counselling,44,0,12,No,No,Job,1
L3344,2,Civil,8.89,<3L,After Counselling,37,3,9,No,No,Job,8
L3345,3,CSE,6.5,6-10L,After Understanding,42,1,13,Yes,No,Job,2
L3346,2,Civil,6.06,<3L,After Application,32,1,12,No,No,Difficulty,9
L3347,2,Mechanical,7.79,10L+,After Counselling,1,3,18,No,Yes,Job,6
L3348,2,Mechanical,7.05,<3L,After Counselling,39,2,14,No,No,Fee,5
L3349,2,CSE,9.6,<3L,After Counselling,1,4,5,Yes,No,Trust,6
L3350,2,CSE,9.4,3-6L,After Counselling,44,3,14,Yes,Yes,Time,1
L3351,2,ECE,7.42,<3L,After Counselling,31,2,10,No,Yes,Time,4
L3352,4,Civil,6.8,<3L,After Counselling,39,0,23,No,Yes,Difficulty,6
L3353,3,ECE,6.63,3-6L,After Application,8,3,15,Yes,No,Time,6
L3354,1,IT,6.34,<3L,After Application,3,2,13,Yes,No,Job,6
L3355,1,IT,7.72,<3L,After Application,47,1,14,No,No,Fee,7
L3356,3,CSE,9.02,<3L,Before Counselling,12,4,9,No,No,Difficulty,9
L3357,2,Mechanical,6.55,3-6L,Before Counselling,34,4,6,Yes,No,Difficulty,9
L3358,4,IT,5.95,<3L,After Understanding,25,4,12,No,Yes,Fee,3
L3359,3,IT,7.38,<3L,After Application,36,2,21,No,Yes,Job,4
L3360,3,ECE,5.35,3-6L,After Application,7,2,7,No,Yes,Difficulty,1
L3361,2,ECE,8.51,6-10L,After Application,15,0,8,Yes,Yes,Fee,1
L3362,3,IT,7.59,3-6L,After Counselling,21,4,23,Yes,No,Job,4
L3363,2,CSE,7.48,<3L,After Counselling,25,1,23,No,No,Fee,6
L3364,4,ECE,6.5,<3L,After Understanding,38,4,16,Yes,No,Job,3
L3365,3,IT,9.52,3-6L,After Application,37,3,6,No,Yes,Time,5
L3366,2,Mechanical,5.45,6-10L,After Counselling,16,3,10,No,Yes,Fee,9
L3367,2,ECE,9.35,3-6L,After Application,1,1,21,No,No,Job,1
L3368,1,IT,6.88,<3L,After Application,47,2,20,No,No,Trust,1
L3369,3,Civil,9.4,<3L,After Counselling,37,4,6,Yes,Yes,Time,2
L3370,2,ECE,8.64,10L+,After Counselling,45,3,14,No,No,Difficulty,6
L3371,3,Civil,5.52,6-10L,Before Counselling,14,1,13,No,No,Fee,9
L3372,2,ECE,9.16,<3L,After Counselling,34,0,6,No,Yes,Job,8
L3373,3,ECE,8.41,<3L,Before Counselling,2,3,8,No,No,Difficulty,5
L3374,4,Civil,5.16,6-10L,After Counselling,31,3,4,No,Yes,Difficulty,8
L3375,3,CSE,5.67,<3L,After Application,19,4,14,Yes,No,Difficulty,5
L3376,3,IT,8.18,3-6L,After Counselling,19,2,12,Yes,No,Difficulty,3
L3377,1,CSE,8.31,6-10L,After Understanding,44,3,11,No,No,Job,7
L3378,1,CSE,8.73,<3L,After Application,23,3,10,No,No,Job,6
L3379,3,IT,8.6,<3L,After Understanding,30,4,7,Yes,No,Trust,7
L3380,2,Mechanical,8.3,<3L,After Application,17,2,15,Yes,No,Trust,5
L3381,2,CSE,8.83,10L+,After Counselling,2,0,11,No,No,Job,8
L3382,1,CSE,7.88,3-6L,After Counselling,11,0,18,No,No,Job,8
L3383,2,CSE,6.3,6-10L,After Counselling,14,0,3,Yes,No,Trust,5
L3384,1,Mechanical,9.56,3-6L,Before Counselling,41,0,3,Yes,Yes,Job,7
L3385,4,ECE,5.09,10L+,After Counselling,29,2,5,No,No,Fee,4
L3386,2,Civil,6.83,10L+,After Understanding,19,0,8,No,No,Fee,7
L3387,3,Civil,8.64,3-6L,Before Counselling,28,4,21,No,No,Fee,6
L3388,1,Mechanical,7.14,<3L,After Counselling,1,4,5,No,No,Fee,2
L3389,3,CSE,5.12,3-6L,Before Counselling,5,4,9,No,Yes,Difficulty,2
L3390,2,Civil,5.33,3-6L,Before Counselling,34,0,15,No,No,Fee,7
L3391,4,Mechanical,8.24,3-6L,After Application,14,4,21,No,No,Trust,7
L3392,4,IT,9.82,6-10L,Before Counselling,19,4,4,No,No,Difficulty,3
L3393,2,Civil,7.76,<3L,Before Counselling,24,1,12,No,No,Trust,3
L3394,4,IT,7.53,<3L,After Application,40,0,4,No,No,Time,2
L3395,4,CSE,6.59,3-6L,After Counselling,17,4,6,No,Yes,Time,6
L3396,4,Civil,6.28,<3L,After Understanding,2,2,17,No,No,Job,6
L3397,4,Mechanical,5.1,3-6L,Before Counselling,31,4,12,No,No,Difficulty,9
L3398,2,ECE,6.36,10L+,After Understanding,17,1,2,Yes,No,Fee,6
L3399,3,Civil,7.25,3-6L,Before Counselling,8,2,10,No,No,Time,8
L3400,1,Civil,5.99,10L+,After Understanding,46,2,23,Yes,No,Difficulty,5
L3401,1,Civil,5.44,6-10L,After Application,17,3,6,No,Yes,Fee,8
L3402,4,Civil,8.59,6-10L,Before Counselling,38,1,21,No,Yes,Time,2
L3403,2,Mechanical,9.47,3-6L,Before Counselling,26,1,12,No,No,Job,9
L3404,3,Mechanical,9.68,<3L,After Counselling,43,4,3,No,No,Trust,6
L3405,4,ECE,8.09,3-6L,After Counselling,40,1,11,No,Yes,Job,5
L3406,4,Mechanical,5.26,<3L,Before Counselling,45,2,6,Yes,Yes,Time,2
L3407,4,Mechanical,8.7,10L+,After Application,40,2,18,No,No,Trust,1
L3408,2,CSE,5.55,<3L,After Understanding,7,4,13,Yes,No,Time,3
L3409,1,CSE,8.35,<3L,After Counselling,24,2,4,No,Yes,Time,8
L3410,2,IT,8.9,3-6L,After Counselling,30,4,8,No,No,Fee,7
L3411,1,ECE,8.63,3-6L,After Counselling,26,3,12,No,No,Difficulty,9
L3412,1,CSE,9.76,<3L,After Counselling,30,1,12,No,No,Trust,7
L3413,2,ECE,8.69,<3L,After Application,35,1,13,No,No,Job,5
L3414,3,ECE,8.47,6-10L,Before Counselling,2,1,6,Yes,No,Trust,1
L3415,3,Civil,6.31,3-6L,After Understanding,44,3,11,Yes,No,Difficulty,4
L3416,2,ECE,9.62,<3L,After Counselling,4,1,13,Yes,No,Difficulty,5
L3417,3,Civil,5.9,3-6L,After Application,5,3,15,Yes,Yes,Difficulty,9
L3418,2,IT,9.52,<3L,After Application,2,3,2,No,Yes,Fee,5
L3419,1,IT,6.56,<3L,After Counselling,31,4,15,No,No,Time,9
L3420,3,IT,5.65,10L+,After Understanding,27,0,8,Yes,Yes,Job,5
L3421,3,Civil,9.13,<3L,After Counselling,24,0,11,Yes,No,Job,9
L3422,3,Civil,5.01,<3L,After Application,45,4,13,No,No,Job,6
L3423,1,IT,9.16,10L+,After Understanding,4,4,7,No,Yes,Trust,1
L3424,4,Civil,6.31,6-10L,After Application,28,4,17,Yes,Yes,Fee,4
L3425,3,Mechanical,9.42,<3L,Before Counselling,5,1,11,No,No,Fee,3
L3426,3,Mechanical,8.46,3-6L,After Application,27,2,21,No,Yes,Job,9
L3427,3,Civil,8.33,6-10L,After Counselling,44,4,13,Yes,No,Job,1
L3428,4,Civil,6.83,<3L,After Understanding,47,3,11,No,Yes,Difficulty,7
L3429,3,CSE,5.3,3-6L,After Counselling,5,0,11,No,No,Trust,1
L3430,3,CSE,9.15,3-6L,Before Counselling,5,1,23,No,No,Difficulty,6
L3431,4,ECE,5.85,3-6L,After Understanding,9,2,12,No,No,Time,2
L3432,3,ECE,6.86,3-6L,After Understanding,47,0,10,No,Yes,Difficulty,7
L3433,2,ECE,8.0,3-6L,After Understanding,27,0,10,No,No,Time,2
L3434,3,IT,7.41,<3L,After Application,4,0,13,Yes,Yes,Time,3
L3435,2,Mechanical,5.99,6-10L,After Counselling,24,3,3,Yes,No,Difficulty,5
L3436,2,IT,5.7,<3L,After Understanding,27,3,15,No,No,Job,5
L3437,3,Civil,5.62,3-6L,After Understanding,1,3,10,No,No,Difficulty,6
L3438,4,CSE,9.32,3-6L,After Understanding,32,2,19,No,No,Time,7
L3439,4,Civil,5.16,6-10L,Before Counselling,16,0,23,No,No,Fee,7
L3440,2,Civil,9.89,3-6L,After Understanding,23,4,24,Yes,No,Time,1
L3441,3,CSE,5.99,6-10L,After Application,28,2,14,Yes,No,Trust,6
L3442,2,Civil,5.55,<3L,After Application,20,3,23,No,No,Fee,1
L3443,4,ECE,7.88,3-6L,After Understanding,17,3,17,No,Yes,Difficulty,6
L3444,4,CSE,5.4,6-10L,After Application,36,3,14,No,No,Time,9
L3445,3,Civil,8.01,6-10L,After Application,45,1,9,Yes,No,Fee,4
L3446,4,ECE,9.25,3-6L,After Understanding,8,0,13,Yes,No,Job,2
L3447,3,ECE,5.24,<3L,After Application,18,4,20,Yes,Yes,Difficulty,4
L3448,3,Mechanical,9.0,<3L,Before Counselling,13,0,11,No,No,Time,7
L3449,1,ECE,6.97,<3L,After Understanding,9,2,23,Yes,No,Trust,3
L3450,2,IT,5.8,3-6L,After Counselling,37,1,3,No,No,Job,6
L3451,3,CSE,5.88,<3L,After Application,30,2,16,No,No,Trust,2
L3452,3,CSE,9.59,10L+,After Understanding,43,3,18,No,No,Fee,2
L3453,2,CSE,5.55,6-10L,After Counselling,28,3,7,No,No,Trust,1
L3454,4,Civil,9.33,<3L,Before Counselling,46,4,4,No,No,Time,2
L3455,1,Civil,7.72,3-6L,Before Counselling,18,0,12,No,No,Time,7
L3456,3,IT,5.2,6-10L,After Understanding,20,2,6,No,Yes,Trust,5
L3457,3,ECE,7.32,<3L,After Understanding,36,3,23,No,Yes,Fee,4
L3458,3,Civil,9.09,3-6L,Before Counselling,19,4,14,Yes,No,Time,7
L3459,3,ECE,8.63,3-6L,Before Counselling,5,4,17,No,No,Time,9
L3460,2,ECE,7.44,<3L,Before Counselling,34,2,23,Yes,No,Trust,8
L3461,1,Civil,9.3,3-6L,After Counselling,17,0,11,Yes,Yes,Trust,2
L3462,3,Civil,5.6,10L+,After Counselling,28,1,14,No,No,Fee,1
L3463,3,IT,9.55,<3L,After Understanding,36,4,24,No,No,Job,9
L3464,1,Mechanical,9.23,3-6L,After Counselling,38,2,24,No,No,Difficulty,3
L3465,3,CSE,8.54,<3L,After Application,30,3,12,No,Yes,Difficulty,9
L3466,2,Civil,9.09,6-10L,Before Counselling,18,1,17,No,Yes,Difficulty,7
L3467,3,Civil,7.72,6-10L,After Understanding,6,1,7,No,No,Trust,6
L3468,4,ECE,8.38,<3L,After Counselling,26,0,2,No,No,Time,3
L3469,1,Mechanical,7.8,6-10L,After Understanding,15,2,9,No,No,Time,3
L3470,1,Civil,6.78,<3L,After Counselling,1,0,21,No,Yes,Job,1
L3471,3,Mechanical,7.84,<3L,After Understanding,17,4,18,No,Yes,Time,5
L3472,3,CSE,6.29,3-6L,Before Counselling,31,4,11,Yes,Yes,Trust,5
L3473,3,ECE,7.2,<3L,Before Counselling,2,2,3,No,No,Fee,1
L3474,4,IT,6.4,3-6L,Before Counselling,36,3,20,No,No,Fee,7
L3475,4,CSE,5.61,3-6L,After Counselling,35,4,7,No,No,Difficulty,8
L3476,4,Mechanical,6.61,<3L,After Understanding,27,4,3,No,No,Difficulty,2
L3477,3,Mechanical,9.26,<3L,After Understanding,3,3,19,No,Yes,Fee,8
L3478,2,CSE,6.91,3-6L,After Understanding,46,1,15,No,No,Difficulty,1
L3479,2,Mechanical,8.74,<3L,After Application,20,2,7,No,No,Difficulty,1
L3480,1,IT,5.88,<3L,After Counselling,8,1,13,No,No,Job,5
L3481,3,IT,7.12,<3L,Before Counselling,29,0,21,Yes,No,Fee,8
L3482,2,Mechanical,5.57,6-10L,Before Counselling,8,3,22,No,No,Job,9
L3483,4,Mechanical,5.69,10L+,After Understanding,41,2,9,No,No,Difficulty,7
L3484,3,IT,8.09,<3L,After Understanding,27,3,4,Yes,Yes,Time,8
L3485,3,Mechanical,8.04,<3L,After Application,26,3,6,No,No,Difficulty,5
L3486,2,Civil,6.07,3-6L,After Counselling,39,1,18,No,No,Difficulty,6
L3487,1,ECE,7.37,10L+,After Understanding,10,1,21,Yes,Yes,Job,7
L3488,1,Civil,9.32,<3L,After Understanding,30,0,6,No,Yes,Trust,9
L3489,2,Mechanical,5.87,6-10L,After Counselling,33,2,15,No,No,Trust,3
L3490,1,Mechanical,5.1,3-6L,After Understanding,36,3,21,Yes,Yes,Time,7
L3491,3,ECE,8.26,10L+,Before Counselling,20,0,15,No,Yes,Difficulty,1
L3492,4,Mechanical,5.27,<3L,After Counselling,4,3,10,No,Yes,Trust,9
L3493,4,ECE,9.9,10L+,Before Counselling,23,0,9,No,No,Time,6
L3494,3,IT,8.05,3-6L,After Application,29,3,12,No,No,Difficulty,3
L3495,2,ECE,7.35,10L+,After Understanding,46,1,19,Yes,No,Fee,2
L3496,4,ECE,7.15,3-6L,After Understanding,32,4,10,No,Yes,Time,5
L3497,4,Civil,7.87,3-6L,After Counselling,37,0,3,No,Yes,Trust,3
L3498,1,Mechanical,5.45,6-10L,After Application,37,0,23,No,Yes,Difficulty,2
L3499,3,IT,9.65,6-10L,After Counselling,26,4,3,Yes,No,Time,2
L3500,2,CSE,8.13,3-6L,After Application,5,1,7,No,No,Job,2
L3501,4,ECE,5.92,3-6L,After Counselling,24,0,7,No,No,Time,5
L3502,4,CSE,7.81,6-10L,After Counselling,43,1,12,No,No,Trust,3
L3503,1,Mechanical,5.67,10L+,After Understanding,2,3,24,No,Yes,Difficulty,6
L3504,4,ECE,5.09,<3L,After Understanding,15,3,11,No,No,Fee,3
L3505,3,CSE,8.15,3-6L,After Application,46,4,14,No,No,Fee,5
L3506,4,Civil,8.24,6-10L,Before Counselling,46,2,22,No,No,Time,8
L3507,2,CSE,7.92,3-6L,Before Counselling,40,1,20,No,Yes,Job,8
L3508,4,Civil,5.92,6-10L,After Counselling,8,2,3,No,No,Fee,4
L3509,1,IT,8.02,6-10L,After Understanding,37,2,21,No,Yes,Job,7
L3510,2,Mechanical,5.28,6-10L,After Counselling,37,1,15,Yes,No,Time,1
L3511,1,CSE,8.05,6-10L,After Application,14,2,2,No,No,Difficulty,2
L3512,4,ECE,7.77,10L+,After Counselling,5,0,13,No,No,Difficulty,1
L3513,4,Mechanical,8.28,6-10L,After Counselling,9,3,19,Yes,No,Fee,4
L3514,4,CSE,9.48,6-10L,After Counselling,22,4,17,No,No,Fee,6
L3515,4,ECE,9.25,<3L,After Application,43,1,6,No,Yes,Fee,2
L3516,1,ECE,9.9,<3L,After Application,44,4,22,No,No,Fee,2
L3517,2,ECE,9.88,3-6L,After Counselling,44,3,20,No,Yes,Time,7
L3518,1,ECE,8.86,6-10L,After Understanding,30,4,15,Yes,No,Job,8
L3519,2,CSE,9.78,<3L,After Application,33,1,12,No,Yes,Trust,2
L3520,2,IT,9.34,<3L,Before Counselling,38,4,18,No,No,Time,8
L3521,2,Civil,8.64,<3L,After Counselling,37,2,23,No,No,Fee,4
L3522,2,Civil,5.38,6-10L,After Understanding,45,2,16,No,No,Fee,6
L3523,1,Civil,5.25,6-10L,After Application,38,3,17,No,Yes,Fee,2
L3524,1,IT,9.19,10L+,After Counselling,7,2,15,No,No,Trust,9
L3525,1,ECE,7.45,<3L,After Understanding,3,4,18,No,Yes,Job,8
L3526,4,ECE,9.07,<3L,Before Counselling,43,0,5,No,No,Fee,4
L3527,3,Mechanical,6.56,3-6L,After Application,40,4,15,No,Yes,Difficulty,3
L3528,4,Civil,6.99,<3L,After Application,32,0,5,Yes,No,Fee,1
L3529,2,Civil,8.5,3-6L,Before Counselling,36,4,4,Yes,No,Trust,5
L3530,2,ECE,9.58,<3L,After Application,42,0,5,No,Yes,Trust,3
L3531,3,Civil,5.44,<3L,After Understanding,41,0,23,Yes,Yes,Trust,4
L3532,2,ECE,9.31,3-6L,After Application,45,1,7,Yes,No,Trust,2
L3533,2,ECE,8.97,<3L,After Counselling,19,1,23,No,No,Time,9
L3534,2,ECE,6.58,<3L,Before Counselling,31,4,23,No,No,Fee,4
L3535,1,CSE,6.78,3-6L,After Counselling,30,2,5,No,Yes,Difficulty,4
L3536,2,CSE,5.23,<3L,After Application,47,1,8,No,Yes,Time,5
L3537,2,CSE,5.08,3-6L,After Counselling,37,0,8,Yes,No,Job,8
L3538,3,CSE,7.39,<3L,After Understanding,25,4,19,Yes,No,Time,8
L3539,1,IT,5.48,3-6L,After Counselling,13,2,13,Yes,No,Fee,5
L3540,2,Mechanical,5.97,10L+,After Understanding,12,4,17,No,No,Time,4
L3541,4,Mechanical,9.23,3-6L,After Understanding,9,0,7,No,Yes,Trust,7
L3542,1,ECE,7.86,3-6L,After Understanding,40,1,6,No,No,Time,3
L3543,2,Civil,8.17,10L+,Before Counselling,9,1,11,No,Yes,Trust,1
L3544,4,CSE,5.94,<3L,After Counselling,45,3,18,No,No,Time,3
L3545,1,Mechanical,9.14,<3L,After Understanding,27,3,4,No,No,Job,7
L3546,1,Mechanical,9.34,<3L,After Understanding,41,4,10,No,Yes,Fee,6
L3547,2,CSE,7.62,3-6L,After Counselling,31,4,11,Yes,No,Fee,1
L3548,2,IT,9.56,3-6L,After Application,6,2,11,No,No,Time,2
L3549,3,IT,9.22,<3L,Before Counselling,29,1,22,No,No,Trust,3
L3550,4,Mechanical,8.66,6-10L,After Understanding,30,1,7,Yes,Yes,Job,5
L3551,1,IT,8.67,<3L,After Application,38,3,5,No,No,Trust,9
L3552,3,CSE,5.53,10L+,After Application,11,0,12,No,Yes,Fee,8
L3553,3,Mechanical,6.35,10L+,After Application,42,0,21,No,No,Trust,1
L3554,1,CSE,5.33,10L+,After Understanding,46,3,10,Yes,Yes,Job,8
L3555,3,IT,5.04,6-10L,After Understanding,6,4,13,Yes,No,Job,4
L3556,2,CSE,5.79,<3L,After Understanding,39,1,24,Yes,Yes,Trust,5
L3557,2,IT,9.4,6-10L,After Counselling,41,1,23,No,No,Difficulty,5
L3558,1,IT,6.2,<3L,After Understanding,31,1,11,No,Yes,Job,3
L3559,2,CSE,9.85,6-10L,Before Counselling,35,0,7,Yes,No,Job,8
L3560,2,IT,7.99,<3L,After Counselling,12,4,14,Yes,Yes,Difficulty,3
L3561,4,ECE,6.19,<3L,Before Counselling,45,0,6,No,Yes,Fee,1
L3562,1,CSE,7.49,10L+,After Application,6,4,5,No,Yes,Time,5
L3563,2,ECE,6.1,<3L,After Counselling,45,3,4,No,No,Time,8
L3564,2,CSE,9.92,<3L,After Counselling,26,4,24,No,No,Time,6
L3565,3,IT,9.24,3-6L,After Counselling,37,0,6,No,No,Time,5
L3566,3,IT,5.13,6-10L,Before Counselling,32,1,19,Yes,No,Fee,1
L3567,3,Mechanical,9.74,3-6L,Before Counselling,4,0,4,Yes,Yes,Difficulty,3
L3568,3,Mechanical,8.61,3-6L,After Application,40,3,6,No,No,Job,3
L3569,4,ECE,5.41,6-10L,After Understanding,3,1,10,No,Yes,Fee,9
L3570,2,IT,8.35,<3L,Before Counselling,2,0,7,No,No,Time,8
L3571,3,Mechanical,8.23,3-6L,After Application,20,1,16,No,Yes,Trust,9
L3572,4,IT,6.09,6-10L,After Understanding,19,3,19,No,No,Time,2
L3573,4,CSE,8.79,3-6L,After Counselling,39,4,9,No,No,Fee,9
L3574,4,Mechanical,5.44,3-6L,After Understanding,12,4,13,Yes,No,Fee,8
L3575,2,ECE,7.45,<3L,Before Counselling,36,2,23,Yes,No,Job,3
L3576,1,Mechanical,5.05,<3L,After Application,42,1,7,No,No,Trust,8
L3577,2,IT,9.84,<3L,After Counselling,28,3,9,Yes,No,Time,5
L3578,3,Civil,8.76,<3L,After Counselling,9,0,24,Yes,No,Trust,9
L3579,2,Civil,5.79,<3L,After Understanding,44,0,16,No,No,Difficulty,2
L3580,2,IT,6.71,3-6L,After Understanding,11,2,17,No,No,Difficulty,1
L3581,4,CSE,5.8,<3L,Before Counselling,30,0,6,Yes,No,Job,2
L3582,2,Mechanical,8.83,6-10L,After Counselling,2,3,12,No,No,Trust,2
L3583,4,Civil,5.29,6-10L,After Understanding,38,3,18,No,Yes,Fee,6
L3584,2,CSE,9.2,<3L,After Counselling,38,4,14,No,No,Time,9
L3585,2,IT,9.71,3-6L,After Application,33,1,21,No,No,Fee,9
L3586,2,CSE,8.38,10L+,After Application,7,1,17,No,No,Difficulty,6
L3587,3,IT,6.06,3-6L,Before Counselling,44,0,19,No,Yes,Trust,3
L3588,1,Mechanical,6.8,10L+,After Counselling,21,1,14,No,Yes,Job,4
L3589,1,CSE,7.39,<3L,After Understanding,12,2,4,No,No,Trust,5
L3590,4,Mechanical,8.02,6-10L,After Application,21,1,4,Yes,No,Difficulty,2
L3591,1,CSE,8.34,3-6L,After Application,23,0,7,No,No,Fee,9
L3592,3,IT,7.77,<3L,Before Counselling,6,1,16,No,Yes,Trust,1
L3593,3,IT,6.76,10L+,After Application,14,3,20,No,No,Trust,1
L3594,2,CSE,9.45,10L+,Before Counselling,32,3,4,No,No,Time,5
L3595,3,IT,5.41,<3L,After Counselling,45,4,22,Yes,No,Job,4
L3596,2,ECE,7.33,10L+,After Understanding,13,4,4,No,Yes,Job,6
L3597,3,ECE,8.88,<3L,After Counselling,27,4,22,No,Yes,Time,9
L3598,2,Mechanical,5.3,3-6L,After Counselling,11,4,4,No,Yes,Time,1
L3599,3,ECE,8.53,<3L,After Counselling,32,1,19,No,No,Difficulty,1
L3600,1,ECE,9.1,<3L,After Understanding,3,0,9,No,No,Fee,7
L3601,3,Civil,8.3,6-10L,After Counselling,2,1,17,Yes,No,Time,3
L3602,1,Civil,5.06,<3L,After Counselling,30,0,4,Yes,No,Difficulty,3
L3603,2,Civil,5.9,<3L,Before Counselling,2,0,23,No,No,Fee,9
L3604,2,Civil,6.71,3-6L,Before Counselling,39,0,12,Yes,No,Trust,5
L3605,1,IT,6.17,<3L,Before Counselling,29,0,17,No,No,Time,7
L3606,4,Mechanical,9.81,3-6L,After Understanding,22,3,3,No,No,Job,6
L3607,2,Mechanical,8.26,<3L,After Application,25,0,2,No,Yes,Job,1
L3608,4,ECE,6.48,6-10L,After Application,42,1,9,No,No,Trust,4
L3609,4,Mechanical,9.65,<3L,After Counselling,46,0,13,No,No,Trust,8
L3610,3,ECE,8.7,<3L,After Application,19,3,20,Yes,No,Trust,7
L3611,1,Mechanical,6.42,<3L,After Counselling,16,1,19,Yes,Yes,Difficulty,5
L3612,2,CSE,6.89,3-6L,Before Counselling,17,2,19,No,Yes,Trust,5
L3613,3,CSE,6.0,<3L,After Counselling,27,1,22,Yes,No,Difficulty,9
L3614,2,Mechanical,9.86,3-6L,After Understanding,43,3,23,No,Yes,Time,9
L3615,1,IT,7.59,<3L,After Application,19,3,12,No,Yes,Time,6
L3616,3,ECE,9.48,6-10L,After Counselling,43,4,19,No,No,Difficulty,9
L3617,4,Mechanical,6.73,<3L,Before Counselling,42,2,7,Yes,No,Fee,7
L3618,3,ECE,9.3,6-10L,After Understanding,30,0,2,No,No,Fee,6
L3619,1,Civil,5.27,<3L,After Counselling,14,3,10,No,No,Time,2
L3620,3,Mechanical,9.91,<3L,After Counselling,46,4,21,Yes,No,Time,3
L3621,2,IT,9.56,<3L,After Counselling,42,4,17,No,Yes,Fee,9
L3622,2,Civil,6.82,<3L,After Understanding,32,0,6,No,No,Fee,1
L3623,4,Mechanical,8.87,3-6L,After Counselling,23,1,20,Yes,No,Difficulty,7
L3624,2,CSE,8.76,10L+,Before Counselling,36,2,23,No,No,Fee,1
L3625,2,Mechanical,9.51,<3L,Before Counselling,10,0,18,Yes,No,Job,7
L3626,1,CSE,6.54,3-6L,Before Counselling,38,0,24,No,No,Fee,8
L3627,4,CSE,7.33,<3L,Before Counselling,29,1,9,No,No,Fee,3
L3628,3,Mechanical,9.32,<3L,After Understanding,11,1,20,Yes,No,Job,2
L3629,3,Mechanical,8.89,<3L,Before Counselling,38,3,19,Yes,No,Trust,5
L3630,3,CSE,6.97,6-10L,Before Counselling,15,1,13,No,Yes,Job,3
L3631,1,ECE,9.23,<3L,After Application,32,1,17,No,Yes,Time,7
L3632,2,Civil,5.23,6-10L,Before Counselling,27,2,15,Yes,Yes,Time,2
L3633,2,IT,8.91,<3L,After Understanding,38,2,5,Yes,No,Time,7
L3634,1,Mechanical,6.03,<3L,After Application,1,2,9,No,Yes,Trust,2
L3635,2,Civil,6.43,3-6L,After Application,41,0,13,No,Yes,Trust,7
L3636,4,Civil,7.47,<3L,After Understanding,14,2,12,Yes,No,Time,7
L3637,1,ECE,7.25,<3L,After Application,3,2,14,Yes,Yes,Fee,4
L3638,2,Civil,7.6,<3L,After Counselling,30,4,9,No,Yes,Difficulty,3
L3639,2,Mechanical,7.72,<3L,Before Counselling,31,2,19,No,No,Difficulty,9
L3640,2,Civil,6.66,6-10L,After Counselling,1,0,14,No,No,Trust,1
L3641,4,Mechanical,5.88,<3L,After Understanding,46,4,5,Yes,No,Trust,4
L3642,2,Mechanical,8.84,6-10L,After Counselling,14,0,2,No,No,Difficulty,4
L3643,2,CSE,7.0,<3L,After Understanding,36,0,24,No,No,Fee,8
L3644,3,ECE,7.53,6-10L,After Counselling,46,4,11,No,No,Fee,4
L3645,1,IT,8.22,3-6L,Before Counselling,36,4,7,No,Yes,Trust,5
L3646,2,CSE,9.55,<3L,After Understanding,43,4,12,No,No,Fee,4
L3647,2,IT,8.54,10L+,After Understanding,41,4,8,No,No,Difficulty,1
L3648,3,Mechanical,5.23,<3L,After Understanding,43,0,11,No,No,Trust,8
L3649,4,CSE,9.19,3-6L,After Application,15,4,13,No,No,Job,2
L3650,3,Civil,9.95,3-6L,Before Counselling,38,1,22,No,Yes,Trust,5
L3651,2,Civil,7.36,<3L,After Application,25,2,23,No,No,Time,2
L3652,4,IT,9.85,10L+,After Application,44,2,7,No,No,Fee,5
L3653,1,Mechanical,7.74,6-10L,Before Counselling,45,1,7,No,No,Fee,4
L3654,1,IT,7.3,6-10L,After Understanding,14,0,5,Yes,No,Difficulty,6
L3655,2,ECE,6.66,10L+,After Application,24,0,3,No,Yes,Trust,3
L3656,2,Civil,8.29,3-6L,After Application,43,2,8,No,No,Difficulty,6
L3657,3,CSE,6.15,<3L,After Understanding,2,3,22,No,No,Trust,2
L3658,3,CSE,5.52,6-10L,Before Counselling,34,1,23,No,Yes,Trust,3
L3659,4,CSE,5.14,<3L,Before Counselling,23,1,8,No,Yes,Job,2
L3660,3,Civil,6.46,<3L,Before Counselling,8,2,22,No,No,Fee,5
L3661,3,Mechanical,6.98,3-6L,After Application,5,4,22,No,No,Time,5
L3662,1,Civil,7.76,10L+,Before Counselling,29,3,23,Yes,Yes,Time,8
L3663,1,Civil,6.46,<3L,Before Counselling,43,0,3,Yes,No,Fee,6
L3664,3,CSE,9.92,6-10L,After Application,33,0,11,Yes,No,Difficulty,7
L3665,2,Civil,6.46,3-6L,Before Counselling,20,0,15,No,No,Time,9
L3666,4,CSE,7.2,<3L,After Counselling,16,0,6,Yes,Yes,Job,4
L3667,1,Mechanical,5.52,6-10L,Before Counselling,37,1,21,Yes,No,Job,6
L3668,1,ECE,6.3,10L+,Before Counselling,37,1,9,No,Yes,Job,7
L3669,2,CSE,5.24,<3L,After Understanding,42,4,21,No,Yes,Time,3
L3670,2,IT,7.8,<3L,After Application,41,1,19,No,Yes,Job,8
L3671,1,ECE,8.76,<3L,After Understanding,24,4,22,No,No,Job,4
L3672,3,Mechanical,5.98,6-10L,After Counselling,29,4,6,No,Yes,Difficulty,4
L3673,1,ECE,6.84,<3L,Before Counselling,35,0,5,No,No,Fee,2
L3674,3,CSE,5.08,<3L,After Understanding,9,0,20,Yes,No,Time,9
L3675,2,Mechanical,9.2,6-10L,After Understanding,22,1,12,No,No,Fee,9
L3676,1,IT,8.9,3-6L,After Counselling,20,1,6,No,No,Job,5
L3677,2,CSE,5.32,<3L,Before Counselling,40,4,17,Yes,No,Difficulty,8
L3678,4,CSE,6.82,6-10L,After Understanding,4,2,10,Yes,Yes,Fee,8
L3679,2,Mechanical,9.78,10L+,Before Counselling,43,0,7,No,Yes,Trust,1
L3680,3,Mechanical,6.96,10L+,After Counselling,36,3,9,No,No,Time,3
L3681,1,ECE,7.63,<3L,After Counselling,12,2,2,No,No,Job,2
L3682,3,IT,6.78,10L+,Before Counselling,23,0,2,No,Yes,Job,5
L3683,2,ECE,7.98,6-10L,After Counselling,39,0,24,No,Yes,Trust,3
L3684,3,ECE,9.89,<3L,After Application,8,1,6,No,No,Job,7
L3685,3,CSE,9.99,3-6L,After Understanding,10,3,19,No,Yes,Fee,2
L3686,4,Mechanical,8.87,<3L,After Application,23,3,5,Yes,No,Job,3
L3687,2,CSE,7.02,6-10L,After Application,29,0,17,No,Yes,Fee,7
L3688,1,IT,7.47,6-10L,After Counselling,45,4,21,No,No,Fee,3
L3689,1,ECE,6.78,6-10L,After Counselling,32,3,23,Yes,Yes,Time,3
L3690,4,IT,9.93,<3L,Before Counselling,14,2,20,No,No,Time,5
L3691,3,Mechanical,8.54,3-6L,After Application,16,4,8,Yes,No,Time,1
L3692,3,Mechanical,7.24,<3L,After Understanding,39,1,16,No,No,Time,3
L3693,2,Civil,5.06,10L+,Before Counselling,17,0,19,No,No,Trust,2
L3694,2,IT,7.6,3-6L,Before Counselling,20,0,10,No,Yes,Trust,2
L3695,1,CSE,9.92,<3L,Before Counselling,12,2,8,No,Yes,Difficulty,3
L3696,4,IT,7.62,<3L,After Counselling,9,2,2,No,No,Fee,2
L3697,3,ECE,5.91,3-6L,After Counselling,8,1,14,No,No,Difficulty,3
L3698,4,Mechanical,5.11,3-6L,Before Counselling,41,1,5,No,Yes,Trust,5
L3699,2,Mechanical,6.77,6-10L,After Counselling,37,3,3,No,Yes,Difficulty,7
L3700,3,IT,9.59,<3L,After Counselling,21,4,11,No,Yes,Fee,4
L3701,3,IT,9.98,3-6L,Before Counselling,42,0,6,No,Yes,Time,7
L3702,2,IT,9.73,<3L,After Understanding,32,3,4,No,No,Job,5
L3703,4,ECE,8.65,3-6L,After Understanding,37,1,6,Yes,No,Trust,9
L3704,4,ECE,7.79,10L+,After Counselling,46,2,12,No,No,Fee,4
L3705,4,CSE,7.95,3-6L,After Understanding,18,3,19,No,No,Job,3
L3706,3,IT,7.69,<3L,After Understanding,29,2,21,No,No,Trust,2
L3707,2,CSE,8.54,10L+,After Counselling,7,4,3,Yes,Yes,Fee,4
L3708,2,Civil,7.09,<3L,After Understanding,40,2,24,Yes,No,Trust,2
L3709,4,ECE,8.35,6-10L,After Counselling,37,0,17,Yes,No,Fee,4
L3710,1,Mechanical,5.61,3-6L,After Application,6,4,24,Yes,Yes,Trust,3
L3711,3,Civil,6.33,<3L,Before Counselling,20,2,24,No,Yes,Trust,9
L3712,3,Mechanical,9.18,<3L,After Understanding,9,3,19,No,No,Time,5
L3713,3,Civil,9.52,<3L,Before Counselling,9,0,7,Yes,Yes,Fee,3
L3714,4,CSE,7.7,6-10L,Before Counselling,8,0,16,No,No,Difficulty,7
L3715,2,CSE,5.16,6-10L,After Counselling,17,1,13,Yes,No,Job,2
L3716,2,ECE,9.63,3-6L,After Understanding,24,1,5,Yes,No,Trust,6
L3717,1,Mechanical,8.51,<3L,After Understanding,40,3,13,Yes,No,Time,1
L3718,2,Civil,7.07,6-10L,After Application,23,1,12,No,No,Difficulty,8
L3719,2,IT,7.99,3-6L,After Understanding,33,2,23,Yes,Yes,Trust,6
L3720,2,IT,7.15,3-6L,After Understanding,22,1,10,No,No,Fee,8
L3721,4,ECE,7.33,3-6L,After Counselling,47,0,2,No,No,Job,4
L3722,4,Mechanical,9.43,<3L,Before Counselling,22,3,19,Yes,No,Difficulty,3
L3723,1,IT,5.81,3-6L,After Application,27,2,7,No,No,Job,4
L3724,2,ECE,5.52,3-6L,After Understanding,2,0,13,No,No,Trust,7
L3725,4,ECE,5.01,3-6L,After Understanding,31,0,24,Yes,No,Time,6
L3726,1,Mechanical,6.57,6-10L,After Application,13,4,4,No,Yes,Difficulty,9
L3727,1,IT,5.74,<3L,After Counselling,2,1,2,No,No,Trust,7
L3728,1,IT,6.1,3-6L,After Understanding,46,2,8,No,No,Trust,3
L3729,3,IT,5.06,<3L,After Understanding,7,3,19,Yes,No,Job,5
L3730,1,CSE,6.14,6-10L,After Application,11,3,13,No,No,Time,8
L3731,4,IT,6.66,<3L,Before Counselling,47,3,23,No,No,Difficulty,5
L3732,2,Civil,5.16,<3L,After Understanding,26,4,21,Yes,Yes,Job,5
L3733,3,CSE,8.04,6-10L,After Understanding,21,2,17,No,No,Job,3
L3734,2,CSE,7.84,<3L,Before Counselling,15,0,21,No,No,Trust,4
L3735,2,CSE,5.49,3-6L,After Understanding,16,4,8,No,No,Trust,9
L3736,3,CSE,7.98,10L+,Before Counselling,9,1,18,Yes,No,Trust,9
L3737,3,ECE,9.99,3-6L,After Counselling,21,0,5,No,No,Fee,3
L3738,3,Civil,9.72,<3L,Before Counselling,41,3,11,Yes,No,Difficulty,5
L3739,3,Mechanical,5.01,<3L,Before Counselling,6,1,7,No,No,Difficulty,8
L3740,4,IT,8.98,6-10L,After Understanding,1,2,3,No,No,Time,5
L3741,4,CSE,6.77,<3L,After Understanding,31,2,5,No,Yes,Fee,7
L3742,3,Mechanical,5.32,6-10L,After Application,5,4,19,No,Yes,Time,3
L3743,1,ECE,6.48,6-10L,After Understanding,37,2,2,No,Yes,Time,2
L3744,1,Mechanical,6.61,3-6L,After Understanding,26,3,2,No,No,Fee,2
L3745,2,CSE,7.62,6-10L,Before Counselling,1,4,17,Yes,No,Fee,9
L3746,3,Civil,8.31,<3L,After Counselling,1,4,14,No,No,Fee,1
L3747,2,Mechanical,8.75,3-6L,After Understanding,29,3,15,No,No,Time,1
L3748,2,CSE,6.23,3-6L,Before Counselling,22,2,12,No,Yes,Difficulty,2
L3749,4,CSE,6.61,<3L,After Application,38,1,21,No,Yes,Time,6
L3750,4,IT,6.54,<3L,After Application,41,4,9,No,No,Job,6
L3751,4,IT,6.81,3-6L,After Counselling,19,1,11,No,No,Trust,6
L3752,2,Civil,10.0,3-6L,After Counselling,28,1,17,Yes,Yes,Difficulty,6
L3753,3,IT,8.89,3-6L,After Counselling,5,1,8,Yes,No,Job,6
L3754,2,Civil,9.87,6-10L,Before Counselling,21,1,6,No,Yes,Difficulty,8
L3755,1,ECE,8.47,3-6L,After Understanding,22,3,11,Yes,Yes,Job,6
L3756,1,ECE,7.03,6-10L,Before Counselling,20,0,19,Yes,No,Trust,9
L3757,2,IT,6.95,6-10L,After Application,12,2,8,No,No,Trust,5
L3758,2,ECE,7.44,<3L,After Application,6,0,5,No,No,Difficulty,4
L3759,4,Mechanical,7.08,<3L,After Understanding,29,0,11,Yes,Yes,Time,1
L3760,1,Mechanical,9.14,3-6L,After Counselling,45,4,19,No,No,Job,2
L3761,3,Mechanical,7.33,6-10L,After Application,40,0,19,No,No,Trust,4
L3762,3,ECE,6.48,<3L,After Counselling,35,0,4,No,No,Job,9
L3763,2,Mechanical,8.87,3-6L,Before Counselling,11,3,14,No,No,Fee,4
L3764,2,Civil,9.27,<3L,After Counselling,33,1,15,No,No,Time,8
L3765,2,CSE,7.1,<3L,Before Counselling,25,0,23,Yes,Yes,Time,2
L3766,3,IT,8.34,3-6L,After Understanding,14,0,15,No,No,Difficulty,1
L3767,2,Civil,5.29,<3L,After Counselling,29,4,2,Yes,No,Job,9
L3768,1,Mechanical,7.65,3-6L,After Understanding,13,2,6,No,No,Job,6
L3769,1,CSE,5.22,10L+,After Counselling,15,4,11,No,Yes,Trust,5
L3770,3,IT,5.15,10L+,After Application,8,2,15,No,No,Fee,3
L3771,4,Civil,8.06,<3L,After Understanding,47,2,20,No,Yes,Fee,9
L3772,2,IT,6.52,6-10L,After Counselling,45,2,24,Yes,Yes,Job,2
L3773,3,ECE,8.71,10L+,After Understanding,33,3,8,No,No,Trust,8
L3774,3,Mechanical,9.48,<3L,After Counselling,11,3,16,No,No,Time,4
L3775,4,Civil,5.7,3-6L,Before Counselling,15,1,22,No,No,Difficulty,7
L3776,4,Civil,8.62,10L+,After Understanding,21,2,10,No,Yes,Time,8
L3777,3,CSE,7.57,<3L,After Application,36,3,11,No,No,Fee,1
L3778,3,CSE,5.56,10L+,After Understanding,6,3,9,No,No,Fee,1
L3779,4,CSE,8.26,3-6L,Before Counselling,25,0,10,No,No,Job,9
L3780,2,IT,8.05,<3L,Before Counselling,44,2,12,No,No,Fee,9
L3781,2,Mechanical,7.58,3-6L,After Application,1,4,23,Yes,No,Trust,1
L3782,1,IT,9.63,<3L,Before Counselling,42,0,9,Yes,Yes,Time,5
L3783,4,Mechanical,7.61,<3L,After Application,33,3,19,Yes,No,Job,4
L3784,4,Civil,9.95,3-6L,After Counselling,39,3,6,No,No,Trust,4
L3785,1,IT,7.55,3-6L,Before Counselling,32,3,9,No,Yes,Trust,2
L3786,3,IT,5.58,3-6L,After Counselling,2,3,3,Yes,No,Difficulty,5
L3787,2,IT,7.35,<3L,After Counselling,25,4,19,Yes,No,Fee,2
L3788,1,ECE,5.91,6-10L,Before Counselling,40,1,20,No,No,Fee,3
L3789,4,Mechanical,7.99,3-6L,After Application,33,1,19,No,Yes,Trust,8
L3790,2,Mechanical,8.47,6-10L,After Application,38,2,21,No,No,Job,9
L3791,1,IT,7.34,6-10L,After Application,11,3,17,No,Yes,Trust,9
L3792,3,ECE,5.49,<3L,Before Counselling,19,2,5,Yes,Yes,Trust,7
L3793,3,IT,7.34,<3L,After Counselling,25,4,18,No,No,Fee,4
L3794,1,Mechanical,5.41,10L+,After Understanding,28,2,7,No,No,Time,9
L3795,3,Civil,8.41,6-10L,After Understanding,10,1,13,Yes,No,Fee,1
L3796,3,ECE,8.95,<3L,Before Counselling,31,1,8,No,Yes,Difficulty,2
L3797,1,ECE,9.81,6-10L,After Understanding,16,1,24,No,Yes,Difficulty,5
L3798,1,IT,5.74,<3L,After Counselling,42,2,15,No,No,Job,5
L3799,3,Civil,7.66,<3L,After Understanding,18,3,13,No,No,Time,5
L3800,2,Mechanical,7.84,3-6L,After Application,22,0,22,No,No,Trust,8
L3801,4,CSE,9.61,<3L,After Counselling,35,1,21,No,No,Time,2
L3802,4,Mechanical,8.14,10L+,Before Counselling,12,2,3,No,No,Fee,9
L3803,4,Mechanical,5.73,6-10L,Before Counselling,42,0,22,No,No,Fee,5
L3804,2,Civil,7.18,3-6L,After Application,28,1,5,Yes,No,Trust,7
L3805,4,ECE,8.27,<3L,After Understanding,9,1,9,Yes,No,Trust,9
L3806,2,Mechanical,8.5,<3L,Before Counselling,30,4,11,Yes,No,Difficulty,5
L3807,2,ECE,9.32,<3L,Before Counselling,18,1,18,No,Yes,Fee,4
L3808,1,Civil,5.9,3-6L,After Counselling,45,0,8,No,No,Fee,9
L3809,1,Civil,9.76,<3L,After Counselling,24,0,22,No,No,Difficulty,8
L3810,3,IT,5.3,3-6L,After Counselling,46,3,11,No,No,Job,3
L3811,2,CSE,9.92,3-6L,After Counselling,19,0,22,No,No,Job,4
L3812,2,Civil,9.29,10L+,Before Counselling,14,2,18,No,Yes,Difficulty,9
L3813,3,Civil,8.3,10L+,After Counselling,2,2,17,Yes,No,Fee,1
L3814,2,ECE,8.67,3-6L,After Application,11,1,14,No,No,Fee,7
L3815,3,Civil,5.36,3-6L,After Application,26,3,24,No,No,Job,3
L3816,2,Mechanical,5.21,<3L,After Counselling,8,1,19,No,No,Trust,7
L3817,4,IT,5.51,<3L,After Counselling,3,3,6,No,No,Trust,9
L3818,4,IT,5.44,10L+,After Understanding,15,4,9,No,Yes,Difficulty,1
L3819,2,Mechanical,7.74,3-6L,After Counselling,45,3,8,No,No,Trust,4
L3820,2,Civil,6.08,<3L,Before Counselling,40,4,19,No,No,Job,3
L3821,2,CSE,9.3,3-6L,After Application,13,4,24,No,No,Time,6
L3822,4,Civil,7.23,10L+,After Application,16,1,7,No,No,Difficulty,4
L3823,2,IT,8.48,<3L,Before Counselling,22,2,14,Yes,Yes,Fee,5
L3824,2,CSE,8.26,<3L,After Counselling,33,3,10,No,No,Time,5
L3825,1,ECE,6.6,10L+,After Understanding,2,1,24,No,Yes,Job,3
L3826,2,ECE,6.22,3-6L,After Application,45,4,9,No,No,Fee,7
L3827,2,Civil,6.71,3-6L,After Understanding,29,4,13,No,Yes,Trust,6
L3828,4,Civil,8.98,<3L,After Application,46,0,11,No,No,Difficulty,9
L3829,2,CSE,7.93,6-10L,After Understanding,34,0,8,No,Yes,Trust,5
L3830,2,CSE,6.27,6-10L,After Application,16,3,8,No,Yes,Difficulty,3
L3831,4,Civil,9.09,3-6L,After Understanding,14,2,18,No,No,Job,5
L3832,4,IT,5.27,<3L,After Counselling,39,0,6,No,Yes,Job,9
L3833,2,ECE,8.5,3-6L,After Counselling,46,4,11,No,Yes,Fee,5
L3834,2,CSE,7.2,<3L,Before Counselling,5,1,22,Yes,No,Difficulty,7
L3835,2,IT,8.66,<3L,Before Counselling,43,2,21,No,Yes,Time,1
L3836,4,Civil,9.64,<3L,After Understanding,18,3,16,No,Yes,Trust,7
L3837,1,Mechanical,8.75,<3L,After Understanding,26,1,14,No,Yes,Difficulty,4
L3838,4,CSE,7.21,10L+,After Application,10,3,15,No,Yes,Time,5
L3839,3,Mechanical,5.75,<3L,Before Counselling,6,1,18,Yes,No,Trust,8
L3840,3,IT,9.03,3-6L,Before Counselling,14,1,8,No,No,Job,8
L3841,1,ECE,7.3,<3L,After Application,2,2,22,Yes,Yes,Job,5
L3842,2,IT,5.38,3-6L,After Understanding,27,3,5,No,Yes,Fee,2
L3843,2,ECE,8.6,<3L,Before Counselling,9,0,10,No,Yes,Job,6
L3844,1,IT,6.46,3-6L,After Understanding,13,1,20,No,Yes,Job,6
L3845,3,CSE,5.24,6-10L,After Counselling,21,1,15,Yes,Yes,Job,1
L3846,4,CSE,9.51,10L+,After Understanding,44,0,4,No,Yes,Difficulty,5
L3847,3,Mechanical,7.42,3-6L,After Counselling,2,2,5,No,Yes,Fee,4
L3848,3,IT,6.4,<3L,After Counselling,3,2,24,No,No,Difficulty,1
L3849,1,IT,8.58,<3L,After Application,13,2,3,No,No,Time,8
L3850,2,Mechanical,9.43,6-10L,After Application,21,4,9,No,No,Job,8
L3851,1,Civil,5.0,<3L,After Counselling,33,4,3,No,Yes,Time,2
L3852,3,IT,8.44,3-6L,After Application,20,2,5,No,Yes,Time,9
L3853,4,IT,8.84,10L+,Before Counselling,36,2,3,No,Yes,Difficulty,3
L3854,3,IT,6.05,6-10L,Before Counselling,18,0,5,No,Yes,Job,3
L3855,1,Civil,7.45,6-10L,After Understanding,25,4,22,No,No,Difficulty,4
L3856,2,CSE,5.45,6-10L,After Counselling,45,3,10,No,No,Trust,7
L3857,3,Mechanical,8.73,3-6L,After Understanding,38,2,3,No,No,Trust,2
L3858,2,Civil,9.24,6-10L,After Counselling,25,2,21,Yes,No,Job,2
L3859,4,ECE,5.54,<3L,After Counselling,38,2,23,No,No,Time,9
L3860,4,ECE,9.08,10L+,After Understanding,15,1,18,Yes,Yes,Difficulty,4
L3861,3,Civil,8.86,<3L,After Understanding,17,4,2,No,No,Time,7
L3862,2,Civil,6.73,3-6L,After Understanding,46,3,24,Yes,No,Trust,9
L3863,2,CSE,8.45,<3L,After Understanding,36,1,7,No,No,Difficulty,7
L3864,1,ECE,5.0,<3L,Before Counselling,29,1,17,Yes,No,Difficulty,5
L3865,2,Mechanical,9.66,3-6L,After Counselling,33,3,5,Yes,No,Difficulty,1
L3866,2,IT,7.75,<3L,After Application,32,3,6,Yes,No,Job,9
L3867,3,IT,8.1,3-6L,After Counselling,8,3,6,No,No,Job,8
L3868,3,CSE,8.32,3-6L,Before Counselling,43,3,10,No,Yes,Job,5
L3869,1,CSE,7.81,3-6L,After Counselling,13,3,6,Yes,Yes,Difficulty,9
L3870,2,ECE,9.28,<3L,Before Counselling,17,2,3,Yes,Yes,Time,8
L3871,1,Mechanical,8.05,3-6L,After Counselling,21,3,8,Yes,Yes,Fee,4
L3872,1,Mechanical,9.54,6-10L,Before Counselling,14,3,16,No,No,Time,2
L3873,4,Civil,7.91,<3L,After Application,25,4,24,Yes,No,Trust,9
L3874,1,CSE,5.86,3-6L,After Application,24,2,9,No,No,Trust,9
L3875,2,IT,9.57,3-6L,After Application,33,1,4,Yes,No,Job,7
L3876,1,IT,8.41,6-10L,After Application,8,2,12,No,Yes,Fee,8
L3877,4,ECE,8.5,3-6L,Before Counselling,28,0,24,No,No,Job,4
L3878,3,IT,9.93,<3L,After Counselling,19,3,11,No,No,Time,4
L3879,2,Mechanical,5.38,6-10L,After Application,11,1,5,No,Yes,Job,1
L3880,3,Mechanical,7.14,6-10L,After Application,10,0,13,No,Yes,Trust,9
L3881,3,CSE,6.2,6-10L,After Counselling,1,1,14,No,No,Trust,9
L3882,4,ECE,8.15,3-6L,After Counselling,5,2,8,No,No,Job,5
L3883,2,IT,9.03,6-10L,After Understanding,16,0,20,Yes,Yes,Time,7
L3884,4,CSE,9.83,3-6L,After Counselling,20,3,17,Yes,No,Difficulty,3
L3885,4,Civil,7.27,6-10L,After Counselling,20,3,11,No,No,Time,8
L3886,4,Civil,8.93,6-10L,After Counselling,28,0,8,No,No,Job,9
L3887,3,IT,9.59,6-10L,After Understanding,5,2,4,No,No,Time,8
L3888,3,IT,8.42,3-6L,After Counselling,3,0,3,No,Yes,Trust,5
L3889,2,IT,6.21,6-10L,Before Counselling,30,2,2,No,Yes,Fee,6
L3890,3,Mechanical,8.04,<3L,After Application,23,1,23,No,Yes,Trust,3
L3891,3,IT,9.85,<3L,Before Counselling,34,2,17,Yes,Yes,Trust,3
L3892,3,Civil,9.94,3-6L,After Understanding,28,0,14,No,No,Difficulty,7
L3893,2,IT,8.21,3-6L,After Understanding,1,0,4,Yes,Yes,Job,9
L3894,3,ECE,9.43,<3L,After Understanding,27,1,15,No,No,Difficulty,9
L3895,4,Civil,6.0,3-6L,After Understanding,34,0,19,No,No,Difficulty,2
L3896,1,ECE,6.23,<3L,After Understanding,31,4,12,No,Yes,Job,7
L3897,4,Civil,9.76,3-6L,After Application,32,0,20,Yes,Yes,Time,8
L3898,3,CSE,5.68,6-10L,After Counselling,7,4,4,Yes,No,Fee,1
L3899,4,Civil,5.96,6-10L,Before Counselling,43,0,21,No,No,Difficulty,4
L3900,2,Civil,7.1,<3L,Before Counselling,38,0,3,No,Yes,Difficulty,9
L3901,2,ECE,7.95,10L+,After Counselling,34,1,7,Yes,No,Time,9
L3902,4,ECE,8.02,3-6L,After Understanding,46,4,5,No,Yes,Job,5
L3903,2,Civil,6.46,6-10L,After Counselling,4,1,14,Yes,No,Trust,7
L3904,4,Civil,9.6,3-6L,After Understanding,19,4,9,No,No,Time,6
L3905,2,Mechanical,9.58,10L+,After Application,22,4,16,No,No,Trust,4
L3906,3,CSE,6.96,6-10L,Before Counselling,29,3,2,No,Yes,Fee,7
L3907,2,CSE,7.17,3-6L,Before Counselling,34,4,17,Yes,Yes,Difficulty,3
L3908,3,IT,8.51,<3L,After Application,34,1,22,No,Yes,Fee,1
L3909,2,Civil,8.31,3-6L,After Application,45,1,21,No,Yes,Trust,2
L3910,1,Civil,6.91,3-6L,After Understanding,45,2,6,No,No,Trust,7
L3911,2,Civil,7.07,3-6L,After Counselling,3,0,14,Yes,Yes,Trust,4
L3912,1,Civil,6.74,<3L,After Understanding,21,3,18,Yes,No,Difficulty,7
L3913,4,CSE,6.18,3-6L,After Understanding,38,0,3,Yes,No,Job,8
L3914,4,ECE,7.29,3-6L,Before Counselling,21,1,14,No,No,Job,7
L3915,2,Mechanical,8.43,6-10L,After Understanding,17,3,3,No,No,Difficulty,5
L3916,3,ECE,8.71,6-10L,After Counselling,29,4,12,No,No,Job,1
L3917,2,ECE,8.89,<3L,After Understanding,33,1,16,No,Yes,Job,6
L3918,3,CSE,6.87,<3L,Before Counselling,39,1,10,No,Yes,Difficulty,7
L3919,4,Mechanical,8.82,<3L,After Counselling,26,1,23,No,Yes,Job,4
L3920,4,Civil,5.03,<3L,After Counselling,7,1,20,No,No,Job,3
L3921,2,CSE,7.39,<3L,Before Counselling,45,3,5,No,No,Time,6
L3922,3,CSE,8.97,6-10L,Before Counselling,9,0,18,No,No,Fee,3
L3923,2,Mechanical,8.15,10L+,After Understanding,18,0,16,Yes,No,Fee,8
L3924,4,IT,7.37,<3L,Before Counselling,1,4,8,No,Yes,Fee,5
L3925,1,CSE,8.22,3-6L,After Application,11,1,24,No,No,Time,6
L3926,3,ECE,9.53,6-10L,Before Counselling,22,1,14,No,No,Fee,3
L3927,3,ECE,7.83,10L+,After Application,32,0,9,No,No,Trust,1
L3928,3,Civil,9.0,10L+,Before Counselling,43,4,2,No,Yes,Fee,1
L3929,1,CSE,9.9,<3L,After Application,10,2,10,No,Yes,Difficulty,5
L3930,4,Civil,8.53,<3L,After Application,27,3,19,Yes,Yes,Fee,5
L3931,1,CSE,7.87,<3L,Before Counselling,12,0,18,No,No,Trust,1
L3932,3,Mechanical,5.19,3-6L,After Counselling,30,3,18,No,No,Fee,6
L3933,2,CSE,6.87,6-10L,After Counselling,10,0,9,Yes,No,Job,9
L3934,2,IT,7.83,<3L,After Application,12,4,4,No,Yes,Trust,4
L3935,3,ECE,8.99,6-10L,After Counselling,38,1,23,Yes,No,Difficulty,8
L3936,2,Mechanical,7.19,3-6L,Before Counselling,21,2,23,No,No,Job,7
L3937,1,ECE,9.8,10L+,After Application,27,3,12,Yes,No,Job,6
L3938,1,Civil,6.36,<3L,After Understanding,6,2,3,Yes,No,Time,2
L3939,2,Mechanical,8.72,<3L,After Application,38,1,3,Yes,Yes,Job,9
L3940,3,IT,7.1,<3L,After Understanding,8,0,17,No,Yes,Fee,6
L3941,4,ECE,7.43,<3L,After Understanding,37,4,18,No,Yes,Job,1
L3942,1,CSE,9.01,6-10L,After Application,6,1,10,Yes,Yes,Job,5
L3943,2,CSE,6.48,<3L,After Understanding,34,2,2,No,No,Time,6
L3944,1,CSE,5.48,6-10L,After Counselling,40,2,23,No,Yes,Fee,8
L3945,1,Mechanical,7.6,<3L,After Understanding,22,2,13,No,No,Fee,4
L3946,3,IT,7.64,<3L,After Counselling,29,0,7,No,No,Job,9
L3947,3,IT,8.99,6-10L,After Application,9,2,12,No,Yes,Difficulty,3
L3948,1,IT,9.84,10L+,After Understanding,21,0,7,No,No,Difficulty,8
L3949,2,ECE,5.28,3-6L,After Understanding,32,2,21,Yes,No,Fee,2
L3950,1,Mechanical,7.96,10L+,After Counselling,8,3,6,No,Yes,Difficulty,6
L3951,4,CSE,8.41,3-6L,After Counselling,43,3,14,No,Yes,Fee,1
L3952,4,ECE,9.93,3-6L,After Application,10,1,2,Yes,Yes,Fee,4
L3953,1,IT,9.71,6-10L,After Application,23,1,17,Yes,No,Trust,9
L3954,2,CSE,8.56,<3L,After Understanding,20,4,20,No,No,Fee,7
L3955,4,Mechanical,7.61,<3L,Before Counselling,13,2,12,No,No,Trust,4
L3956,4,Civil,5.81,3-6L,After Understanding,22,2,23,No,No,Job,7
L3957,2,IT,6.92,<3L,After Understanding,41,0,3,No,No,Time,3
L3958,1,IT,7.93,<3L,After Application,15,1,2,Yes,No,Fee,4
L3959,1,IT,8.63,<3L,After Application,31,3,14,No,No,Job,1
L3960,3,IT,8.18,6-10L,After Understanding,45,0,18,No,Yes,Fee,1
L3961,2,CSE,8.57,3-6L,After Counselling,32,3,15,Yes,No,Fee,4
L3962,1,Mechanical,7.15,3-6L,After Application,45,0,18,Yes,No,Time,9
L3963,3,ECE,8.64,6-10L,After Understanding,13,1,11,No,No,Trust,1
L3964,1,CSE,5.72,3-6L,Before Counselling,25,2,18,Yes,No,Fee,2
L3965,3,Mechanical,5.81,6-10L,After Understanding,21,2,14,Yes,No,Fee,5
L3966,2,ECE,5.81,10L+,Before Counselling,4,1,7,No,No,Trust,7
L3967,1,IT,9.45,6-10L,Before Counselling,42,3,5,Yes,No,Difficulty,2
L3968,3,Mechanical,5.38,3-6L,Before Counselling,15,4,5,Yes,No,Time,7
L3969,2,IT,9.01,3-6L,After Understanding,21,4,15,Yes,No,Time,5
L3970,4,Mechanical,6.17,3-6L,After Application,42,1,5,No,Yes,Fee,6
L3971,3,Civil,7.34,3-6L,After Counselling,8,0,24,No,No,Time,3
L3972,2,IT,9.58,<3L,After Counselling,31,2,6,No,No,Difficulty,6
L3973,3,IT,7.93,3-6L,After Understanding,10,3,15,No,No,Fee,2
L3974,2,IT,6.05,<3L,After Understanding,21,4,16,Yes,No,Trust,5
L3975,4,CSE,6.42,<3L,Before Counselling,17,2,24,No,No,Trust,5
L3976,2,ECE,9.6,3-6L,After Application,5,1,9,No,Yes,Fee,6
L3977,3,IT,7.14,6-10L,After Understanding,13,2,12,Yes,No,Trust,3
L3978,1,IT,7.93,<3L,After Counselling,21,4,8,No,No,Trust,2
L3979,2,CSE,7.3,<3L,After Understanding,44,3,24,No,No,Fee,3
L3980,4,CSE,6.89,3-6L,After Application,12,0,14,No,Yes,Job,4
L3981,4,Civil,6.12,3-6L,After Application,25,0,15,No,No,Time,8
L3982,2,Mechanical,8.43,<3L,After Understanding,28,2,10,Yes,No,Time,7
L3983,2,IT,8.59,<3L,After Understanding,2,0,16,No,Yes,Job,1
L3984,4,Mechanical,6.37,3-6L,After Application,21,4,22,Yes,Yes,Trust,7
L3985,4,CSE,8.95,6-10L,After Application,41,3,9,No,Yes,Time,3
L3986,1,CSE,9.27,<3L,Before Counselling,22,0,3,No,Yes,Difficulty,4
L3987,2,Civil,9.6,<3L,After Understanding,2,0,13,No,Yes,Job,7
L3988,2,ECE,5.81,3-6L,After Understanding,30,1,17,No,Yes,Trust,2
L3989,4,CSE,6.52,<3L,After Understanding,1,0,9,Yes,No,Difficulty,9
L3990,1,IT,9.3,<3L,After Counselling,46,0,2,No,No,Job,5
L3991,2,Civil,5.99,3-6L,Before Counselling,13,4,18,Yes,No,Trust,4
L3992,3,ECE,5.02,10L+,After Application,3,0,20,Yes,No,Fee,9
L3993,1,Civil,9.35,<3L,Before Counselling,20,1,21,No,No,Trust,9
L3994,2,CSE,6.63,3-6L,After Counselling,5,1,14,No,No,Difficulty,2
L3995,2,ECE,7.07,<3L,Before Counselling,2,1,24,No,Yes,Time,9
L3996,2,Mechanical,7.23,6-10L,After Counselling,26,0,16,No,No,Job,1
L3997,2,ECE,9.24,<3L,Before Counselling,29,2,14,No,Yes,Fee,1
L3998,3,IT,6.69,3-6L,Before Counselling,18,2,4,No,No,Job,6
L3999,1,Mechanical,9.46,6-10L,Before Counselling,9,4,17,Yes,No,Trust,1
L4000,3,Mechanical,8.08,10L+,After Understanding,22,2,10,No,No,Fee,6
L4001,4,IT,7.64,3-6L,After Application,28,4,20,No,No,Time,6
L4002,3,Mechanical,6.63,<3L,Before Counselling,12,4,9,No,No,Job,9
L4003,1,CSE,6.22,3-6L,After Understanding,37,1,9,No,No,Job,7
L4004,1,ECE,8.12,<3L,After Understanding,18,3,15,No,No,Difficulty,2
L4005,2,ECE,7.23,3-6L,After Understanding,34,4,20,No,Yes,Trust,1
L4006,2,IT,9.55,6-10L,After Counselling,42,0,14,No,No,Difficulty,3
L4007,2,CSE,7.46,6-10L,Before Counselling,42,1,4,No,Yes,Fee,2
L4008,3,Mechanical,7.56,3-6L,After Application,3,0,6,No,Yes,Job,8
L4009,1,ECE,7.08,6-10L,Before Counselling,46,0,9,Yes,No,Fee,4
L4010,1,ECE,8.95,10L+,Before Counselling,5,2,7,No,No,Time,3
L4011,2,ECE,7.12,10L+,After Application,23,0,6,Yes,No,Time,2
L4012,3,ECE,6.35,6-10L,After Understanding,13,4,22,Yes,No,Difficulty,1
L4013,1,Civil,9.31,3-6L,Before Counselling,24,0,13,No,No,Difficulty,7
L4014,3,IT,7.98,3-6L,After Understanding,28,0,7,No,No,Difficulty,2
L4015,2,Mechanical,7.96,<3L,After Understanding,17,2,9,Yes,Yes,Job,1
L4016,4,Mechanical,8.05,<3L,After Understanding,6,0,23,No,No,Time,6
L4017,4,IT,8.59,3-6L,After Application,27,4,24,No,Yes,Time,4
L4018,2,CSE,6.57,<3L,After Understanding,45,4,8,No,No,Difficulty,3
L4019,2,IT,5.17,3-6L,Before Counselling,29,0,15,No,No,Time,2
L4020,2,ECE,9.05,3-6L,After Understanding,12,4,10,No,Yes,Job,6
L4021,2,ECE,5.64,3-6L,After Counselling,35,4,18,No,No,Trust,4
L4022,3,IT,8.61,<3L,After Counselling,5,2,20,No,No,Job,6
L4023,4,IT,5.41,<3L,After Counselling,2,1,7,Yes,No,Fee,4
L4024,3,Mechanical,6.88,<3L,After Understanding,11,1,20,No,Yes,Fee,9
L4025,4,Mechanical,5.32,<3L,Before Counselling,4,3,19,No,No,Difficulty,6
L4026,2,Civil,7.61,10L+,Before Counselling,22,1,22,No,No,Fee,6
L4027,1,Civil,8.27,<3L,After Understanding,1,0,2,No,Yes,Difficulty,9
L4028,3,ECE,5.86,<3L,After Understanding,45,4,6,Yes,No,Trust,4
L4029,2,Civil,6.86,<3L,After Application,16,1,14,No,No,Job,8
L4030,3,Civil,9.65,3-6L,After Understanding,2,2,12,No,No,Time,4
L4031,2,CSE,7.21,3-6L,After Counselling,41,3,10,No,Yes,Fee,7
L4032,1,IT,9.01,<3L,After Application,27,0,11,Yes,Yes,Trust,9
L4033,4,Mechanical,9.64,10L+,After Application,12,1,23,No,No,Job,3
L4034,1,Civil,9.87,6-10L,After Understanding,5,4,21,Yes,Yes,Trust,5
L4035,4,Mechanical,9.49,<3L,After Understanding,5,2,20,No,No,Job,1
L4036,4,Civil,6.59,3-6L,After Application,22,1,3,Yes,No,Fee,4
L4037,3,Civil,9.81,3-6L,After Application,13,4,9,No,No,Difficulty,3
L4038,3,ECE,9.06,<3L,After Application,16,1,24,No,No,Job,3
L4039,3,CSE,9.19,6-10L,After Application,26,0,19,No,No,Job,6
L4040,4,IT,5.08,<3L,After Application,9,3,19,No,No,Trust,6
L4041,2,IT,9.77,3-6L,Before Counselling,32,4,3,No,No,Fee,2
L4042,2,ECE,8.89,3-6L,After Application,19,3,16,No,No,Trust,6
L4043,3,ECE,8.84,3-6L,After Application,36,3,18,No,No,Difficulty,2
L4044,2,IT,5.41,6-10L,Before Counselling,28,2,24,Yes,No,Time,2
L4045,2,IT,6.16,<3L,After Counselling,15,4,24,Yes,No,Trust,9
L4046,2,CSE,9.81,<3L,After Counselling,9,2,16,No,No,Time,8
L4047,3,Civil,7.5,3-6L,After Counselling,16,3,21,Yes,No,Trust,7
L4048,4,CSE,6.99,<3L,After Counselling,6,0,16,No,Yes,Job,1
L4049,2,IT,9.2,<3L,After Understanding,8,0,14,Yes,No,Difficulty,3
L4050,4,Civil,5.44,3-6L,After Understanding,33,1,19,Yes,No,Time,9
L4051,3,IT,7.08,<3L,After Application,32,1,22,No,Yes,Time,7
L4052,4,CSE,6.88,<3L,After Application,46,4,16,No,No,Trust,6
L4053,3,CSE,6.75,<3L,After Counselling,36,0,19,No,Yes,Difficulty,7
L4054,3,CSE,6.54,<3L,After Counselling,42,3,20,Yes,No,Trust,9
L4055,1,Civil,6.05,3-6L,Before Counselling,36,0,19,No,No,Time,9
L4056,4,Mechanical,5.86,<3L,Before Counselling,34,4,16,Yes,Yes,Difficulty,9
L4057,1,Mechanical,8.2,10L+,Before Counselling,2,1,11,No,No,Trust,6
L4058,4,IT,9.6,<3L,After Counselling,13,1,23,No,Yes,Job,1
L4059,4,Civil,7.54,3-6L,Before Counselling,43,2,22,Yes,Yes,Difficulty,4
L4060,2,ECE,6.49,6-10L,After Application,10,1,22,Yes,Yes,Job,8
L4061,2,Mechanical,5.8,<3L,After Counselling,38,3,17,No,No,Difficulty,5
L4062,3,Civil,9.15,6-10L,After Understanding,7,4,10,No,No,Time,1
L4063,2,Civil,9.86,6-10L,After Counselling,47,1,3,Yes,No,Difficulty,6
L4064,4,Mechanical,6.75,<3L,After Understanding,3,1,14,Yes,No,Job,1
L4065,1,Civil,6.45,10L+,After Understanding,27,3,2,No,Yes,Trust,1
L4066,1,Civil,8.01,<3L,After Counselling,14,1,23,No,No,Time,1
L4067,4,Mechanical,8.88,<3L,Before Counselling,30,3,9,No,Yes,Job,7
L4068,3,CSE,7.28,6-10L,After Application,34,1,7,No,Yes,Fee,7
L4069,4,IT,8.15,<3L,After Counselling,23,3,20,No,No,Difficulty,8
L4070,2,ECE,8.58,3-6L,Before Counselling,17,1,20,Yes,Yes,Fee,6
L4071,3,IT,9.8,6-10L,After Understanding,15,4,3,Yes,No,Job,6
L4072,3,CSE,5.83,10L+,After Understanding,45,2,19,Yes,No,Fee,6
L4073,3,CSE,9.99,3-6L,After Understanding,44,2,19,No,Yes,Job,1
L4074,3,Civil,6.96,10L+,After Understanding,7,0,24,No,No,Time,2
L4075,3,IT,8.62,3-6L,After Counselling,3,2,16,Yes,Yes,Trust,3
L4076,2,CSE,7.86,<3L,After Application,9,3,17,Yes,No,Trust,8
L4077,2,IT,7.43,3-6L,After Understanding,3,3,14,No,No,Difficulty,8
L4078,3,CSE,8.49,3-6L,Before Counselling,35,2,24,No,No,Time,1
L4079,2,ECE,6.98,3-6L,Before Counselling,40,3,6,No,Yes,Fee,5
L4080,3,CSE,5.63,3-6L,After Application,8,4,19,No,No,Time,4
L4081,2,IT,7.44,3-6L,After Application,26,3,6,Yes,Yes,Fee,1
L4082,3,Civil,7.61,3-6L,After Application,15,4,17,No,Yes,Time,6
L4083,3,IT,6.01,10L+,After Understanding,5,4,7,No,No,Trust,7
L4084,2,Mechanical,9.68,3-6L,After Counselling,13,4,8,Yes,No,Difficulty,1
L4085,1,IT,6.14,<3L,After Understanding,15,1,2,No,Yes,Trust,1
L4086,1,ECE,7.05,6-10L,After Understanding,39,0,9,Yes,Yes,Trust,6
L4087,3,ECE,5.77,<3L,Before Counselling,12,3,8,No,Yes,Time,3
L4088,4,ECE,7.68,6-10L,After Counselling,35,1,24,No,Yes,Fee,5
L4089,1,CSE,6.54,<3L,After Counselling,8,0,8,Yes,Yes,Time,6
L4090,3,ECE,7.45,<3L,Before Counselling,10,1,8,Yes,Yes,Fee,3
L4091,2,IT,6.12,<3L,Before Counselling,34,3,2,Yes,No,Job,3
L4092,2,Civil,5.27,<3L,Before Counselling,8,4,13,No,No,Difficulty,5
L4093,4,ECE,8.9,3-6L,After Application,22,1,24,Yes,No,Fee,7
L4094,2,IT,8.21,<3L,After Counselling,12,0,24,No,No,Job,1
L4095,2,CSE,6.7,6-10L,Before Counselling,22,0,12,Yes,Yes,Difficulty,1
L4096,1,CSE,5.24,3-6L,Before Counselling,27,0,17,No,Yes,Fee,9
L4097,1,Civil,9.33,<3L,Before Counselling,18,1,2,Yes,Yes,Trust,8
L4098,2,Civil,5.85,6-10L,After Understanding,19,0,7,Yes,No,Difficulty,8
L4099,1,IT,9.65,3-6L,After Counselling,5,2,6,Yes,No,Difficulty,6
L4100,3,Civil,7.39,6-10L,After Counselling,16,0,13,No,No,Time,7
L4101,2,Civil,6.7,3-6L,After Application,41,0,18,Yes,No,Difficulty,6
L4102,3,CSE,8.71,<3L,After Understanding,10,1,14,No,No,Time,3
L4103,1,IT,9.38,3-6L,After Counselling,19,3,6,Yes,No,Job,7
L4104,2,Civil,6.85,<3L,After Application,44,1,16,No,No,Difficulty,7
L4105,3,IT,7.04,3-6L,After Application,1,1,3,No,No,Fee,6
L4106,4,ECE,7.17,10L+,Before Counselling,22,2,3,No,No,Difficulty,3
L4107,1,CSE,9.61,<3L,After Application,17,3,21,No,Yes,Difficulty,2
L4108,4,CSE,8.46,3-6L,After Application,35,1,17,No,No,Fee,1
L4109,3,CSE,6.24,<3L,After Understanding,39,2,13,No,Yes,Difficulty,9
L4110,3,Mechanical,5.92,<3L,Before Counselling,9,1,5,No,No,Time,7
L4111,3,IT,6.15,3-6L,Before Counselling,5,2,24,Yes,Yes,Fee,5
L4112,1,ECE,6.32,3-6L,Before Counselling,9,4,10,Yes,No,Trust,5
L4113,1,Civil,6.15,3-6L,After Application,11,0,13,No,Yes,Difficulty,4
L4114,3,ECE,8.29,<3L,Before Counselling,14,0,3,No,Yes,Difficulty,9
L4115,2,IT,5.58,6-10L,After Counselling,46,1,9,Yes,No,Time,4
L4116,4,CSE,6.94,<3L,After Understanding,40,2,15,No,No,Fee,7
L4117,2,Mechanical,8.13,<3L,After Understanding,24,4,12,No,No,Difficulty,8
L4118,1,IT,6.45,6-10L,After Application,20,0,9,No,No,Time,5
L4119,3,IT,5.33,10L+,Before Counselling,33,1,10,No,Yes,Trust,9
L4120,2,Civil,5.41,3-6L,After Understanding,4,1,8,No,No,Trust,5
L4121,3,ECE,5.63,6-10L,After Application,16,2,22,Yes,No,Time,9
L4122,3,ECE,9.18,<3L,After Application,25,3,24,No,No,Fee,9
L4123,4,Civil,8.29,<3L,After Understanding,1,1,15,Yes,No,Difficulty,3
L4124,3,Mechanical,5.32,6-10L,Before Counselling,24,4,8,Yes,No,Time,1
L4125,3,CSE,6.96,10L+,Before Counselling,3,4,11,No,No,Time,1
L4126,3,CSE,6.39,<3L,After Counselling,32,3,8,No,Yes,Time,6
L4127,4,Mechanical,7.89,<3L,After Counselling,34,4,16,No,No,Job,9
L4128,2,Civil,7.61,<3L,Before Counselling,25,2,19,No,Yes,Trust,7
L4129,1,IT,7.41,<3L,After Counselling,43,1,14,Yes,No,Job,2
L4130,2,ECE,6.57,6-10L,After Counselling,3,2,5,No,No,Time,6
L4131,2,IT,5.69,3-6L,After Understanding,7,3,13,No,No,Trust,9
L4132,3,ECE,8.71,3-6L,Before Counselling,42,3,21,No,Yes,Difficulty,3
L4133,3,IT,9.4,3-6L,After Understanding,35,2,19,Yes,No,Difficulty,6
L4134,3,Civil,9.72,6-10L,After Understanding,29,0,8,No,No,Job,7
L4135,1,Civil,5.29,<3L,After Application,40,3,23,No,No,Job,2
L4136,3,Mechanical,8.7,3-6L,Before Counselling,25,1,5,No,No,Trust,9
L4137,2,IT,8.63,10L+,After Understanding,28,3,23,No,No,Difficulty,5
L4138,3,IT,9.74,<3L,After Counselling,24,2,9,No,Yes,Job,6
L4139,3,Mechanical,6.26,6-10L,After Application,5,2,21,No,Yes,Time,2
L4140,2,Mechanical,8.71,3-6L,After Counselling,27,4,19,No,Yes,Time,7
L4141,1,Civil,5.27,<3L,After Application,10,0,7,No,No,Job,4
L4142,1,Civil,8.16,<3L,After Counselling,12,2,10,No,Yes,Fee,5
L4143,4,IT,6.75,3-6L,After Counselling,18,4,13,No,Yes,Job,7
L4144,4,Civil,8.84,3-6L,After Counselling,38,4,10,No,No,Fee,6
L4145,3,Civil,9.32,3-6L,After Understanding,8,1,16,Yes,No,Difficulty,5
L4146,1,IT,6.82,<3L,Before Counselling,38,4,14,No,No,Job,3
L4147,2,Mechanical,7.63,3-6L,After Application,30,0,4,No,No,Difficulty,6
L4148,3,IT,5.59,<3L,After Understanding,9,1,4,No,No,Job,6
L4149,3,CSE,7.08,<3L,After Application,43,2,20,No,No,Job,6
L4150,1,IT,6.8,<3L,After Understanding,25,2,22,No,Yes,Time,1
L4151,1,CSE,5.92,3-6L,After Application,30,4,22,No,No,Time,2
L4152,3,IT,9.47,<3L,After Application,2,3,14,No,No,Fee,9
L4153,2,CSE,5.74,<3L,After Counselling,17,0,22,No,Yes,Difficulty,9
L4154,2,CSE,8.18,<3L,After Application,45,0,13,No,Yes,Trust,9
L4155,1,IT,9.45,<3L,After Application,7,4,7,No,No,Fee,5
L4156,3,Civil,9.56,<3L,After Counselling,22,0,19,No,No,Job,5
L4157,4,ECE,8.97,3-6L,After Understanding,10,1,10,No,No,Job,4
L4158,4,Civil,5.88,6-10L,After Understanding,26,4,23,Yes,No,Time,8
L4159,3,CSE,9.09,3-6L,Before Counselling,13,3,18,No,No,Fee,8
L4160,3,IT,6.38,3-6L,Before Counselling,42,2,13,Yes,Yes,Job,2
L4161,1,IT,9.61,<3L,Before Counselling,28,0,22,No,Yes,Difficulty,9
L4162,3,IT,8.55,10L+,Before Counselling,36,2,24,No,Yes,Trust,1
L4163,2,IT,8.93,<3L,After Application,11,3,18,No,Yes,Trust,4
L4164,3,ECE,5.43,3-6L,After Application,9,3,16,Yes,No,Difficulty,3
L4165,2,Mechanical,7.91,10L+,Before Counselling,16,1,24,No,No,Fee,2
L4166,2,CSE,9.11,3-6L,After Counselling,17,3,22,No,No,Fee,1
L4167,1,ECE,9.31,<3L,Before Counselling,5,3,22,No,No,Trust,9
L4168,2,Civil,5.14,<3L,After Understanding,5,0,3,Yes,No,Trust,5
L4169,1,Mechanical,9.7,<3L,After Application,38,2,5,Yes,Yes,Difficulty,4
L4170,1,Mechanical,5.22,3-6L,After Counselling,31,0,10,No,No,Trust,1
L4171,4,IT,8.07,3-6L,After Understanding,2,0,13,No,No,Difficulty,6
L4172,2,ECE,8.47,6-10L,After Counselling,27,4,3,No,No,Difficulty,6
L4173,3,Civil,5.54,<3L,After Counselling,46,4,5,No,Yes,Time,7
L4174,4,IT,5.24,6-10L,Before Counselling,43,1,13,No,No,Time,7
L4175,4,IT,8.92,6-10L,After Understanding,19,1,3,No,Yes,Job,2
L4176,3,CSE,6.92,<3L,Before Counselling,43,3,7,No,No,Difficulty,6
L4177,4,Mechanical,5.54,<3L,After Understanding,25,1,8,Yes,Yes,Difficulty,3
L4178,2,Civil,8.81,3-6L,After Application,38,1,19,No,Yes,Job,2
L4179,2,Mechanical,9.25,3-6L,After Understanding,13,3,6,No,No,Time,4
L4180,2,ECE,7.94,<3L,After Application,29,2,23,No,Yes,Difficulty,7
L4181,3,CSE,5.81,<3L,After Application,19,3,23,No,Yes,Fee,5
L4182,3,IT,5.08,6-10L,Before Counselling,35,3,11,No,No,Trust,7
L4183,2,CSE,8.5,<3L,After Application,25,2,19,No,Yes,Trust,4
L4184,1,IT,7.75,<3L,Before Counselling,9,3,12,No,No,Job,1
L4185,3,CSE,8.25,6-10L,After Counselling,35,4,18,No,No,Time,6
L4186,1,IT,9.07,3-6L,After Counselling,15,1,12,No,Yes,Trust,8
L4187,3,Mechanical,7.17,3-6L,After Counselling,22,3,6,No,No,Job,1
L4188,3,Mechanical,5.62,3-6L,After Understanding,13,0,7,Yes,Yes,Job,7
L4189,3,Mechanical,9.7,3-6L,After Application,30,1,15,No,No,Time,7
L4190,3,Mechanical,7.73,3-6L,Before Counselling,21,4,17,No,Yes,Time,1
L4191,4,CSE,8.08,10L+,After Counselling,25,4,15,No,Yes,Fee,2
L4192,2,IT,9.67,<3L,Before Counselling,25,3,2,No,Yes,Job,2
L4193,3,Mechanical,9.66,<3L,After Counselling,40,2,6,No,Yes,Job,4
L4194,3,CSE,7.86,<3L,After Application,22,0,6,No,No,Fee,2
L4195,1,IT,6.49,3-6L,After Counselling,46,3,9,No,Yes,Difficulty,5
L4196,1,CSE,9.99,3-6L,Before Counselling,41,2,15,No,No,Time,8
L4197,2,Mechanical,8.4,<3L,After Counselling,3,4,9,Yes,No,Fee,2
L4198,2,ECE,7.04,<3L,Before Counselling,9,1,10,No,No,Trust,8
L4199,3,CSE,7.8,<3L,After Counselling,24,4,21,No,No,Job,4
L4200,4,Mechanical,7.08,<3L,Before Counselling,44,3,4,No,No,Job,7
L4201,1,Civil,9.44,10L+,After Counselling,47,2,11,Yes,No,Time,6
L4202,1,IT,7.41,3-6L,After Application,32,3,17,Yes,No,Difficulty,4
L4203,4,Mechanical,9.12,<3L,After Counselling,17,4,12,No,No,Difficulty,6
L4204,1,Civil,9.2,<3L,After Understanding,41,0,3,No,No,Time,3
L4205,2,CSE,9.12,<3L,Before Counselling,24,4,2,No,No,Time,4
L4206,3,CSE,8.61,6-10L,After Counselling,8,3,11,No,No,Difficulty,4
L4207,3,Civil,9.27,3-6L,After Understanding,6,2,22,No,No,Time,9
L4208,1,Civil,6.94,10L+,Before Counselling,9,3,7,Yes,No,Difficulty,1
L4209,1,IT,5.57,6-10L,After Counselling,15,1,9,No,No,Fee,8
L4210,1,CSE,9.21,3-6L,After Counselling,24,1,7,Yes,No,Job,9
L4211,3,Civil,7.49,6-10L,After Application,11,2,3,Yes,No,Time,8
L4212,3,ECE,5.64,6-10L,After Counselling,31,4,9,No,No,Trust,5
L4213,2,ECE,5.58,<3L,Before Counselling,46,3,22,No,No,Trust,8
L4214,3,Civil,5.8,3-6L,After Understanding,45,1,4,Yes,No,Trust,5
L4215,4,IT,8.75,3-6L,After Counselling,45,0,23,No,Yes,Difficulty,7
L4216,1,CSE,8.55,3-6L,After Understanding,13,1,13,Yes,Yes,Fee,4
L4217,2,ECE,6.02,<3L,Before Counselling,30,4,7,No,Yes,Fee,6
L4218,3,Civil,9.23,<3L,Before Counselling,25,2,20,Yes,No,Time,6
L4219,2,Civil,6.41,<3L,After Counselling,12,0,8,Yes,Yes,Fee,6
L4220,2,Mechanical,8.96,<3L,After Application,21,3,24,Yes,Yes,Trust,1
L4221,3,Civil,7.44,10L+,After Counselling,24,3,24,No,Yes,Fee,3
L4222,4,IT,8.66,3-6L,After Application,26,2,24,Yes,Yes,Time,1
L4223,4,ECE,6.91,3-6L,After Counselling,12,0,14,No,No,Job,9
L4224,3,Mechanical,6.74,3-6L,After Understanding,37,0,5,No,Yes,Trust,3
L4225,3,ECE,9.21,3-6L,After Application,21,0,22,No,No,Difficulty,8
L4226,2,ECE,5.18,10L+,After Application,23,2,15,No,Yes,Trust,5
L4227,3,IT,9.87,<3L,After Understanding,1,2,5,No,No,Time,7
L4228,2,Civil,8.24,6-10L,After Counselling,45,3,19,No,Yes,Trust,2
L4229,1,IT,7.16,<3L,Before Counselling,10,1,8,Yes,Yes,Fee,4
L4230,3,Civil,8.14,6-10L,Before Counselling,35,4,14,No,No,Time,4
L4231,3,Mechanical,5.61,6-10L,After Counselling,38,3,4,No,No,Time,2
L4232,2,IT,7.57,10L+,After Understanding,28,0,18,No,No,Job,9
L4233,4,IT,9.93,<3L,Before Counselling,1,1,2,No,Yes,Trust,2
L4234,1,CSE,6.18,<3L,After Understanding,8,4,12,No,No,Trust,1
L4235,2,IT,8.61,<3L,After Counselling,41,0,20,No,No,Trust,5
L4236,1,CSE,7.17,3-6L,After Understanding,23,2,8,No,Yes,Time,8
L4237,3,Civil,8.26,3-6L,After Understanding,20,1,15,No,No,Fee,8
L4238,3,Civil,6.02,<3L,After Understanding,32,2,8,Yes,Yes,Job,5
L4239,2,Civil,7.35,6-10L,Before Counselling,23,4,23,No,No,Job,1
L4240,3,CSE,9.9,<3L,After Understanding,7,4,12,No,Yes,Difficulty,7
L4241,2,Civil,5.98,6-10L,After Application,11,0,20,No,No,Job,7
L4242,3,ECE,8.18,<3L,After Understanding,8,2,17,Yes,No,Trust,7
L4243,2,IT,7.88,<3L,After Understanding,43,3,18,No,Yes,Difficulty,6
L4244,2,CSE,7.83,3-6L,After Counselling,14,3,15,No,No,Difficulty,2
L4245,4,Civil,8.08,3-6L,After Understanding,14,2,23,Yes,No,Fee,8
L4246,2,ECE,7.51,<3L,After Understanding,36,4,16,Yes,No,Job,1
L4247,1,IT,5.08,6-10L,Before Counselling,41,1,19,No,No,Job,1
L4248,3,IT,9.5,3-6L,After Application,40,2,13,No,No,Trust,7
L4249,4,Civil,9.13,6-10L,After Counselling,47,0,14,Yes,No,Fee,1
L4250,2,ECE,5.87,6-10L,After Application,27,3,5,No,Yes,Time,4
L4251,1,CSE,7.07,3-6L,After Understanding,20,0,11,Yes,Yes,Time,6
L4252,2,Civil,8.85,10L+,Before Counselling,38,1,10,No,No,Time,5
L4253,3,IT,9.9,6-10L,After Application,25,3,13,Yes,No,Difficulty,9
L4254,1,IT,9.76,10L+,After Application,29,3,5,No,No,Time,8
L4255,3,IT,9.5,6-10L,After Application,14,3,7,Yes,No,Trust,3
L4256,4,Civil,5.79,6-10L,After Application,28,0,15,No,No,Time,3
L4257,2,Mechanical,9.57,3-6L,After Application,30,4,5,Yes,No,Job,6
L4258,2,Mechanical,9.39,<3L,Before Counselling,15,0,11,No,No,Fee,3
L4259,2,Mechanical,6.88,10L+,After Understanding,21,4,6,Yes,No,Fee,1
L4260,1,ECE,6.97,6-10L,Before Counselling,12,2,8,No,Yes,Job,6
L4261,4,Civil,7.3,<3L,Before Counselling,11,3,8,Yes,Yes,Fee,1
L4262,2,IT,8.28,<3L,Before Counselling,39,0,11,No,No,Fee,2
L4263,2,ECE,6.3,3-6L,Before Counselling,6,1,23,No,Yes,Job,9
L4264,3,Mechanical,5.11,3-6L,After Understanding,3,1,21,No,No,Trust,2
L4265,2,CSE,5.71,<3L,After Understanding,41,4,14,No,Yes,Difficulty,2
L4266,3,ECE,7.2,<3L,Before Counselling,15,4,16,Yes,No,Time,5
L4267,1,ECE,6.41,6-10L,After Application,34,3,22,No,No,Job,4
L4268,4,Civil,8.82,<3L,After Understanding,4,4,6,No,No,Job,4
L4269,4,ECE,5.53,3-6L,After Understanding,34,1,17,No,Yes,Fee,3
L4270,3,Civil,9.59,6-10L,Before Counselling,38,0,7,No,Yes,Time,4
L4271,4,CSE,9.48,6-10L,After Application,44,0,5,No,Yes,Difficulty,7
L4272,1,IT,9.54,<3L,After Application,39,4,7,Yes,No,Difficulty,3
L4273,2,IT,8.7,<3L,Before Counselling,41,4,24,No,No,Job,6
L4274,3,Mechanical,5.53,3-6L,Before Counselling,6,1,24,Yes,Yes,Trust,3
L4275,3,Mechanical,7.19,6-10L,After Understanding,22,2,17,Yes,No,Trust,6
L4276,2,CSE,5.66,<3L,After Understanding,37,0,20,No,No,Job,1
L4277,2,IT,9.94,<3L,After Counselling,32,4,7,Yes,Yes,Trust,3
L4278,1,Mechanical,6.67,6-10L,After Counselling,28,3,12,Yes,No,Time,4
L4279,2,ECE,7.93,10L+,Before Counselling,26,4,15,Yes,Yes,Trust,4
L4280,1,Civil,8.9,3-6L,After Counselling,4,4,24,No,No,Time,4
L4281,3,Mechanical,9.6,<3L,After Application,10,0,16,No,No,Trust,1
L4282,2,CSE,8.78,<3L,After Application,27,4,2,No,No,Difficulty,2
L4283,1,IT,8.37,<3L,After Application,20,3,5,Yes,Yes,Job,1
L4284,3,CSE,7.33,<3L,After Understanding,36,3,8,No,Yes,Time,4
L4285,3,Civil,8.03,3-6L,After Counselling,5,3,11,No,No,Difficulty,9
L4286,4,Civil,5.47,3-6L,After Counselling,17,1,2,Yes,No,Job,8
L4287,3,CSE,9.42,<3L,Before Counselling,32,3,15,No,No,Difficulty,1
L4288,2,Mechanical,7.72,6-10L,After Understanding,35,0,7,No,No,Time,8
L4289,4,Mechanical,5.2,3-6L,After Understanding,23,2,15,No,Yes,Trust,2
L4290,3,IT,9.6,3-6L,After Understanding,13,4,23,No,No,Job,5
L4291,1,IT,7.45,10L+,After Application,1,4,20,No,No,Difficulty,9
L4292,3,ECE,9.34,3-6L,After Understanding,31,4,7,No,No,Trust,9
L4293,4,ECE,9.28,10L+,After Counselling,19,3,21,Yes,No,Fee,1
L4294,2,IT,9.08,<3L,Before Counselling,23,3,21,No,No,Time,9
L4295,2,ECE,5.31,<3L,After Counselling,34,3,7,No,No,Time,6
L4296,1,CSE,6.24,3-6L,After Understanding,4,2,12,No,Yes,Trust,1
L4297,1,Mechanical,9.38,3-6L,Before Counselling,44,2,23,No,Yes,Trust,7
L4298,2,ECE,9.49,<3L,After Application,34,2,12,No,Yes,Job,3
L4299,3,ECE,7.29,3-6L,Before Counselling,30,2,18,No,No,Difficulty,5
L4300,1,CSE,7.2,<3L,After Understanding,10,2,21,No,No,Fee,4
L4301,4,Civil,5.88,3-6L,After Understanding,6,4,10,No,Yes,Job,3
L4302,3,IT,9.84,3-6L,Before Counselling,12,4,15,No,Yes,Job,3
L4303,3,CSE,6.07,3-6L,After Understanding,12,2,7,No,No,Fee,4
L4304,4,Civil,5.95,3-6L,After Understanding,18,4,5,No,No,Time,3
L4305,1,CSE,8.3,10L+,After Understanding,36,2,8,No,Yes,Job,6
L4306,2,Mechanical,6.21,<3L,After Understanding,35,2,11,Yes,Yes,Time,2
L4307,3,CSE,9.69,10L+,Before Counselling,25,2,8,No,No,Difficulty,1
L4308,4,CSE,5.05,<3L,Before Counselling,41,4,6,No,Yes,Trust,9
L4309,3,Mechanical,5.03,3-6L,After Counselling,22,1,5,Yes,No,Difficulty,7
L4310,2,IT,7.52,3-6L,After Application,30,1,16,No,No,Trust,1
L4311,4,Civil,7.44,6-10L,After Application,44,1,5,No,No,Job,8
L4312,1,ECE,5.82,6-10L,After Counselling,29,0,16,Yes,No,Trust,1
L4313,4,IT,7.47,6-10L,Before Counselling,7,1,8,Yes,No,Fee,1
L4314,4,CSE,7.06,<3L,After Counselling,40,1,7,No,No,Fee,6
L4315,1,ECE,9.45,6-10L,After Understanding,3,1,5,No,No,Difficulty,9
L4316,3,Mechanical,5.05,<3L,After Understanding,21,3,20,No,No,Fee,3
L4317,1,IT,9.88,<3L,After Application,45,2,3,No,No,Difficulty,2
L4318,2,Civil,8.12,<3L,Before Counselling,20,4,16,Yes,No,Time,1
L4319,3,IT,5.76,3-6L,After Application,9,3,21,No,No,Time,6
L4320,3,IT,5.23,6-10L,After Counselling,41,2,24,Yes,Yes,Difficulty,5
L4321,4,ECE,7.69,<3L,After Application,36,1,3,No,No,Difficulty,7
L4322,3,Mechanical,6.17,<3L,After Application,14,1,14,No,No,Difficulty,5
L4323,2,Mechanical,6.51,3-6L,After Understanding,18,3,15,No,Yes,Trust,6
L4324,4,IT,6.23,10L+,After Application,33,4,10,No,No,Fee,2
L4325,4,Mechanical,8.25,3-6L,After Counselling,2,3,17,Yes,No,Trust,1
L4326,1,ECE,7.77,3-6L,Before Counselling,37,3,23,No,No,Trust,6
L4327,4,ECE,5.39,3-6L,After Application,31,2,10,No,No,Trust,2
L4328,1,Civil,7.63,6-10L,Before Counselling,22,0,18,No,Yes,Time,3
L4329,4,Mechanical,8.96,10L+,After Counselling,46,4,23,No,No,Time,1
L4330,2,Civil,5.41,3-6L,After Application,9,4,4,No,No,Trust,8
L4331,1,CSE,9.45,3-6L,Before Counselling,20,3,23,Yes,No,Job,7
L4332,2,ECE,7.89,6-10L,After Understanding,20,3,6,Yes,No,Trust,8
L4333,3,IT,9.75,10L+,After Understanding,47,1,13,No,No,Job,5
L4334,2,ECE,5.74,<3L,After Counselling,1,3,6,No,No,Job,6
L4335,1,CSE,9.97,3-6L,After Application,30,2,15,No,No,Fee,3
L4336,3,IT,8.22,6-10L,After Counselling,19,1,18,No,No,Difficulty,7
L4337,4,Mechanical,7.84,3-6L,Before Counselling,36,0,6,Yes,No,Trust,4
L4338,2,Mechanical,7.58,3-6L,Before Counselling,14,2,14,No,Yes,Trust,2
L4339,2,ECE,5.12,3-6L,After Counselling,1,4,23,Yes,No,Trust,7
L4340,2,IT,9.7,<3L,Before Counselling,5,4,16,No,No,Difficulty,6
L4341,1,IT,8.22,<3L,After Counselling,10,2,18,Yes,No,Job,1
L4342,4,Civil,5.46,10L+,After Counselling,9,3,11,No,No,Trust,9
L4343,4,CSE,5.1,3-6L,After Understanding,14,3,17,Yes,Yes,Trust,9
L4344,3,Mechanical,5.25,6-10L,Before Counselling,39,3,24,No,Yes,Difficulty,3
L4345,2,ECE,8.05,6-10L,After Counselling,18,4,17,No,Yes,Time,1
L4346,3,IT,8.07,3-6L,After Understanding,42,2,18,No,No,Difficulty,7
L4347,3,Mechanical,7.5,6-10L,After Counselling,25,3,8,No,Yes,Difficulty,4
L4348,4,ECE,6.53,<3L,Before Counselling,36,1,12,Yes,No,Time,3
L4349,3,Mechanical,7.66,3-6L,After Understanding,31,4,15,No,No,Fee,8
L4350,3,ECE,7.58,3-6L,Before Counselling,46,2,13,No,No,Difficulty,9
L4351,3,Mechanical,5.1,3-6L,After Application,35,2,10,No,No,Difficulty,8
L4352,2,Civil,6.41,<3L,After Application,27,2,8,No,No,Trust,4
L4353,4,CSE,5.27,<3L,After Application,22,2,15,No,Yes,Job,7
L4354,3,Mechanical,9.5,<3L,After Application,11,0,17,No,No,Job,2
L4355,3,CSE,8.63,3-6L,After Understanding,10,1,11,No,Yes,Difficulty,1
L4356,2,Mechanical,9.98,10L+,Before Counselling,8,0,6,Yes,Yes,Job,1
L4357,3,IT,6.51,10L+,After Counselling,41,3,20,No,Yes,Trust,5
L4358,3,Civil,9.39,<3L,After Counselling,28,0,8,No,Yes,Difficulty,9
L4359,1,Civil,8.02,<3L,After Counselling,23,0,23,No,No,Difficulty,4
L4360,1,CSE,7.27,<3L,Before Counselling,6,4,9,No,No,Difficulty,4
L4361,3,IT,6.11,<3L,After Understanding,14,2,11,No,No,Trust,7
L4362,3,ECE,8.69,6-10L,Before Counselling,24,0,23,No,No,Job,1
L4363,3,Civil,9.52,10L+,After Application,9,2,24,No,Yes,Difficulty,2
L4364,2,IT,6.18,<3L,After Counselling,46,1,4,Yes,No,Time,7
L4365,3,IT,5.88,<3L,Before Counselling,40,0,15,Yes,No,Difficulty,8
L4366,1,CSE,8.48,<3L,After Application,38,4,21,No,No,Job,3
L4367,2,IT,9.88,<3L,After Application,25,4,24,No,Yes,Fee,9
L4368,1,IT,8.75,6-10L,After Understanding,38,3,23,No,No,Fee,1
L4369,1,ECE,6.42,3-6L,After Counselling,30,0,4,No,No,Fee,2
L4370,2,CSE,7.1,6-10L,Before Counselling,22,1,16,No,No,Time,2
L4371,2,CSE,6.92,3-6L,After Application,2,2,11,No,Yes,Fee,8
L4372,1,IT,9.26,<3L,After Application,25,0,8,No,Yes,Trust,4
L4373,2,ECE,8.86,<3L,After Counselling,24,3,20,No,No,Trust,3
L4374,3,Mechanical,7.94,<3L,Before Counselling,37,4,11,Yes,No,Fee,8
L4375,2,Civil,6.37,6-10L,Before Counselling,3,0,15,No,Yes,Fee,1
L4376,2,CSE,9.69,6-10L,After Counselling,43,3,9,No,No,Job,3
L4377,4,ECE,8.27,6-10L,After Application,26,1,24,No,Yes,Trust,1
L4378,1,ECE,9.85,<3L,After Understanding,30,2,21,Yes,No,Job,3
L4379,3,IT,7.9,6-10L,After Counselling,29,1,2,No,No,Job,6
L4380,1,Civil,9.11,<3L,After Application,7,1,7,No,Yes,Fee,8
L4381,1,CSE,9.07,<3L,After Understanding,9,2,16,No,No,Job,6
L4382,3,Mechanical,6.69,3-6L,After Counselling,45,0,6,No,Yes,Fee,5
L4383,3,IT,9.82,3-6L,After Counselling,30,2,15,No,Yes,Fee,2
L4384,4,CSE,5.11,6-10L,After Application,16,3,10,No,Yes,Difficulty,5
L4385,3,CSE,8.84,3-6L,After Counselling,44,1,7,No,Yes,Trust,6
L4386,4,ECE,9.83,<3L,Before Counselling,40,2,2,No,No,Time,8
L4387,1,Civil,6.69,<3L,Before Counselling,14,4,20,No,No,Trust,9
L4388,1,Mechanical,8.24,<3L,After Understanding,26,2,16,No,No,Time,1
L4389,1,Civil,7.81,<3L,After Counselling,46,2,3,No,Yes,Difficulty,2
L4390,1,ECE,8.81,<3L,Before Counselling,37,3,20,No,No,Difficulty,9
L4391,3,Mechanical,9.33,6-10L,After Application,10,1,18,No,No,Trust,9
L4392,3,Mechanical,8.02,<3L,After Application,30,3,12,Yes,Yes,Difficulty,5
L4393,1,IT,9.08,6-10L,After Application,22,3,19,Yes,No,Difficulty,7
L4394,4,Mechanical,6.56,3-6L,Before Counselling,30,4,15,No,Yes,Fee,4
L4395,4,CSE,6.14,<3L,After Counselling,32,3,20,Yes,Yes,Difficulty,6
L4396,2,Civil,7.15,3-6L,After Counselling,14,3,10,Yes,No,Job,1
L4397,1,Civil,8.39,6-10L,After Counselling,23,4,12,No,Yes,Difficulty,6
L4398,1,IT,5.94,3-6L,After Understanding,17,0,12,No,Yes,Time,3
L4399,1,Mechanical,8.4,<3L,After Counselling,36,3,5,No,No,Trust,8
L4400,1,ECE,6.97,10L+,Before Counselling,29,2,19,No,Yes,Time,8
L4401,3,CSE,8.98,<3L,Before Counselling,24,3,13,No,Yes,Fee,7
L4402,2,IT,5.18,10L+,After Counselling,47,1,24,Yes,No,Difficulty,8
L4403,2,Mechanical,8.34,<3L,After Application,11,2,10,No,Yes,Job,3
L4404,4,ECE,8.25,6-10L,After Understanding,41,2,6,No,No,Fee,1
L4405,3,Mechanical,9.7,3-6L,After Understanding,15,0,2,Yes,No,Trust,8
L4406,4,IT,8.57,3-6L,Before Counselling,22,1,10,No,Yes,Difficulty,5
L4407,1,ECE,8.98,<3L,After Understanding,27,1,8,No,Yes,Trust,3
L4408,2,ECE,9.52,<3L,After Application,34,1,2,Yes,No,Fee,8
L4409,3,ECE,8.38,6-10L,After Counselling,33,3,21,No,No,Job,6
L4410,1,ECE,6.45,6-10L,After Understanding,21,3,18,No,No,Trust,1
L4411,1,Mechanical,9.35,3-6L,After Understanding,24,2,4,No,Yes,Difficulty,2
L4412,3,ECE,8.74,<3L,Before Counselling,20,0,24,No,No,Time,4
L4413,3,Mechanical,7.12,<3L,After Application,4,3,2,No,Yes,Time,9
L4414,2,ECE,8.55,3-6L,Before Counselling,37,3,14,Yes,No,Trust,9
L4415,2,ECE,9.34,<3L,Before Counselling,37,0,21,No,No,Job,2
L4416,2,IT,9.88,<3L,After Understanding,46,1,21,No,No,Fee,1
L4417,1,Mechanical,9.76,3-6L,Before Counselling,33,2,13,No,Yes,Difficulty,1
L4418,2,Mechanical,6.63,3-6L,Before Counselling,31,3,18,No,Yes,Trust,2
L4419,1,Civil,7.11,<3L,After Understanding,34,0,22,No,No,Difficulty,4
L4420,1,IT,5.55,<3L,After Understanding,22,0,9,Yes,No,Job,9
L4421,4,Mechanical,6.24,3-6L,After Understanding,42,1,24,No,Yes,Time,8
L4422,3,IT,9.41,<3L,After Counselling,30,4,24,Yes,Yes,Fee,3
L4423,3,IT,6.8,6-10L,After Application,5,4,16,No,No,Time,1
L4424,2,IT,8.1,<3L,After Counselling,41,4,18,No,No,Fee,6
L4425,2,CSE,8.33,<3L,After Understanding,45,4,3,No,No,Time,7
L4426,2,Mechanical,8.91,6-10L,After Application,23,3,11,No,No,Trust,2
L4427,1,IT,5.91,3-6L,Before Counselling,13,0,2,No,Yes,Job,6
L4428,1,CSE,6.52,<3L,After Application,9,2,14,No,Yes,Time,8
L4429,3,CSE,7.24,3-6L,After Understanding,14,3,13,Yes,Yes,Job,1
L4430,3,ECE,6.82,<3L,After Counselling,17,4,16,No,No,Time,8
L4431,3,ECE,9.91,3-6L,After Application,35,2,11,No,No,Difficulty,3
L4432,2,Mechanical,9.17,<3L,Before Counselling,18,2,3,No,Yes,Time,9
L4433,4,ECE,7.4,6-10L,After Counselling,12,4,23,Yes,Yes,Fee,8
L4434,1,Mechanical,9.4,3-6L,After Counselling,41,2,16,No,No,Difficulty,2
L4435,2,CSE,6.74,3-6L,After Counselling,16,3,21,No,Yes,Trust,2
L4436,2,CSE,8.93,6-10L,After Counselling,30,1,11,No,Yes,Trust,6
L4437,3,Mechanical,6.12,3-6L,Before Counselling,13,3,24,No,No,Trust,9
L4438,4,ECE,8.86,3-6L,After Understanding,18,3,3,No,No,Job,3
L4439,2,ECE,7.28,<3L,Before Counselling,12,1,14,Yes,No,Trust,2
L4440,4,Mechanical,5.54,<3L,After Understanding,34,4,11,Yes,Yes,Time,3
L4441,4,Civil,6.37,6-10L,After Understanding,33,4,18,No,No,Difficulty,6
L4442,2,ECE,7.01,6-10L,After Application,6,1,17,Yes,No,Fee,4
L4443,2,IT,8.75,<3L,Before Counselling,18,3,16,No,Yes,Trust,2
L4444,2,ECE,5.36,6-10L,After Understanding,3,0,13,No,No,Fee,5
L4445,4,Civil,8.3,3-6L,Before Counselling,6,2,10,No,No,Job,8
L4446,1,CSE,8.58,3-6L,Before Counselling,36,2,13,No,Yes,Job,5
L4447,3,CSE,8.27,<3L,After Understanding,22,2,22,No,No,Fee,5
L4448,2,CSE,8.8,<3L,After Understanding,7,0,13,No,No,Time,6
L4449,3,ECE,5.89,3-6L,After Counselling,30,3,20,Yes,No,Fee,9
L4450,2,CSE,7.94,<3L,After Application,2,4,23,No,No,Difficulty,1
L4451,3,Civil,9.71,3-6L,After Understanding,32,1,18,Yes,No,Trust,2
L4452,4,Civil,8.05,10L+,After Understanding,15,2,17,No,No,Time,8
L4453,4,ECE,8.06,6-10L,After Understanding,22,0,11,No,No,Fee,8
L4454,4,IT,8.68,3-6L,After Application,38,1,11,No,Yes,Difficulty,5
L4455,1,ECE,6.67,3-6L,Before Counselling,8,3,21,No,No,Fee,5
L4456,3,CSE,8.5,<3L,After Counselling,8,0,3,No,No,Trust,6
L4457,1,ECE,9.58,10L+,After Counselling,39,0,21,No,No,Job,8
L4458,2,Civil,5.05,10L+,Before Counselling,36,1,2,No,No,Fee,4
L4459,3,ECE,9.35,3-6L,After Application,20,1,17,Yes,Yes,Difficulty,4
L4460,2,ECE,6.09,<3L,After Application,37,2,11,No,No,Fee,1
L4461,3,IT,7.28,<3L,After Understanding,8,3,16,No,No,Trust,1
L4462,4,Civil,9.26,<3L,After Application,14,1,16,No,Yes,Difficulty,7
L4463,1,Mechanical,9.12,3-6L,After Application,20,2,7,Yes,Yes,Job,5
L4464,3,Mechanical,9.46,<3L,After Understanding,35,2,18,Yes,No,Trust,5
L4465,2,Civil,9.7,3-6L,Before Counselling,25,1,14,No,No,Fee,1
L4466,1,Mechanical,7.24,3-6L,After Counselling,18,0,2,Yes,No,Time,2
L4467,1,CSE,8.28,<3L,Before Counselling,47,0,19,No,No,Fee,3
L4468,4,Mechanical,6.95,6-10L,Before Counselling,21,0,24,No,Yes,Job,5
L4469,4,CSE,6.75,<3L,After Understanding,37,2,3,No,Yes,Fee,2
L4470,4,Civil,7.16,6-10L,Before Counselling,47,0,4,No,No,Time,7
L4471,4,Mechanical,8.72,<3L,After Application,31,3,12,No,No,Job,6
L4472,2,Mechanical,7.51,<3L,Before Counselling,6,0,2,No,Yes,Job,8
L4473,2,CSE,9.07,<3L,Before Counselling,42,0,7,Yes,No,Fee,1
L4474,3,CSE,8.73,10L+,After Understanding,47,2,17,No,Yes,Trust,8
L4475,2,ECE,5.1,3-6L,After Understanding,20,4,16,No,Yes,Job,3
L4476,2,IT,8.15,3-6L,After Counselling,28,3,10,Yes,No,Difficulty,8
L4477,2,Mechanical,7.18,<3L,After Application,41,2,13,No,No,Job,6
L4478,3,IT,7.28,3-6L,After Application,36,3,11,Yes,Yes,Difficulty,3
L4479,3,IT,9.09,<3L,After Counselling,40,3,8,No,No,Trust,2
L4480,1,Mechanical,7.74,10L+,After Counselling,26,0,11,No,No,Time,5
L4481,2,CSE,9.43,10L+,After Understanding,13,3,8,No,No,Difficulty,1
L4482,3,ECE,8.56,6-10L,After Counselling,4,0,7,Yes,No,Difficulty,3
L4483,3,Civil,7.76,10L+,Before Counselling,34,3,14,No,Yes,Time,4
L4484,2,Mechanical,8.77,<3L,After Counselling,37,4,12,No,No,Job,6
L4485,3,Mechanical,5.19,<3L,Before Counselling,34,3,9,No,No,Difficulty,8
L4486,1,Civil,5.14,<3L,After Counselling,16,1,6,Yes,No,Difficulty,8
L4487,2,IT,5.42,<3L,After Understanding,23,0,4,No,Yes,Time,6
L4488,3,ECE,7.19,10L+,After Application,23,4,5,No,No,Job,4
L4489,3,IT,6.18,<3L,Before Counselling,15,0,5,No,No,Fee,8
L4490,2,Civil,9.92,6-10L,After Application,25,4,10,No,No,Difficulty,1
L4491,3,Civil,7.71,6-10L,Before Counselling,29,0,2,No,Yes,Trust,4
L4492,3,ECE,8.31,<3L,After Application,36,1,16,No,No,Time,2
L4493,3,Civil,6.39,<3L,After Understanding,15,1,14,No,Yes,Difficulty,9
L4494,3,Civil,6.61,<3L,Before Counselling,37,4,6,No,No,Job,5
L4495,3,ECE,6.68,<3L,After Counselling,35,2,19,No,No,Trust,6
L4496,2,Mechanical,8.49,3-6L,After Understanding,46,0,6,No,Yes,Fee,3
L4497,1,IT,7.37,3-6L,After Application,39,2,12,No,No,Trust,8
L4498,2,Mechanical,7.59,3-6L,Before Counselling,47,3,22,Yes,No,Difficulty,4
L4499,2,Mechanical,7.96,6-10L,After Understanding,37,1,4,No,Yes,Trust,8
L4500,3,IT,8.84,<3L,After Application,41,0,5,No,No,Fee,4
L4501,3,Mechanical,5.45,<3L,Before Counselling,28,1,8,Yes,No,Job,3
L4502,2,ECE,8.88,6-10L,Before Counselling,45,3,5,No,No,Fee,3
L4503,1,IT,7.82,<3L,After Understanding,30,4,4,No,No,Fee,3
L4504,2,CSE,8.35,<3L,After Application,7,0,11,No,No,Time,3
L4505,2,Mechanical,6.64,6-10L,After Application,4,0,21,No,No,Time,5
L4506,3,Civil,7.05,10L+,Before Counselling,7,0,12,No,Yes,Fee,8
L4507,1,IT,6.16,10L+,After Application,33,4,19,No,Yes,Trust,4
L4508,3,CSE,9.9,<3L,After Counselling,47,1,2,No,No,Trust,9
L4509,4,Civil,7.49,3-6L,After Counselling,47,4,22,No,No,Fee,6
L4510,1,CSE,9.98,<3L,Before Counselling,18,1,10,No,No,Trust,4
L4511,2,Mechanical,7.45,10L+,After Application,15,0,18,No,Yes,Job,4
L4512,1,Civil,6.1,<3L,Before Counselling,35,4,13,Yes,No,Trust,4
L4513,3,Mechanical,7.54,<3L,After Counselling,37,3,2,Yes,Yes,Trust,4
L4514,3,Civil,5.2,6-10L,Before Counselling,5,4,24,No,No,Fee,2
L4515,2,IT,9.52,10L+,Before Counselling,23,1,8,Yes,Yes,Trust,6
L4516,3,ECE,9.09,3-6L,After Understanding,10,0,15,No,No,Trust,1
L4517,4,ECE,8.63,<3L,After Understanding,25,1,10,No,No,Time,3
L4518,1,CSE,8.05,3-6L,After Counselling,22,2,13,No,Yes,Time,5
L4519,1,Civil,7.9,6-10L,After Application,31,0,22,Yes,No,Trust,6
L4520,4,Mechanical,9.98,3-6L,After Counselling,23,3,9,No,Yes,Trust,8
L4521,3,IT,6.39,<3L,After Application,28,3,8,No,No,Fee,4
L4522,4,IT,8.9,<3L,After Application,45,2,15,No,Yes,Job,4
L4523,3,IT,7.91,6-10L,After Understanding,15,1,3,No,Yes,Time,1
L4524,4,ECE,9.88,3-6L,After Understanding,40,3,3,No,No,Difficulty,8
L4525,2,Mechanical,9.14,6-10L,After Counselling,7,1,21,Yes,No,Trust,2
L4526,3,IT,9.99,<3L,After Counselling,46,0,18,No,No,Difficulty,6
L4527,4,IT,7.94,3-6L,After Counselling,38,4,11,Yes,Yes,Fee,9
L4528,3,CSE,6.02,10L+,After Understanding,40,0,22,No,No,Difficulty,6
L4529,1,Civil,7.52,<3L,After Understanding,15,1,6,Yes,Yes,Job,1
L4530,2,Civil,8.56,3-6L,Before Counselling,5,2,2,No,No,Job,5
L4531,1,Civil,8.87,<3L,After Counselling,12,0,6,Yes,No,Fee,8
L4532,2,CSE,5.0,<3L,Before Counselling,13,3,5,No,No,Time,1
L4533,2,ECE,7.53,6-10L,After Application,3,0,13,Yes,No,Trust,1
L4534,3,CSE,6.18,6-10L,After Counselling,19,0,15,No,Yes,Difficulty,2
L4535,3,IT,9.37,3-6L,After Understanding,26,0,12,Yes,No,Fee,9
L4536,2,Mechanical,5.76,<3L,After Counselling,30,2,22,No,Yes,Job,5
L4537,3,IT,8.33,<3L,After Counselling,28,1,5,No,No,Job,4
L4538,1,IT,6.33,10L+,After Understanding,15,2,10,Yes,Yes,Fee,4
L4539,1,Mechanical,6.78,<3L,After Understanding,18,3,4,No,No,Fee,5
L4540,1,Civil,9.7,6-10L,After Application,7,1,4,No,Yes,Fee,1
L4541,3,CSE,6.2,<3L,After Counselling,14,3,4,No,No,Difficulty,4
L4542,2,ECE,5.48,10L+,After Counselling,24,1,8,No,No,Job,3
L4543,2,IT,5.35,10L+,After Counselling,24,1,2,Yes,No,Fee,6
L4544,2,IT,7.52,<3L,After Counselling,11,0,14,No,Yes,Trust,7
L4545,4,ECE,8.21,6-10L,After Application,39,0,5,No,Yes,Fee,1
L4546,1,CSE,6.64,<3L,After Counselling,43,2,13,Yes,Yes,Fee,1
L4547,3,IT,8.45,<3L,After Application,40,1,9,No,No,Difficulty,2
L4548,3,ECE,5.31,3-6L,After Application,10,3,20,No,No,Time,5
L4549,3,IT,9.29,3-6L,After Understanding,43,0,7,No,Yes,Job,9
L4550,4,Civil,9.08,<3L,After Counselling,33,3,11,No,No,Fee,4
L4551,1,Civil,9.93,3-6L,After Understanding,20,0,14,No,No,Difficulty,4
L4552,1,IT,9.68,<3L,After Application,42,1,4,No,No,Time,9
L4553,4,IT,6.78,<3L,Before Counselling,39,3,10,Yes,No,Time,1
L4554,2,Civil,7.0,3-6L,Before Counselling,22,2,11,No,No,Time,3
L4555,3,IT,8.73,3-6L,After Counselling,35,2,14,No,Yes,Fee,7
L4556,3,CSE,5.67,3-6L,Before Counselling,28,2,17,Yes,Yes,Fee,6
L4557,3,CSE,6.57,3-6L,After Understanding,36,0,24,No,No,Difficulty,5
L4558,4,Mechanical,5.59,6-10L,Before Counselling,30,0,9,No,No,Job,7
L4559,4,CSE,7.27,3-6L,Before Counselling,6,2,12,No,No,Difficulty,2
L4560,3,IT,7.76,<3L,After Application,1,3,3,No,No,Time,2
L4561,2,IT,6.06,3-6L,After Understanding,4,0,20,Yes,No,Trust,7
L4562,4,ECE,5.13,3-6L,After Counselling,25,2,24,No,Yes,Job,8
L4563,1,CSE,8.6,3-6L,After Understanding,39,0,3,No,Yes,Difficulty,2
L4564,2,Civil,5.1,3-6L,After Understanding,11,4,7,No,Yes,Job,1
L4565,4,Civil,9.87,<3L,After Counselling,38,3,17,Yes,Yes,Trust,5
L4566,2,Mechanical,6.11,<3L,After Understanding,37,1,17,Yes,No,Time,1
L4567,2,ECE,8.32,3-6L,After Application,12,3,8,No,No,Difficulty,9
L4568,1,Civil,7.17,<3L,After Counselling,29,1,12,Yes,No,Job,5
L4569,4,Mechanical,5.3,3-6L,After Application,34,2,17,No,No,Job,8
L4570,3,CSE,7.36,3-6L,After Understanding,18,0,7,No,No,Fee,4
L4571,3,ECE,7.58,3-6L,Before Counselling,9,2,6,Yes,No,Time,1
L4572,2,ECE,9.27,3-6L,After Counselling,46,1,10,No,No,Difficulty,9
L4573,3,IT,8.66,<3L,After Counselling,12,4,4,No,No,Time,4
L4574,3,CSE,5.4,10L+,Before Counselling,9,1,22,Yes,No,Fee,3
L4575,2,ECE,6.05,6-10L,Before Counselling,1,0,22,No,No,Trust,2
L4576,2,Mechanical,6.56,3-6L,After Counselling,7,4,9,No,Yes,Time,1
L4577,2,Civil,5.58,<3L,Before Counselling,39,0,9,No,Yes,Fee,9
L4578,4,CSE,7.28,<3L,After Application,42,4,18,Yes,No,Trust,1
L4579,3,CSE,9.92,3-6L,After Understanding,34,0,7,Yes,Yes,Time,4
L4580,4,ECE,7.57,<3L,After Application,32,1,13,Yes,Yes,Trust,2
L4581,2,ECE,8.71,<3L,After Understanding,28,1,7,No,Yes,Difficulty,8
L4582,3,ECE,8.41,<3L,After Understanding,26,1,16,Yes,No,Job,5
L4583,3,Mechanical,9.25,3-6L,Before Counselling,36,1,12,No,Yes,Trust,3
L4584,3,IT,6.08,3-6L,Before Counselling,40,4,11,No,No,Job,4
L4585,4,ECE,8.77,3-6L,After Application,14,3,3,No,No,Difficulty,3
L4586,2,IT,9.41,6-10L,Before Counselling,45,3,22,No,No,Trust,2
L4587,1,IT,5.86,<3L,After Application,31,2,7,No,Yes,Job,6
L4588,3,CSE,6.73,3-6L,After Counselling,16,3,20,No,No,Trust,6
L4589,3,Civil,9.85,<3L,After Application,39,2,18,Yes,No,Fee,3
L4590,3,Civil,8.9,3-6L,After Understanding,42,1,10,Yes,No,Trust,5
L4591,2,Mechanical,6.41,3-6L,After Counselling,11,0,3,No,Yes,Trust,9
L4592,3,Mechanical,7.82,<3L,After Application,11,3,5,No,No,Time,1
L4593,2,Civil,7.02,<3L,After Application,38,3,10,No,No,Time,7
L4594,2,Civil,7.45,6-10L,After Counselling,12,1,9,No,Yes,Difficulty,1
L4595,3,CSE,6.78,<3L,After Counselling,42,1,5,No,No,Difficulty,6
L4596,3,CSE,6.4,3-6L,After Understanding,9,3,2,No,Yes,Difficulty,5
L4597,2,Civil,8.37,10L+,After Understanding,22,1,12,No,Yes,Job,4
L4598,2,ECE,8.89,3-6L,After Understanding,38,3,12,No,No,Difficulty,3
L4599,2,ECE,9.37,6-10L,Before Counselling,9,0,8,No,Yes,Difficulty,4
L4600,1,CSE,5.78,6-10L,After Understanding,3,0,19,No,No,Time,1
L4601,3,IT,9.11,<3L,Before Counselling,39,2,9,No,No,Trust,5
L4602,4,Civil,6.27,<3L,After Application,35,3,16,No,Yes,Difficulty,9
L4603,2,Mechanical,7.14,6-10L,After Application,30,0,11,No,No,Difficulty,6
L4604,3,ECE,9.51,6-10L,After Application,26,0,15,No,Yes,Trust,4
L4605,4,IT,7.27,<3L,Before Counselling,8,4,3,No,Yes,Time,5
L4606,4,ECE,5.99,<3L,After Application,32,0,11,No,No,Time,1
L4607,1,IT,5.8,<3L,After Application,22,2,20,Yes,No,Trust,4
L4608,4,Civil,7.36,6-10L,Before Counselling,8,0,16,No,Yes,Time,4
L4609,2,Civil,8.81,3-6L,After Understanding,45,1,23,No,No,Time,9
L4610,2,Civil,9.99,10L+,After Understanding,2,4,21,No,No,Fee,5
L4611,1,CSE,8.94,10L+,After Understanding,14,3,3,No,Yes,Job,3
L4612,2,IT,9.39,6-10L,After Understanding,5,2,18,No,No,Trust,8
L4613,1,Mechanical,8.74,3-6L,After Counselling,13,0,4,No,No,Job,7
L4614,2,Mechanical,9.48,<3L,After Application,23,3,5,No,No,Trust,8
L4615,2,Civil,5.38,<3L,After Understanding,13,0,6,No,No,Fee,4
L4616,4,Mechanical,9.65,3-6L,After Understanding,19,4,13,No,No,Trust,7
L4617,4,ECE,6.98,<3L,After Understanding,24,3,22,No,Yes,Trust,4
L4618,2,IT,9.61,<3L,After Understanding,35,1,24,No,No,Trust,9
L4619,4,IT,5.38,3-6L,After Understanding,14,1,20,No,No,Fee,5
L4620,4,IT,8.58,3-6L,After Counselling,4,3,13,No,Yes,Time,5
L4621,3,ECE,8.68,6-10L,After Counselling,26,1,6,No,No,Difficulty,4
L4622,1,CSE,9.98,<3L,Before Counselling,10,2,24,No,Yes,Job,5
L4623,3,ECE,8.84,<3L,Before Counselling,38,4,16,No,No,Job,1
L4624,4,IT,6.91,3-6L,After Understanding,38,2,19,No,Yes,Job,1
L4625,3,IT,7.79,10L+,Before Counselling,34,3,20,No,No,Difficulty,9
L4626,2,IT,6.83,6-10L,After Counselling,34,2,24,No,No,Time,2
L4627,3,Mechanical,5.98,<3L,After Understanding,19,4,4,No,No,Fee,8
L4628,3,CSE,6.24,<3L,Before Counselling,3,4,3,No,No,Trust,2
L4629,3,ECE,6.11,10L+,Before Counselling,36,3,12,Yes,No,Trust,9
L4630,1,IT,7.74,<3L,After Counselling,4,2,15,Yes,No,Time,2
L4631,2,Civil,9.53,<3L,After Application,26,4,22,Yes,No,Fee,1
L4632,4,CSE,9.56,<3L,After Understanding,11,3,6,Yes,Yes,Trust,8
L4633,4,Civil,5.27,3-6L,Before Counselling,3,4,14,No,No,Fee,3
L4634,1,CSE,5.4,3-6L,After Counselling,9,0,9,Yes,Yes,Time,7
L4635,4,IT,6.23,<3L,After Understanding,46,0,7,No,No,Time,5
L4636,2,CSE,6.28,3-6L,After Counselling,2,4,13,No,Yes,Time,7
L4637,3,CSE,5.47,<3L,After Understanding,14,3,8,No,Yes,Trust,8
L4638,3,IT,6.94,3-6L,After Application,3,0,12,No,No,Fee,3
L4639,4,Civil,7.94,3-6L,After Application,2,4,9,No,No,Job,5
L4640,4,Civil,7.89,3-6L,After Understanding,22,1,10,No,No,Job,5
L4641,2,Mechanical,7.72,<3L,After Understanding,29,2,5,Yes,No,Trust,7
L4642,4,Civil,6.69,3-6L,After Counselling,33,4,6,Yes,No,Difficulty,2
L4643,1,Civil,8.53,3-6L,After Understanding,36,0,5,Yes,No,Difficulty,8
L4644,3,CSE,9.13,3-6L,Before Counselling,10,4,13,No,Yes,Time,7
L4645,3,Mechanical,6.73,3-6L,After Understanding,47,3,19,Yes,Yes,Fee,7
L4646,3,IT,5.43,3-6L,After Understanding,44,0,16,No,No,Job,5
L4647,2,IT,6.48,<3L,After Application,38,3,9,No,No,Time,8
L4648,4,ECE,5.69,<3L,After Application,21,3,12,No,No,Trust,1
L4649,1,Mechanical,7.34,<3L,After Counselling,31,3,15,No,Yes,Difficulty,7
L4650,1,CSE,5.78,3-6L,After Understanding,35,4,8,No,No,Trust,9
L4651,3,ECE,7.31,3-6L,Before Counselling,3,0,17,Yes,Yes,Fee,8
L4652,2,ECE,6.11,6-10L,Before Counselling,19,3,24,No,No,Fee,4
L4653,4,IT,8.69,6-10L,After Understanding,22,1,9,Yes,No,Fee,8
L4654,2,Civil,5.14,6-10L,After Counselling,20,2,12,No,Yes,Difficulty,8
L4655,1,CSE,7.77,<3L,Before Counselling,36,4,2,No,No,Difficulty,1
L4656,4,Mechanical,5.85,<3L,After Counselling,19,1,18,Yes,No,Time,1
L4657,3,ECE,5.0,6-10L,After Understanding,46,0,8,Yes,No,Trust,9
L4658,1,CSE,9.35,<3L,After Counselling,4,2,19,No,No,Job,1
L4659,3,IT,8.36,3-6L,After Understanding,32,3,13,No,Yes,Job,3
L4660,3,ECE,5.49,<3L,After Application,8,1,21,No,No,Job,3
L4661,3,ECE,8.32,10L+,After Understanding,26,1,23,No,No,Difficulty,4
L4662,2,IT,8.06,3-6L,After Counselling,1,3,22,No,No,Time,3
L4663,4,IT,7.37,<3L,Before Counselling,26,3,6,Yes,No,Fee,3
L4664,4,IT,7.1,3-6L,After Understanding,47,1,7,No,Yes,Fee,5
L4665,3,CSE,9.44,<3L,After Understanding,43,0,24,No,Yes,Time,5
L4666,1,CSE,6.23,10L+,After Understanding,9,4,3,No,No,Difficulty,8
L4667,4,CSE,6.99,<3L,After Application,35,0,13,No,Yes,Job,7
L4668,3,Civil,6.65,3-6L,After Application,18,0,12,No,Yes,Trust,9
L4669,3,ECE,8.86,<3L,After Application,19,4,5,No,No,Difficulty,5
L4670,2,CSE,9.58,6-10L,Before Counselling,16,0,8,No,Yes,Job,4
L4671,4,Civil,9.25,6-10L,Before Counselling,28,2,6,Yes,Yes,Fee,4
L4672,3,ECE,8.99,6-10L,After Understanding,3,3,12,No,Yes,Time,2
L4673,1,CSE,9.93,6-10L,Before Counselling,18,1,17,No,No,Time,9
L4674,2,IT,8.49,<3L,After Counselling,13,4,11,No,No,Job,7
L4675,4,Mechanical,8.76,10L+,After Counselling,27,0,10,No,Yes,Difficulty,2
L4676,1,CSE,9.91,3-6L,After Application,40,1,7,No,No,Job,8
L4677,4,Mechanical,5.03,6-10L,After Counselling,39,2,14,Yes,Yes,Difficulty,2
L4678,3,CSE,8.17,3-6L,After Counselling,24,0,5,No,Yes,Fee,2
L4679,3,IT,8.69,<3L,After Understanding,29,0,12,Yes,Yes,Time,4
L4680,2,Mechanical,9.59,3-6L,After Application,22,0,12,Yes,Yes,Difficulty,7
L4681,2,Civil,9.42,<3L,After Application,26,2,17,Yes,Yes,Fee,9
L4682,4,IT,9.21,3-6L,After Application,20,3,21,No,No,Trust,5
L4683,2,Mechanical,9.73,3-6L,After Counselling,24,1,20,No,No,Job,3
L4684,3,Mechanical,7.69,<3L,Before Counselling,12,0,7,Yes,No,Difficulty,6
L4685,2,IT,5.03,10L+,After Understanding,18,0,18,No,Yes,Job,9
L4686,1,IT,5.06,10L+,Before Counselling,47,2,19,Yes,No,Job,2
L4687,1,IT,7.72,6-10L,After Application,12,2,5,No,No,Time,7
L4688,3,ECE,7.18,6-10L,After Application,38,1,24,No,Yes,Job,4
L4689,4,Civil,7.26,3-6L,After Counselling,32,1,19,Yes,Yes,Trust,6
L4690,2,CSE,7.0,3-6L,After Understanding,23,0,12,No,No,Time,4
L4691,2,Mechanical,9.59,<3L,After Understanding,4,0,13,No,Yes,Job,2
L4692,2,CSE,6.8,10L+,After Understanding,12,0,11,No,No,Trust,5
L4693,3,IT,9.28,6-10L,After Counselling,17,0,4,No,Yes,Difficulty,3
L4694,2,Civil,9.51,6-10L,Before Counselling,21,0,16,No,No,Fee,3
L4695,4,Civil,7.5,10L+,After Understanding,37,2,19,No,No,Trust,3
L4696,3,ECE,7.23,3-6L,Before Counselling,29,3,17,Yes,No,Difficulty,2
L4697,3,IT,8.81,3-6L,After Counselling,6,1,8,No,Yes,Difficulty,4
L4698,1,Mechanical,8.54,10L+,After Counselling,47,2,12,No,No,Difficulty,7
L4699,4,ECE,6.64,3-6L,Before Counselling,28,4,11,No,No,Fee,2
L4700,2,IT,5.51,3-6L,After Understanding,8,4,10,No,No,Job,4
L4701,1,ECE,6.32,<3L,Before Counselling,31,4,21,No,No,Job,5
L4702,3,CSE,5.66,3-6L,After Understanding,20,1,19,No,Yes,Job,3
L4703,3,IT,6.47,6-10L,After Application,16,0,22,No,No,Trust,5
L4704,2,Mechanical,6.31,3-6L,After Application,13,4,14,No,Yes,Fee,5
L4705,2,Mechanical,8.19,3-6L,After Understanding,15,4,24,Yes,No,Time,2
L4706,3,IT,9.77,<3L,Before Counselling,13,3,11,No,No,Fee,1
L4707,1,ECE,8.43,3-6L,After Understanding,47,2,22,No,No,Time,2
L4708,4,Civil,9.63,10L+,After Understanding,2,1,13,No,No,Difficulty,5
L4709,3,IT,8.92,<3L,After Understanding,20,1,14,Yes,No,Job,8
L4710,2,Mechanical,8.64,<3L,After Application,28,3,22,Yes,Yes,Time,1
L4711,2,CSE,7.07,<3L,After Counselling,18,4,23,Yes,No,Job,6
L4712,2,Mechanical,6.62,10L+,After Application,7,3,6,No,Yes,Fee,3
L4713,3,Civil,9.23,3-6L,After Understanding,21,0,13,Yes,No,Job,5
L4714,3,Mechanical,9.53,10L+,Before Counselling,41,4,5,No,No,Job,1
L4715,2,Civil,7.26,3-6L,After Counselling,39,1,4,No,No,Trust,5
L4716,3,IT,5.05,3-6L,After Understanding,9,2,15,No,No,Time,2
L4717,4,Mechanical,8.96,6-10L,After Counselling,44,3,4,No,No,Trust,9
L4718,2,ECE,6.43,<3L,Before Counselling,10,3,3,No,Yes,Fee,3
L4719,4,ECE,5.05,<3L,After Counselling,31,1,9,No,Yes,Difficulty,5
L4720,2,Mechanical,9.02,3-6L,After Counselling,42,4,8,No,Yes,Difficulty,5
L4721,1,Mechanical,7.59,<3L,After Understanding,13,4,23,Yes,No,Job,3
L4722,2,CSE,8.43,<3L,Before Counselling,5,4,3,No,No,Difficulty,5
L4723,2,Mechanical,9.57,<3L,Before Counselling,40,2,19,No,No,Trust,5
L4724,2,CSE,7.71,<3L,After Application,42,2,18,No,No,Job,8
L4725,1,CSE,7.52,<3L,After Counselling,38,4,15,Yes,Yes,Job,8
L4726,4,CSE,6.45,6-10L,After Understanding,43,2,13,No,No,Time,6
L4727,4,CSE,6.53,<3L,After Counselling,36,3,19,No,No,Job,2
L4728,3,IT,8.98,<3L,After Counselling,2,4,18,Yes,Yes,Difficulty,9
L4729,1,ECE,7.25,<3L,After Counselling,6,2,17,No,No,Time,6
L4730,1,CSE,5.82,3-6L,After Understanding,13,3,11,No,No,Trust,7
L4731,1,ECE,5.47,3-6L,After Counselling,29,3,5,Yes,No,Difficulty,7
L4732,3,CSE,7.36,6-10L,After Understanding,44,2,3,Yes,No,Difficulty,5
L4733,4,ECE,7.32,6-10L,Before Counselling,14,4,6,No,No,Difficulty,4
L4734,2,Mechanical,8.27,<3L,After Counselling,30,4,15,No,Yes,Trust,7
L4735,1,Mechanical,7.36,<3L,After Application,25,2,11,No,Yes,Time,6
L4736,3,ECE,5.72,<3L,Before Counselling,40,2,9,Yes,No,Time,7
L4737,2,CSE,7.54,10L+,After Application,35,0,2,No,No,Difficulty,4
L4738,2,IT,9.53,3-6L,After Counselling,37,3,10,No,No,Job,2
L4739,3,ECE,5.8,<3L,Before Counselling,7,4,24,No,No,Job,9
L4740,3,Civil,8.45,<3L,After Understanding,38,1,22,No,No,Difficulty,7
L4741,1,IT,7.97,3-6L,After Counselling,18,3,6,No,No,Job,4
L4742,1,Civil,8.74,<3L,After Counselling,8,4,10,Yes,No,Trust,2
L4743,4,ECE,5.75,6-10L,After Understanding,7,0,10,Yes,No,Time,8
L4744,2,CSE,9.71,3-6L,After Application,34,3,19,Yes,No,Trust,8
L4745,1,Civil,8.1,3-6L,Before Counselling,36,3,6,No,Yes,Difficulty,8
L4746,1,ECE,9.24,3-6L,Before Counselling,41,4,17,Yes,Yes,Job,3
L4747,1,IT,6.23,<3L,After Understanding,10,1,3,Yes,Yes,Difficulty,4
L4748,2,CSE,8.7,3-6L,Before Counselling,40,2,5,No,No,Trust,2
L4749,4,Civil,8.91,6-10L,After Understanding,29,1,22,Yes,No,Time,7
L4750,2,ECE,6.99,<3L,After Application,16,0,24,Yes,No,Fee,7
L4751,2,CSE,6.92,3-6L,After Application,25,3,19,No,Yes,Difficulty,1
L4752,3,CSE,8.29,6-10L,Before Counselling,29,4,6,Yes,Yes,Difficulty,9
L4753,3,Mechanical,5.47,<3L,After Understanding,8,3,9,No,No,Difficulty,9
L4754,4,CSE,8.68,3-6L,After Understanding,20,2,13,No,Yes,Difficulty,5
L4755,4,ECE,5.21,<3L,After Understanding,36,1,15,Yes,No,Time,7
L4756,1,IT,5.95,6-10L,After Understanding,27,1,18,No,No,Time,8
L4757,3,Mechanical,8.32,<3L,Before Counselling,13,0,13,No,No,Trust,3
L4758,2,ECE,5.49,3-6L,After Counselling,26,4,3,No,No,Fee,7
L4759,4,ECE,9.86,<3L,Before Counselling,42,2,5,No,No,Difficulty,5
L4760,2,ECE,9.34,<3L,After Understanding,25,2,12,No,No,Trust,4
L4761,4,Civil,8.13,6-10L,After Counselling,28,4,13,No,Yes,Time,2
L4762,3,Civil,9.1,3-6L,After Counselling,9,0,20,No,No,Job,7
L4763,2,IT,9.44,6-10L,Before Counselling,26,2,3,No,No,Time,7
L4764,3,ECE,6.3,3-6L,After Understanding,12,0,11,No,No,Time,8
L4765,4,Civil,9.25,3-6L,After Understanding,26,4,11,No,No,Job,4
L4766,4,Civil,5.97,6-10L,After Understanding,47,4,3,No,No,Job,2
L4767,1,Civil,7.07,<3L,After Understanding,22,4,23,No,No,Trust,3
L4768,3,IT,7.79,<3L,After Understanding,1,2,20,No,No,Fee,1
L4769,2,IT,8.57,<3L,After Counselling,12,4,21,No,Yes,Fee,6
L4770,1,ECE,5.15,<3L,Before Counselling,24,2,5,No,Yes,Time,8
L4771,2,Mechanical,6.45,<3L,Before Counselling,30,0,19,Yes,Yes,Job,8
L4772,2,ECE,8.04,10L+,After Application,14,3,21,No,No,Time,4
L4773,4,Civil,6.79,6-10L,Before Counselling,23,0,19,Yes,No,Fee,4
L4774,2,Civil,8.88,10L+,After Counselling,2,2,15,Yes,No,Fee,1
L4775,4,CSE,8.26,10L+,After Application,3,1,21,No,No,Difficulty,6
L4776,1,ECE,6.17,3-6L,After Counselling,6,1,14,Yes,No,Fee,4
L4777,2,Civil,5.73,<3L,Before Counselling,19,3,16,No,No,Difficulty,9
L4778,2,Civil,8.15,3-6L,After Counselling,21,4,16,No,No,Time,2
L4779,2,Mechanical,7.25,6-10L,After Counselling,45,0,21,Yes,No,Trust,8
L4780,1,CSE,5.84,3-6L,Before Counselling,20,0,5,Yes,No,Fee,7
L4781,1,ECE,6.63,3-6L,After Counselling,21,2,16,Yes,Yes,Difficulty,8
L4782,3,IT,6.52,<3L,After Application,40,3,15,No,Yes,Trust,2
L4783,2,ECE,5.54,3-6L,After Application,4,4,8,No,No,Trust,9
L4784,2,ECE,7.73,<3L,After Understanding,25,3,18,No,No,Time,4
L4785,2,Mechanical,8.82,<3L,After Application,7,1,24,Yes,No,Job,1
L4786,4,ECE,7.88,6-10L,After Application,7,3,10,Yes,No,Trust,6
L4787,4,Mechanical,9.13,<3L,Before Counselling,33,4,5,Yes,Yes,Time,4
L4788,2,Mechanical,5.64,10L+,After Application,26,4,19,No,No,Job,2
L4789,2,Civil,7.18,<3L,Before Counselling,17,0,14,Yes,Yes,Trust,1
L4790,1,IT,8.05,10L+,After Application,8,0,16,Yes,No,Time,6
L4791,4,Mechanical,8.38,3-6L,Before Counselling,26,4,5,No,Yes,Time,8
L4792,1,CSE,8.48,6-10L,Before Counselling,15,0,19,No,No,Difficulty,3
L4793,2,CSE,8.64,<3L,After Counselling,20,0,11,No,No,Time,8
L4794,2,IT,8.26,3-6L,After Application,19,0,8,No,No,Trust,9
L4795,2,Mechanical,5.47,6-10L,Before Counselling,7,4,7,No,No,Trust,2
L4796,1,IT,8.48,<3L,After Application,45,0,14,No,Yes,Fee,4
L4797,3,Civil,8.62,<3L,After Understanding,1,1,19,No,Yes,Trust,6
L4798,1,CSE,9.97,<3L,After Counselling,39,4,23,Yes,No,Job,7
L4799,3,ECE,8.47,<3L,After Counselling,37,3,10,No,No,Fee,4
L4800,1,CSE,8.43,<3L,Before Counselling,18,2,12,Yes,No,Time,4
L4801,1,Mechanical,7.57,3-6L,After Application,8,2,17,No,No,Fee,7
L4802,4,IT,9.34,<3L,After Counselling,15,1,9,No,Yes,Job,7
L4803,1,CSE,9.98,3-6L,After Counselling,6,4,6,No,No,Fee,7
L4804,4,ECE,8.9,6-10L,After Counselling,37,3,16,No,Yes,Job,5
L4805,3,ECE,8.06,3-6L,Before Counselling,22,4,3,No,No,Time,4
L4806,1,IT,5.39,<3L,After Understanding,11,3,6,No,No,Fee,6
L4807,4,IT,8.63,3-6L,Before Counselling,26,3,11,No,No,Trust,7
L4808,2,CSE,8.54,<3L,After Understanding,8,4,20,No,No,Trust,9
L4809,4,Mechanical,8.88,<3L,After Counselling,9,0,15,No,Yes,Job,5
L4810,1,Civil,5.62,<3L,After Understanding,13,2,14,No,Yes,Job,6
L4811,4,ECE,8.27,10L+,Before Counselling,3,0,15,No,No,Job,5
L4812,1,IT,6.48,6-10L,Before Counselling,3,2,5,No,Yes,Time,5
L4813,3,Civil,8.8,<3L,After Application,7,0,8,No,No,Job,3
L4814,3,Civil,6.2,3-6L,After Application,3,4,19,No,No,Trust,1
L4815,4,Civil,8.42,<3L,Before Counselling,11,4,7,No,No,Trust,2
L4816,4,Mechanical,6.47,10L+,After Application,46,3,16,No,No,Job,7
L4817,4,IT,5.04,10L+,After Counselling,28,1,12,No,No,Difficulty,4
L4818,4,ECE,8.17,<3L,After Understanding,42,4,18,No,Yes,Job,3
L4819,1,IT,5.57,<3L,Before Counselling,31,2,11,No,No,Difficulty,4
L4820,2,CSE,8.3,3-6L,Before Counselling,9,3,17,Yes,Yes,Fee,8
L4821,2,ECE,9.63,3-6L,After Application,27,2,20,No,Yes,Fee,7
L4822,2,IT,9.85,<3L,Before Counselling,12,0,12,No,No,Trust,8
L4823,2,ECE,6.18,3-6L,After Application,8,1,8,No,Yes,Fee,1
L4824,3,CSE,9.05,<3L,After Counselling,44,4,22,Yes,Yes,Fee,1
L4825,1,ECE,6.77,3-6L,Before Counselling,41,0,24,No,No,Fee,4
L4826,3,Civil,9.5,<3L,After Counselling,22,3,24,No,Yes,Time,9
L4827,1,Mechanical,8.94,6-10L,After Counselling,18,2,15,Yes,Yes,Time,6
L4828,2,CSE,5.37,3-6L,Before Counselling,30,1,2,No,Yes,Job,2
L4829,3,ECE,7.04,3-6L,After Application,11,4,18,Yes,Yes,Difficulty,4
L4830,3,CSE,6.69,6-10L,After Application,2,2,23,No,No,Trust,4
L4831,3,Civil,8.93,3-6L,After Counselling,29,4,14,No,Yes,Time,9
L4832,3,Mechanical,7.05,<3L,After Application,26,4,9,No,Yes,Time,5
L4833,1,CSE,8.42,<3L,After Application,14,2,20,No,Yes,Trust,6
L4834,3,Civil,8.01,<3L,After Counselling,28,4,9,No,Yes,Time,3
L4835,1,Civil,9.88,<3L,Before Counselling,35,3,18,No,Yes,Trust,9
L4836,2,Civil,9.69,6-10L,Before Counselling,6,1,6,No,No,Job,4
L4837,2,ECE,7.14,<3L,After Understanding,36,0,12,No,No,Job,9
L4838,1,IT,8.62,<3L,Before Counselling,12,1,15,Yes,No,Fee,4
L4839,2,CSE,9.15,6-10L,After Application,34,0,11,No,No,Trust,2
L4840,4,IT,9.49,3-6L,After Understanding,6,3,13,Yes,No,Trust,6
L4841,4,Civil,5.34,3-6L,After Understanding,37,1,4,No,Yes,Job,8
L4842,2,IT,6.51,<3L,After Understanding,37,3,10,No,No,Time,5
L4843,1,Civil,6.6,<3L,Before Counselling,8,2,12,No,No,Trust,2
L4844,1,Civil,7.17,3-6L,After Understanding,37,0,10,No,Yes,Trust,1
L4845,2,Mechanical,5.85,6-10L,After Understanding,40,2,2,No,No,Time,5
L4846,4,Mechanical,7.48,<3L,After Understanding,33,2,19,Yes,No,Job,4
L4847,1,IT,8.32,3-6L,Before Counselling,41,1,4,No,No,Trust,9
L4848,3,CSE,7.49,10L+,Before Counselling,46,4,15,No,Yes,Trust,4
L4849,1,IT,8.33,3-6L,Before Counselling,31,4,5,No,No,Time,7
L4850,4,CSE,5.33,3-6L,Before Counselling,34,3,6,Yes,No,Fee,6
L4851,2,IT,9.38,6-10L,After Counselling,11,1,22,No,Yes,Time,2
L4852,3,ECE,9.7,6-10L,Before Counselling,36,2,11,No,Yes,Time,4
L4853,2,ECE,8.09,3-6L,After Application,4,3,6,No,Yes,Fee,3
L4854,3,CSE,9.41,6-10L,After Understanding,17,2,4,No,No,Trust,6
L4855,1,Mechanical,5.66,3-6L,Before Counselling,16,3,23,No,No,Fee,7
L4856,1,CSE,8.99,6-10L,After Application,30,0,21,No,No,Difficulty,5
L4857,4,IT,5.6,10L+,After Application,39,3,10,No,Yes,Fee,6
L4858,4,Civil,7.04,3-6L,After Application,44,3,13,No,No,Job,4
L4859,4,ECE,6.62,3-6L,After Counselling,5,2,3,No,No,Trust,7
L4860,3,Civil,7.93,3-6L,After Counselling,40,4,12,No,No,Difficulty,4
L4861,4,ECE,6.51,6-10L,After Counselling,37,2,2,No,No,Difficulty,3
L4862,1,IT,8.19,6-10L,After Application,43,1,24,No,No,Fee,9
L4863,2,ECE,6.84,<3L,Before Counselling,26,2,17,No,No,Difficulty,3
L4864,2,CSE,9.3,6-10L,After Application,28,4,4,No,No,Trust,7
L4865,3,Civil,8.17,6-10L,After Counselling,19,1,14,No,No,Trust,5
L4866,2,Civil,6.08,6-10L,After Counselling,21,4,16,Yes,No,Time,3
L4867,1,IT,6.68,6-10L,After Counselling,28,1,2,No,Yes,Time,5
L4868,3,Civil,9.24,<3L,Before Counselling,19,2,24,No,Yes,Job,8
L4869,4,IT,6.93,3-6L,After Application,36,4,17,No,No,Fee,2
L4870,2,Mechanical,7.68,6-10L,After Counselling,11,4,16,No,Yes,Difficulty,5
L4871,1,CSE,8.24,10L+,After Application,19,0,7,Yes,Yes,Time,1
L4872,1,ECE,6.74,<3L,After Application,5,0,23,No,No,Trust,7
L4873,2,ECE,6.47,3-6L,After Counselling,2,3,16,No,No,Difficulty,8
L4874,2,ECE,7.38,6-10L,After Understanding,25,0,21,Yes,No,Fee,8
L4875,3,Mechanical,6.07,6-10L,After Understanding,26,4,19,No,No,Difficulty,7
L4876,3,CSE,6.42,3-6L,After Understanding,30,3,18,No,Yes,Difficulty,9
L4877,3,Civil,5.31,<3L,After Counselling,17,2,15,Yes,Yes,Job,1
L4878,2,Civil,6.52,6-10L,After Application,21,3,23,No,No,Fee,5
L4879,4,CSE,6.6,6-10L,After Understanding,20,1,19,Yes,Yes,Difficulty,1
L4880,2,CSE,9.81,6-10L,Before Counselling,18,3,18,Yes,No,Trust,7
L4881,2,ECE,7.95,6-10L,After Understanding,47,0,2,No,Yes,Trust,2
L4882,4,Civil,8.94,3-6L,Before Counselling,16,2,15,No,No,Job,2
L4883,1,CSE,5.23,10L+,After Understanding,28,1,8,Yes,No,Time,8
L4884,1,Civil,5.53,6-10L,After Understanding,12,3,2,Yes,Yes,Fee,8
L4885,4,CSE,9.07,3-6L,After Understanding,40,2,4,Yes,Yes,Difficulty,1
L4886,2,IT,8.12,10L+,Before Counselling,6,0,12,No,No,Job,9
L4887,3,ECE,5.95,10L+,Before Counselling,24,2,19,No,No,Trust,2
L4888,1,CSE,7.02,6-10L,After Understanding,43,2,15,Yes,No,Difficulty,9
L4889,3,Mechanical,7.69,3-6L,Before Counselling,6,1,4,No,No,Trust,3
L4890,2,CSE,9.22,3-6L,After Application,17,4,3,No,No,Difficulty,1
L4891,1,IT,5.3,<3L,After Understanding,42,0,21,No,No,Fee,3
L4892,3,Mechanical,7.98,<3L,After Application,19,1,16,No,Yes,Trust,9
L4893,2,Mechanical,8.59,3-6L,After Counselling,47,1,8,No,No,Job,2
L4894,2,CSE,9.89,3-6L,After Counselling,28,1,14,No,No,Job,3
L4895,1,IT,9.04,<3L,After Counselling,29,4,5,Yes,No,Job,9
L4896,1,Mechanical,6.38,10L+,After Application,7,4,9,No,Yes,Job,6
L4897,2,ECE,8.55,3-6L,Before Counselling,19,3,22,No,Yes,Time,2
L4898,1,ECE,8.82,3-6L,After Counselling,8,3,3,No,Yes,Difficulty,5
L4899,4,Civil,8.65,3-6L,After Understanding,8,0,14,No,No,Difficulty,1
L4900,1,Civil,9.1,<3L,After Understanding,5,0,5,Yes,Yes,Difficulty,5
L4901,2,IT,9.52,6-10L,Before Counselling,43,4,14,No,No,Time,9
L4902,1,Mechanical,5.49,<3L,After Understanding,34,4,17,No,No,Job,1
L4903,2,ECE,5.52,3-6L,After Application,21,4,13,No,No,Fee,4
L4904,4,ECE,8.98,3-6L,After Counselling,4,1,14,Yes,No,Job,9
L4905,1,IT,6.26,3-6L,After Application,44,4,24,Yes,No,Time,2
L4906,4,Mechanical,5.29,3-6L,After Understanding,36,1,2,No,Yes,Fee,8
L4907,2,IT,7.01,<3L,After Application,5,1,24,No,No,Time,5
L4908,3,CSE,9.1,<3L,Before Counselling,23,0,4,No,No,Trust,9
L4909,3,ECE,5.63,3-6L,After Application,19,2,24,No,No,Difficulty,1
L4910,4,IT,8.36,6-10L,After Understanding,42,3,4,No,No,Difficulty,7
L4911,3,IT,5.02,3-6L,After Understanding,46,3,13,No,No,Time,4
L4912,3,CSE,5.55,<3L,After Counselling,15,0,5,No,Yes,Fee,4
L4913,1,Civil,6.75,<3L,After Application,14,0,2,No,No,Trust,3
L4914,1,ECE,5.42,3-6L,Before Counselling,8,4,18,No,No,Trust,8
L4915,4,IT,9.23,3-6L,After Counselling,9,4,21,No,No,Job,7
L4916,2,ECE,9.32,<3L,After Understanding,40,4,10,No,Yes,Job,2
L4917,2,Civil,8.78,3-6L,After Application,11,1,6,No,No,Fee,2
L4918,3,IT,6.21,<3L,Before Counselling,44,1,22,No,No,Job,8
L4919,2,CSE,7.62,3-6L,After Understanding,46,4,4,No,No,Difficulty,5
L4920,4,ECE,5.92,<3L,After Understanding,18,1,22,No,No,Time,5
L4921,3,CSE,6.41,10L+,After Counselling,32,0,8,No,No,Difficulty,5
L4922,3,Civil,7.58,<3L,After Understanding,44,4,4,No,No,Trust,9
L4923,4,Civil,8.68,3-6L,Before Counselling,36,3,6,No,No,Trust,7
L4924,1,ECE,5.47,10L+,Before Counselling,45,3,13,No,Yes,Time,5
L4925,2,Civil,6.48,<3L,After Counselling,21,1,4,Yes,Yes,Fee,8
L4926,2,Mechanical,9.63,3-6L,After Counselling,27,3,2,No,No,Trust,9
L4927,2,ECE,7.15,<3L,Before Counselling,42,4,23,Yes,Yes,Fee,3
L4928,3,Mechanical,9.69,<3L,After Counselling,21,3,4,No,No,Difficulty,1
L4929,4,Civil,9.96,3-6L,After Understanding,11,0,17,Yes,No,Job,3
L4930,2,ECE,7.63,10L+,Before Counselling,44,1,19,No,Yes,Time,9
L4931,2,Mechanical,6.44,3-6L,After Counselling,34,3,4,No,Yes,Job,9
L4932,4,Civil,8.95,3-6L,Before Counselling,5,1,6,Yes,No,Fee,3
L4933,2,IT,5.8,3-6L,After Understanding,28,0,6,No,No,Fee,2
L4934,2,IT,6.26,3-6L,After Counselling,10,3,10,Yes,No,Difficulty,2
L4935,2,CSE,8.92,3-6L,Before Counselling,12,4,13,No,No,Difficulty,9
L4936,4,IT,7.17,<3L,After Understanding,41,2,17,No,Yes,Fee,3
L4937,3,Mechanical,6.01,<3L,After Counselling,3,3,10,No,No,Difficulty,9
L4938,3,IT,8.26,3-6L,Before Counselling,1,0,19,Yes,No,Time,4
L4939,4,ECE,8.66,6-10L,After Understanding,37,2,23,No,Yes,Trust,2
L4940,2,ECE,5.63,<3L,After Understanding,40,3,12,Yes,Yes,Time,9
L4941,2,ECE,6.38,3-6L,After Understanding,1,1,23,No,No,Fee,3
L4942,4,IT,6.11,<3L,After Application,13,0,18,Yes,No,Trust,2
L4943,2,IT,6.9,<3L,After Understanding,38,3,2,No,No,Fee,1
L4944,3,CSE,8.82,3-6L,After Understanding,15,0,4,No,No,Time,7
L4945,4,Civil,8.57,6-10L,After Counselling,7,4,6,No,No,Fee,8
L4946,3,CSE,8.31,3-6L,After Application,30,2,23,Yes,Yes,Difficulty,3
L4947,3,Mechanical,5.03,<3L,After Understanding,24,2,2,No,No,Fee,7
L4948,4,ECE,5.71,10L+,After Counselling,8,4,16,Yes,No,Time,1
L4949,4,IT,6.12,<3L,After Counselling,3,2,18,No,No,Difficulty,9
L4950,2,Civil,6.36,6-10L,Before Counselling,15,2,5,Yes,No,Trust,6
L4951,1,Civil,5.73,3-6L,Before Counselling,36,4,23,No,Yes,Time,3
L4952,2,IT,7.05,3-6L,After Application,41,1,24,No,No,Job,6
L4953,3,CSE,5.38,10L+,After Counselling,43,2,15,Yes,No,Job,1
L4954,2,Civil,8.75,6-10L,After Understanding,14,1,3,Yes,Yes,Time,5
L4955,3,CSE,8.94,<3L,After Understanding,27,0,5,No,Yes,Time,9
L4956,2,IT,7.87,<3L,After Counselling,30,0,6,No,No,Job,4
L4957,3,CSE,5.45,<3L,After Application,41,2,8,No,No,Job,4
L4958,1,ECE,9.45,<3L,After Understanding,44,0,5,No,Yes,Job,3
L4959,3,IT,9.83,10L+,After Application,37,4,9,No,No,Time,3
L4960,3,IT,6.01,<3L,After Counselling,6,2,12,No,No,Difficulty,2
L4961,2,Civil,8.52,3-6L,After Application,19,4,9,Yes,No,Fee,4
L4962,2,Civil,9.21,6-10L,Before Counselling,37,1,5,Yes,Yes,Fee,9
L4963,3,Civil,7.7,6-10L,After Application,1,3,12,No,No,Difficulty,4
L4964,2,ECE,6.62,3-6L,After Application,25,3,13,No,No,Fee,5
L4965,2,ECE,7.39,6-10L,After Understanding,10,2,3,No,Yes,Difficulty,4
L4966,4,Mechanical,7.56,<3L,After Application,46,4,16,No,No,Difficulty,8
L4967,3,IT,7.0,6-10L,After Understanding,26,3,15,Yes,No,Fee,9
L4968,4,Civil,9.65,<3L,After Understanding,23,2,20,No,No,Fee,6
L4969,2,IT,8.72,10L+,Before Counselling,17,3,22,Yes,Yes,Fee,5
L4970,2,CSE,6.21,<3L,After Understanding,30,3,18,No,No,Trust,4
L4971,4,ECE,7.93,<3L,After Counselling,27,0,17,No,Yes,Fee,9
L4972,3,Mechanical,8.44,3-6L,After Understanding,11,2,6,No,No,Time,4
L4973,3,CSE,5.7,6-10L,After Counselling,4,3,21,No,No,Time,2
L4974,2,IT,6.79,6-10L,After Understanding,18,2,22,Yes,No,Trust,9
L4975,2,ECE,9.53,<3L,After Counselling,19,0,2,Yes,Yes,Time,9
L4976,1,Civil,7.84,<3L,Before Counselling,36,2,11,No,No,Fee,6
L4977,2,CSE,6.08,<3L,After Application,44,0,8,No,Yes,Trust,1
L4978,1,ECE,5.61,3-6L,After Understanding,46,3,11,Yes,Yes,Job,2
L4979,1,IT,7.59,3-6L,Before Counselling,26,3,17,No,No,Job,7
L4980,4,IT,7.74,3-6L,Before Counselling,1,3,6,No,No,Difficulty,1
L4981,2,CSE,6.67,3-6L,After Understanding,20,0,20,No,No,Fee,6
L4982,3,CSE,8.15,3-6L,After Understanding,11,1,7,No,Yes,Difficulty,9
L4983,4,CSE,5.34,10L+,After Counselling,25,0,13,Yes,No,Job,6
L4984,3,Mechanical,5.73,<3L,After Understanding,19,0,7,No,Yes,Time,7
L4985,1,Civil,7.73,3-6L,After Understanding,32,4,11,Yes,No,Trust,4
L4986,3,ECE,5.31,3-6L,After Counselling,1,3,11,No,No,Job,1
L4987,3,IT,9.4,<3L,After Counselling,1,3,14,Yes,No,Difficulty,1
L4988,3,IT,5.71,3-6L,After Understanding,3,4,20,Yes,No,Time,8
L4989,3,Civil,8.37,<3L,After Understanding,46,1,18,Yes,No,Trust,5
L4990,4,CSE,6.96,<3L,After Understanding,40,2,17,No,No,Time,7
L4991,3,CSE,7.0,3-6L,After Application,32,3,5,Yes,No,Job,9
L4992,2,IT,8.82,<3L,After Application,47,3,21,No,Yes,Time,3
L4993,3,Civil,7.5,<3L,Before Counselling,36,0,4,Yes,No,Time,6
L4994,1,IT,8.63,3-6L,Before Counselling,43,1,6,Yes,Yes,Difficulty,6
L4995,4,CSE,7.53,3-6L,After Understanding,8,1,14,No,No,Time,6
L4996,1,ECE,7.96,<3L,After Counselling,30,1,15,No,Yes,Trust,1
L4997,2,CSE,8.8,<3L,After Understanding,39,1,10,No,Yes,Job,9
L4998,4,ECE,8.04,3-6L,After Understanding,34,4,10,No,Yes,Fee,9
L4999,3,Mechanical,8.08,6-10L,Before Counselling,8,0,9,Yes,Yes,Time,8
L5000,2,Civil,8.95,10L+,After Understanding,25,4,11,Yes,No,Job,9
L5001,2,Mechanical,9.75,<3L,After Understanding,26,4,23,No,No,Time,3
L5002,4,CSE,6.88,<3L,Before Counselling,27,2,21,No,No,Time,5
L5003,2,Civil,7.89,<3L,Before Counselling,19,0,19,No,No,Difficulty,9
L5004,4,CSE,5.43,3-6L,After Counselling,23,1,13,No,Yes,Job,4
L5005,1,Civil,6.79,3-6L,After Counselling,41,0,14,No,No,Trust,8
L5006,3,Civil,7.06,3-6L,After Counselling,16,1,17,Yes,Yes,Fee,7
L5007,4,CSE,9.18,6-10L,After Application,8,2,4,No,Yes,Time,3
L5008,1,CSE,7.57,3-6L,After Application,30,3,10,Yes,No,Job,1
L5009,2,Civil,8.66,10L+,After Understanding,8,4,17,No,Yes,Job,1
L5010,1,Civil,5.1,<3L,After Counselling,11,2,18,No,Yes,Time,4
L5011,3,CSE,7.32,<3L,Before Counselling,7,4,17,No,Yes,Fee,7
L5012,3,CSE,9.51,<3L,After Counselling,21,1,24,Yes,No,Time,2
L5013,3,IT,6.12,<3L,After Understanding,34,1,11,No,No,Fee,6
L5014,1,IT,5.16,10L+,After Application,21,2,23,No,No,Job,6
L5015,2,IT,7.17,<3L,After Application,5,3,19,No,Yes,Time,6
L5016,1,Mechanical,8.52,3-6L,After Understanding,43,3,22,No,No,Job,3
L5017,2,Civil,7.27,<3L,After Counselling,17,4,3,Yes,No,Time,7
L5018,3,ECE,7.3,<3L,After Understanding,21,1,15,Yes,No,Time,2
L5019,4,Mechanical,8.35,<3L,After Understanding,6,1,6,No,No,Trust,2
L5020,3,Civil,6.27,<3L,After Application,45,3,7,No,Yes,Difficulty,1
L5021,2,ECE,8.76,3-6L,After Application,7,1,21,Yes,Yes,Time,6
L5022,4,IT,5.77,10L+,After Application,11,1,2,No,No,Time,8
L5023,3,ECE,6.98,3-6L,After Understanding,18,2,16,No,No,Job,4
L5024,4,CSE,8.28,3-6L,After Counselling,38,3,4,Yes,No,Fee,4
L5025,3,CSE,9.14,<3L,After Understanding,12,3,22,No,No,Job,7
L5026,2,Civil,8.96,6-10L,After Counselling,22,0,20,No,Yes,Difficulty,8
L5027,1,Mechanical,8.61,<3L,After Counselling,3,3,19,Yes,No,Time,2
L5028,3,IT,6.8,10L+,After Understanding,19,3,16,No,No,Job,5
L5029,1,Civil,5.61,3-6L,After Counselling,43,0,19,Yes,No,Fee,3
L5030,2,IT,6.08,<3L,After Counselling,23,1,2,Yes,No,Difficulty,8
L5031,3,CSE,9.32,3-6L,After Understanding,34,1,15,Yes,No,Difficulty,1
L5032,3,Mechanical,9.29,10L+,After Application,3,4,18,No,Yes,Time,7
L5033,3,Mechanical,9.76,<3L,After Understanding,23,1,21,No,Yes,Difficulty,6
L5034,1,CSE,5.38,<3L,After Application,5,3,9,Yes,Yes,Fee,2
L5035,2,ECE,7.68,<3L,After Counselling,29,4,9,No,No,Job,6
L5036,3,Mechanical,8.24,3-6L,After Application,34,4,18,No,Yes,Difficulty,8
L5037,4,ECE,8.55,<3L,After Application,44,1,2,No,Yes,Trust,1
L5038,3,IT,8.22,6-10L,Before Counselling,5,4,8,No,No,Job,8
L5039,4,Mechanical,8.85,10L+,Before Counselling,29,0,24,No,No,Fee,1
L5040,3,CSE,6.8,10L+,After Application,45,4,15,No,Yes,Fee,9
L5041,3,ECE,5.9,<3L,Before Counselling,24,2,22,No,No,Time,1
L5042,1,IT,6.02,3-6L,After Application,39,0,7,No,Yes,Difficulty,8
L5043,3,IT,5.06,<3L,Before Counselling,21,3,18,No,No,Time,8
L5044,3,Mechanical,6.75,3-6L,After Counselling,32,1,15,No,No,Difficulty,9
L5045,3,Mechanical,5.46,6-10L,After Understanding,43,1,8,No,Yes,Job,4
L5046,2,Civil,6.61,3-6L,Before Counselling,5,2,16,Yes,Yes,Time,3
L5047,3,Civil,8.14,6-10L,After Understanding,18,1,9,Yes,No,Time,4
L5048,2,Mechanical,9.47,6-10L,Before Counselling,38,3,17,Yes,No,Time,8
L5049,3,Civil,9.2,<3L,After Application,35,4,11,Yes,No,Time,4
L5050,1,CSE,6.26,3-6L,Before Counselling,38,1,10,No,Yes,Trust,9
L5051,4,CSE,5.67,<3L,Before Counselling,16,3,20,No,No,Trust,3
L5052,1,Civil,5.97,<3L,After Understanding,35,0,3,No,No,Time,5
L5053,1,Mechanical,9.85,<3L,After Understanding,24,3,9,No,No,Difficulty,8
L5054,2,CSE,7.75,10L+,Before Counselling,36,2,12,No,No,Time,8
L5055,3,IT,5.91,3-6L,After Understanding,5,3,5,Yes,No,Trust,1
L5056,2,Mechanical,9.2,3-6L,Before Counselling,9,1,19,Yes,Yes,Trust,7
L5057,2,ECE,6.98,6-10L,After Application,4,4,19,No,No,Time,5
L5058,3,ECE,9.5,6-10L,After Application,33,3,3,Yes,No,Time,4
L5059,2,Mechanical,6.3,6-10L,After Counselling,27,2,6,Yes,Yes,Difficulty,1
L5060,4,Civil,6.97,<3L,After Understanding,22,0,15,No,No,Trust,4
L5061,4,CSE,7.52,3-6L,Before Counselling,11,2,14,No,No,Time,3
L5062,3,CSE,9.46,3-6L,After Application,5,0,9,No,No,Fee,1
L5063,2,Mechanical,9.34,3-6L,After Counselling,10,3,12,No,No,Time,9
L5064,3,IT,7.87,<3L,After Counselling,3,4,23,No,No,Trust,7
L5065,1,Civil,6.11,<3L,Before Counselling,15,2,9,No,No,Fee,7
L5066,2,IT,7.02,10L+,After Counselling,46,4,16,Yes,Yes,Fee,2
L5067,2,Mechanical,9.88,<3L,After Counselling,37,3,7,No,No,Fee,7
L5068,4,Mechanical,8.04,3-6L,Before Counselling,40,4,18,No,No,Difficulty,4
L5069,1,IT,8.91,<3L,After Counselling,17,4,12,No,No,Time,4
L5070,3,ECE,7.25,<3L,After Counselling,20,2,8,Yes,Yes,Fee,9
L5071,3,Mechanical,7.66,<3L,Before Counselling,4,3,3,No,Yes,Difficulty,4
L5072,2,Civil,7.14,3-6L,Before Counselling,34,4,4,No,No,Trust,3
L5073,1,IT,8.51,10L+,After Application,34,0,19,No,Yes,Fee,5
L5074,4,ECE,9.26,<3L,After Counselling,31,1,22,Yes,No,Time,6
L5075,3,IT,7.54,<3L,After Application,34,0,21,No,Yes,Fee,8
L5076,3,ECE,7.4,3-6L,After Application,3,4,24,Yes,No,Trust,4
L5077,2,ECE,6.7,<3L,After Understanding,28,3,15,No,No,Trust,9
L5078,2,Civil,5.89,10L+,Before Counselling,41,0,10,Yes,No,Fee,3
L5079,2,Mechanical,9.7,<3L,After Understanding,37,3,9,No,No,Time,5
L5080,1,ECE,6.58,3-6L,Before Counselling,29,0,19,Yes,No,Difficulty,3
L5081,1,Mechanical,9.0,3-6L,After Understanding,15,3,13,No,Yes,Fee,6
L5082,4,Civil,8.58,6-10L,Before Counselling,36,4,13,No,No,Trust,3
L5083,2,Mechanical,8.95,3-6L,After Counselling,35,2,11,No,No,Difficulty,7
L5084,1,CSE,9.68,<3L,After Counselling,41,0,10,Yes,Yes,Time,3
L5085,3,ECE,8.12,<3L,After Application,10,3,3,Yes,No,Fee,5
L5086,3,Civil,9.49,10L+,After Understanding,17,0,22,Yes,No,Trust,7
L5087,1,IT,5.84,6-10L,After Application,30,3,12,No,Yes,Difficulty,8
L5088,3,Civil,8.13,<3L,After Understanding,8,3,23,Yes,No,Job,9
L5089,1,ECE,8.86,6-10L,Before Counselling,23,2,11,Yes,No,Difficulty,6
L5090,1,Civil,6.36,3-6L,Before Counselling,19,3,9,Yes,No,Trust,6
L5091,1,IT,8.7,3-6L,After Understanding,37,0,6,No,Yes,Trust,1
L5092,4,CSE,8.89,<3L,After Understanding,43,4,23,No,Yes,Job,6
L5093,1,ECE,9.16,6-10L,After Counselling,36,1,6,No,No,Job,5
L5094,1,ECE,6.56,<3L,After Understanding,4,3,10,No,Yes,Job,9
L5095,2,Civil,8.41,6-10L,After Counselling,26,1,12,No,No,Time,4
L5096,4,Mechanical,6.52,<3L,After Understanding,47,4,13,No,Yes,Trust,4
L5097,2,Mechanical,8.7,6-10L,After Counselling,40,1,6,No,No,Fee,2
L5098,2,IT,7.31,<3L,After Application,27,3,7,Yes,Yes,Time,7
L5099,1,CSE,7.99,<3L,After Counselling,13,0,2,Yes,No,Trust,6
L5100,2,CSE,7.08,<3L,After Application,44,2,17,No,No,Difficulty,7
L5101,3,Civil,5.81,<3L,After Counselling,34,3,15,No,No,Job,9
L5102,3,Civil,5.89,3-6L,Before Counselling,33,3,15,No,No,Difficulty,2
L5103,2,Mechanical,5.39,<3L,After Counselling,46,2,14,No,No,Fee,8
L5104,2,CSE,8.09,10L+,After Understanding,26,2,13,No,No,Time,8
L5105,1,CSE,9.24,3-6L,After Application,20,2,24,No,No,Difficulty,9
L5106,2,CSE,5.1,3-6L,After Understanding,8,2,8,No,Yes,Fee,6
L5107,1,IT,5.33,<3L,After Understanding,16,2,7,Yes,Yes,Difficulty,2
L5108,3,IT,7.29,3-6L,Before Counselling,5,3,24,Yes,No,Trust,5
L5109,4,Civil,8.69,<3L,After Counselling,34,1,10,Yes,No,Difficulty,2
L5110,4,Mechanical,5.79,6-10L,Before Counselling,47,0,22,Yes,Yes,Job,4
L5111,4,ECE,6.36,<3L,After Counselling,27,3,17,Yes,No,Job,5
L5112,3,Mechanical,6.16,6-10L,After Understanding,36,4,10,Yes,No,Trust,8
L5113,3,IT,7.0,<3L,After Counselling,4,3,15,Yes,Yes,Time,9
L5114,2,IT,6.12,10L+,Before Counselling,42,3,10,No,No,Job,5
L5115,3,Civil,6.76,<3L,After Application,7,1,5,No,No,Difficulty,6
L5116,2,ECE,8.64,<3L,Before Counselling,37,2,10,No,No,Job,1
L5117,2,CSE,8.06,3-6L,Before Counselling,36,4,9,Yes,No,Trust,1
L5118,3,ECE,5.41,10L+,Before Counselling,24,1,15,No,No,Time,1
L5119,2,ECE,8.19,3-6L,After Application,15,0,6,Yes,Yes,Trust,2
L5120,2,ECE,7.39,<3L,After Understanding,6,4,17,No,Yes,Difficulty,8
L5121,4,Civil,9.67,3-6L,Before Counselling,26,4,11,Yes,No,Job,5
L5122,1,IT,6.45,10L+,Before Counselling,26,1,4,No,Yes,Difficulty,3
L5123,2,CSE,8.63,<3L,Before Counselling,25,4,10,Yes,No,Job,5
L5124,4,ECE,8.65,<3L,After Application,33,3,4,No,No,Job,8
L5125,3,CSE,6.11,6-10L,After Application,3,3,20,No,No,Fee,7
L5126,3,ECE,9.52,6-10L,After Application,9,2,20,No,No,Trust,2
L5127,2,IT,7.46,6-10L,After Understanding,37,1,2,No,Yes,Fee,9
L5128,2,CSE,8.39,10L+,After Counselling,38,3,23,Yes,Yes,Difficulty,4
L5129,4,Mechanical,5.73,<3L,After Understanding,30,4,20,Yes,Yes,Difficulty,6
L5130,3,IT,6.29,3-6L,After Understanding,27,4,16,Yes,No,Time,2
L5131,3,CSE,7.93,3-6L,After Understanding,13,3,20,No,No,Job,5
L5132,1,ECE,6.6,6-10L,After Counselling,23,1,8,Yes,No,Fee,6
L5133,1,ECE,7.5,6-10L,Before Counselling,3,1,2,No,No,Time,2
L5134,4,IT,6.87,10L+,After Application,23,0,17,No,No,Fee,1
L5135,2,IT,8.2,<3L,After Understanding,35,1,9,No,No,Difficulty,3
L5136,3,ECE,7.44,<3L,After Application,24,3,13,Yes,No,Time,2
L5137,1,CSE,5.02,<3L,After Application,37,0,7,No,No,Trust,6
L5138,3,Mechanical,8.25,3-6L,After Application,12,4,11,Yes,Yes,Time,3
L5139,4,Civil,7.11,<3L,Before Counselling,20,3,15,No,Yes,Job,2
L5140,3,IT,6.71,6-10L,After Application,18,2,6,No,No,Difficulty,7
L5141,1,ECE,5.47,<3L,After Application,7,2,5,No,Yes,Trust,1
L5142,3,CSE,6.1,<3L,Before Counselling,26,1,24,No,Yes,Difficulty,9
L5143,3,IT,6.12,3-6L,After Application,12,0,15,No,No,Job,1
L5144,2,CSE,9.68,6-10L,After Counselling,34,0,18,No,No,Difficulty,5
L5145,4,IT,7.16,<3L,After Counselling,32,4,2,No,No,Trust,7
L5146,3,ECE,5.21,6-10L,After Understanding,30,1,18,Yes,No,Time,5
L5147,4,CSE,5.69,3-6L,After Counselling,2,0,21,Yes,Yes,Time,3
L5148,3,ECE,5.4,<3L,After Counselling,8,3,10,No,No,Time,2
L5149,1,CSE,7.94,<3L,After Counselling,33,4,17,No,No,Trust,2
L5150,2,IT,5.93,6-10L,Before Counselling,46,0,4,Yes,Yes,Time,9
L5151,2,Civil,7.49,<3L,After Counselling,42,2,11,No,No,Fee,6
L5152,4,Civil,6.85,10L+,After Application,30,2,18,No,No,Fee,4
L5153,3,Mechanical,9.02,3-6L,After Understanding,45,0,17,No,Yes,Time,7
L5154,3,Mechanical,6.6,<3L,After Application,42,2,2,Yes,Yes,Job,2
L5155,2,ECE,7.29,<3L,After Application,45,3,20,No,Yes,Trust,4
L5156,1,CSE,8.61,<3L,After Counselling,28,4,16,No,No,Job,1
L5157,3,Mechanical,7.17,3-6L,After Understanding,13,3,8,No,No,Difficulty,4
L5158,2,IT,8.97,3-6L,After Application,24,2,9,No,Yes,Job,7
L5159,2,Civil,8.31,6-10L,After Understanding,33,0,5,No,Yes,Job,9
L5160,3,CSE,7.05,<3L,After Counselling,5,0,13,No,No,Job,5
L5161,1,Civil,7.52,<3L,After Application,6,4,3,Yes,Yes,Time,6
L5162,2,CSE,9.84,<3L,Before Counselling,4,2,8,No,No,Difficulty,7
L5163,2,Mechanical,8.31,<3L,After Application,42,2,7,No,No,Difficulty,9
L5164,1,Mechanical,9.52,3-6L,After Application,43,2,3,No,No,Time,8
L5165,4,ECE,5.89,10L+,After Understanding,34,1,8,No,No,Fee,9
L5166,2,CSE,7.42,3-6L,After Understanding,29,0,3,No,Yes,Fee,5
L5167,1,IT,9.54,6-10L,After Understanding,21,2,5,Yes,Yes,Difficulty,9
L5168,2,Mechanical,6.61,<3L,After Counselling,26,4,17,No,No,Trust,8
L5169,3,ECE,9.84,<3L,After Understanding,32,1,7,Yes,No,Time,2
L5170,2,Mechanical,5.49,<3L,After Counselling,22,2,11,No,No,Job,1
L5171,3,Civil,9.51,<3L,After Understanding,41,0,24,No,No,Trust,4
L5172,1,Mechanical,7.23,3-6L,Before Counselling,14,1,15,Yes,Yes,Fee,2
L5173,1,CSE,5.37,<3L,After Understanding,34,3,4,No,Yes,Difficulty,3
L5174,2,ECE,9.4,6-10L,After Counselling,37,4,15,No,No,Fee,7
L5175,4,CSE,6.26,10L+,After Counselling,44,0,12,Yes,No,Difficulty,5
L5176,4,IT,5.11,<3L,After Application,1,3,12,Yes,No,Time,3
L5177,1,IT,5.68,6-10L,After Understanding,32,0,22,No,Yes,Difficulty,2
L5178,3,Mechanical,8.3,3-6L,After Counselling,32,4,12,No,No,Trust,9
L5179,4,ECE,9.89,<3L,After Application,24,2,5,No,Yes,Trust,7
L5180,2,ECE,5.56,10L+,Before Counselling,44,3,6,No,Yes,Trust,9
L5181,4,ECE,7.31,<3L,After Counselling,21,3,7,Yes,Yes,Trust,4
L5182,1,ECE,5.9,6-10L,After Understanding,12,1,23,No,Yes,Job,3
L5183,4,Mechanical,8.73,<3L,Before Counselling,20,2,15,No,No,Fee,3
L5184,3,CSE,5.59,<3L,After Counselling,37,4,8,Yes,Yes,Time,3
L5185,4,Mechanical,6.2,3-6L,After Understanding,20,1,7,No,No,Time,1
L5186,3,CSE,5.98,6-10L,After Counselling,2,3,15,No,Yes,Time,8
L5187,2,Civil,7.76,<3L,After Understanding,14,0,23,No,Yes,Fee,7
L5188,4,Civil,9.37,<3L,After Application,17,4,17,No,No,Difficulty,4
L5189,2,CSE,7.56,3-6L,After Counselling,24,1,5,No,No,Time,2
L5190,2,Mechanical,5.29,<3L,After Counselling,30,2,19,Yes,No,Time,7
L5191,3,IT,7.82,3-6L,Before Counselling,15,0,8,No,No,Job,8
L5192,3,Mechanical,8.99,6-10L,After Application,34,1,24,No,No,Time,1
L5193,4,IT,5.66,6-10L,Before Counselling,8,4,20,Yes,No,Time,8
L5194,2,Mechanical,5.36,6-10L,After Counselling,42,0,15,No,No,Difficulty,2
L5195,3,ECE,5.94,10L+,After Application,3,1,16,Yes,No,Time,6
L5196,3,ECE,8.73,6-10L,After Understanding,11,1,22,Yes,No,Time,8
L5197,1,Civil,7.96,10L+,After Application,27,4,7,Yes,No,Fee,8
L5198,2,Civil,7.7,<3L,After Application,9,2,11,Yes,No,Job,9
L5199,2,CSE,6.25,3-6L,After Understanding,15,0,4,Yes,No,Fee,2
L5200,2,IT,6.66,10L+,After Counselling,32,1,14,No,No,Time,2
L5201,4,ECE,9.83,3-6L,After Counselling,11,4,20,No,Yes,Job,5
L5202,3,Mechanical,6.2,6-10L,Before Counselling,3,1,22,Yes,Yes,Difficulty,3
L5203,3,CSE,9.51,<3L,After Counselling,26,4,19,No,Yes,Fee,8
L5204,4,Mechanical,7.9,6-10L,After Counselling,7,4,4,No,No,Difficulty,8
L5205,2,ECE,5.62,3-6L,After Understanding,28,1,23,No,No,Time,8
L5206,4,ECE,7.34,<3L,Before Counselling,39,4,4,Yes,Yes,Time,8
L5207,2,ECE,9.74,<3L,After Application,4,0,18,No,No,Job,8
L5208,4,ECE,7.09,<3L,Before Counselling,30,4,24,Yes,No,Difficulty,5
L5209,1,Mechanical,9.32,10L+,After Counselling,38,2,8,Yes,Yes,Time,7
L5210,4,CSE,6.28,3-6L,Before Counselling,14,2,3,No,Yes,Difficulty,1
L5211,2,ECE,7.85,10L+,After Application,36,4,6,No,No,Difficulty,1
L5212,2,Civil,9.22,3-6L,After Understanding,31,0,10,Yes,No,Job,8
L5213,3,CSE,9.6,10L+,After Counselling,19,3,4,No,No,Job,5
L5214,2,Civil,7.43,3-6L,After Counselling,12,3,9,Yes,No,Time,4
L5215,3,Mechanical,8.2,<3L,After Application,15,0,5,Yes,Yes,Time,7
L5216,2,ECE,5.01,<3L,After Understanding,9,2,4,No,No,Difficulty,8
L5217,3,CSE,6.27,10L+,Before Counselling,27,4,19,No,No,Fee,7
L5218,2,ECE,6.39,<3L,After Application,20,1,16,No,Yes,Time,9
L5219,1,ECE,5.47,<3L,Before Counselling,28,4,12,No,No,Difficulty,9
L5220,2,CSE,6.4,<3L,After Understanding,25,4,6,No,Yes,Difficulty,9
L5221,2,ECE,6.61,<3L,After Understanding,16,3,17,Yes,Yes,Trust,9
L5222,1,ECE,9.84,6-10L,After Understanding,18,4,20,No,Yes,Trust,9
L5223,2,IT,8.34,3-6L,After Understanding,36,3,5,Yes,No,Fee,1
L5224,2,IT,7.13,3-6L,Before Counselling,4,1,23,No,No,Job,5
L5225,1,CSE,9.94,10L+,After Application,21,4,12,No,No,Fee,1
L5226,3,CSE,5.77,3-6L,After Application,27,0,13,No,Yes,Fee,6
L5227,4,ECE,7.38,6-10L,Before Counselling,1,4,6,No,Yes,Time,7
L5228,1,Civil,8.24,<3L,After Understanding,5,0,11,No,No,Difficulty,5
L5229,3,CSE,5.28,10L+,After Understanding,44,3,11,No,No,Fee,2
L5230,3,ECE,8.58,<3L,After Counselling,46,4,20,Yes,Yes,Job,9
L5231,2,Civil,5.5,6-10L,After Counselling,10,3,6,No,No,Difficulty,8
L5232,3,IT,5.7,3-6L,Before Counselling,21,0,6,No,No,Time,1
L5233,2,CSE,5.8,<3L,After Application,10,3,5,No,Yes,Trust,8
L5234,3,ECE,9.64,<3L,After Counselling,26,2,5,No,No,Fee,1
L5235,1,IT,8.42,<3L,After Counselling,16,0,3,Yes,Yes,Difficulty,5
L5236,3,Mechanical,8.28,<3L,After Application,38,3,4,No,No,Trust,7
L5237,3,IT,7.78,3-6L,After Counselling,3,4,5,No,No,Time,6
L5238,1,ECE,6.46,10L+,After Application,20,3,9,No,No,Job,2
L5239,2,Civil,8.1,3-6L,Before Counselling,47,1,10,No,No,Time,3
L5240,4,Mechanical,7.05,3-6L,After Counselling,5,0,23,No,No,Job,6
L5241,2,Mechanical,5.73,<3L,After Understanding,6,3,9,Yes,No,Job,3
L5242,3,Mechanical,8.45,<3L,Before Counselling,25,2,13,No,No,Job,1
L5243,4,CSE,5.65,3-6L,After Counselling,25,1,11,No,No,Time,2
L5244,3,ECE,5.95,10L+,After Application,12,0,6,Yes,No,Fee,9
L5245,3,Mechanical,9.09,6-10L,Before Counselling,1,1,6,Yes,No,Trust,3
L5246,3,IT,8.3,<3L,After Counselling,42,4,16,Yes,No,Difficulty,3
L5247,4,Civil,8.15,3-6L,Before Counselling,3,2,21,Yes,No,Fee,5
L5248,2,ECE,7.09,3-6L,After Understanding,21,4,4,Yes,No,Fee,1
L5249,2,IT,6.98,3-6L,After Counselling,5,3,3,No,No,Difficulty,1
L5250,2,CSE,8.45,3-6L,After Counselling,15,1,16,No,No,Difficulty,1
L5251,4,Mechanical,8.7,6-10L,After Application,4,4,14,No,No,Trust,4
L5252,3,IT,7.55,<3L,Before Counselling,19,3,13,Yes,No,Fee,9
L5253,1,ECE,9.85,10L+,After Understanding,17,2,15,Yes,No,Trust,5
L5254,4,IT,9.78,<3L,After Application,8,4,13,No,Yes,Fee,8
L5255,2,CSE,7.06,3-6L,After Counselling,37,1,16,No,Yes,Difficulty,3
L5256,1,Civil,9.1,10L+,After Application,24,4,22,No,No,Job,4
L5257,3,Mechanical,7.72,3-6L,After Application,4,2,23,No,Yes,Trust,5
L5258,2,ECE,7.56,<3L,After Understanding,24,3,14,No,No,Trust,2
L5259,4,Mechanical,5.27,<3L,After Counselling,19,4,4,Yes,Yes,Job,3
L5260,2,Mechanical,7.87,3-6L,After Understanding,24,4,16,Yes,No,Fee,1
L5261,4,Mechanical,9.5,<3L,After Counselling,41,0,21,Yes,No,Job,7
L5262,3,IT,8.9,3-6L,Before Counselling,45,3,19,Yes,Yes,Job,6
L5263,1,IT,8.93,<3L,Before Counselling,21,0,7,No,No,Time,2
L5264,4,Civil,5.8,6-10L,After Understanding,17,0,16,No,No,Fee,9
L5265,3,CSE,6.79,<3L,After Application,8,2,13,No,No,Job,3
L5266,2,ECE,6.17,3-6L,After Counselling,31,2,3,No,No,Job,3
L5267,2,IT,6.58,3-6L,After Counselling,19,1,6,Yes,Yes,Time,1
L5268,4,Mechanical,7.9,3-6L,After Understanding,11,3,18,No,No,Time,7
L5269,2,CSE,6.82,<3L,After Application,46,3,14,No,No,Time,1
L5270,1,ECE,7.8,3-6L,After Application,23,2,14,Yes,Yes,Difficulty,8
L5271,1,ECE,7.19,3-6L,After Counselling,37,2,5,No,Yes,Trust,2
L5272,2,ECE,6.43,<3L,Before Counselling,28,0,17,Yes,No,Time,3
L5273,3,ECE,5.48,6-10L,After Counselling,23,2,9,No,No,Fee,9
L5274,2,Civil,9.46,6-10L,Before Counselling,12,4,4,No,No,Difficulty,8
L5275,2,ECE,5.06,<3L,After Understanding,16,3,21,No,Yes,Trust,6
L5276,1,CSE,5.01,3-6L,After Application,16,1,3,No,Yes,Difficulty,7
L5277,2,IT,9.13,3-6L,After Counselling,14,0,22,No,No,Time,1
L5278,4,CSE,9.98,<3L,After Understanding,7,4,4,Yes,Yes,Job,1
L5279,2,Mechanical,8.64,<3L,After Application,21,2,12,No,Yes,Job,2
L5280,4,Civil,5.08,10L+,Before Counselling,21,1,12,No,No,Difficulty,6
L5281,2,Civil,6.13,3-6L,After Understanding,41,2,11,No,Yes,Trust,7
L5282,1,Mechanical,9.86,10L+,After Understanding,35,4,24,No,No,Trust,2
L5283,4,CSE,9.04,3-6L,After Counselling,46,1,12,Yes,No,Fee,3
L5284,2,CSE,7.83,<3L,After Understanding,24,2,18,No,Yes,Time,2
L5285,3,Mechanical,6.18,<3L,After Understanding,1,4,8,Yes,No,Job,2
L5286,4,ECE,5.07,6-10L,After Counselling,14,4,2,Yes,No,Trust,1
L5287,1,ECE,5.1,3-6L,After Understanding,20,1,21,No,Yes,Fee,1
L5288,1,IT,8.06,<3L,Before Counselling,28,4,16,No,No,Difficulty,8
L5289,3,CSE,5.11,3-6L,After Counselling,18,2,8,No,Yes,Fee,2
L5290,2,CSE,9.97,6-10L,Before Counselling,3,1,5,No,Yes,Job,8
L5291,1,Mechanical,5.92,6-10L,After Counselling,27,0,24,No,Yes,Time,9
L5292,1,Mechanical,8.55,<3L,After Application,6,4,4,No,No,Fee,8
L5293,1,ECE,5.78,<3L,After Understanding,4,2,21,No,No,Difficulty,4
L5294,3,CSE,7.7,10L+,After Application,1,1,4,No,Yes,Fee,9
L5295,1,CSE,5.4,6-10L,Before Counselling,21,0,21,No,No,Difficulty,1
L5296,2,Civil,8.83,<3L,After Application,35,0,11,Yes,Yes,Fee,3
L5297,3,IT,7.92,6-10L,Before Counselling,28,3,4,No,Yes,Job,3
L5298,2,IT,5.43,<3L,After Application,18,3,6,No,Yes,Trust,6
L5299,1,ECE,9.24,<3L,Before Counselling,35,1,21,No,Yes,Time,6
L5300,3,CSE,7.74,<3L,After Understanding,21,4,20,No,No,Difficulty,7
L5301,1,Civil,9.61,<3L,After Application,16,2,22,No,No,Job,7
L5302,3,CSE,9.58,6-10L,Before Counselling,26,4,11,Yes,No,Difficulty,9
L5303,4,Mechanical,9.6,3-6L,Before Counselling,39,2,10,No,No,Trust,6
L5304,2,ECE,5.39,<3L,After Application,9,2,12,No,No,Difficulty,2
L5305,3,IT,5.6,6-10L,After Application,23,3,2,Yes,No,Trust,5
L5306,2,CSE,9.94,6-10L,After Application,2,3,21,No,Yes,Trust,1
L5307,2,ECE,7.44,<3L,After Understanding,3,4,14,Yes,Yes,Difficulty,3
L5308,4,IT,6.19,3-6L,After Understanding,33,1,24,Yes,Yes,Job,4
L5309,4,CSE,8.85,6-10L,After Understanding,24,2,5,No,Yes,Fee,5
L5310,2,Civil,6.32,6-10L,After Application,23,3,24,No,No,Job,8
L5311,3,ECE,8.64,6-10L,Before Counselling,6,1,22,Yes,Yes,Job,4
L5312,4,CSE,9.19,<3L,Before Counselling,21,3,11,No,No,Job,8
L5313,4,IT,8.92,<3L,Before Counselling,47,2,5,No,Yes,Difficulty,8
L5314,3,IT,6.37,6-10L,After Counselling,5,0,9,No,No,Fee,7
L5315,2,Civil,7.01,6-10L,After Application,13,3,18,No,No,Fee,9
L5316,2,ECE,7.07,<3L,Before Counselling,40,1,3,Yes,No,Trust,9
L5317,4,ECE,7.46,<3L,After Application,13,4,22,No,No,Fee,7
L5318,1,CSE,5.84,6-10L,After Application,19,4,8,No,Yes,Job,6
L5319,3,IT,7.26,<3L,Before Counselling,9,2,4,No,No,Difficulty,3
L5320,2,IT,7.55,<3L,After Application,3,0,22,Yes,No,Fee,1
L5321,2,Civil,7.66,<3L,After Counselling,31,3,12,No,No,Trust,2
L5322,2,Civil,9.1,3-6L,After Counselling,46,3,19,No,No,Fee,5
L5323,4,ECE,7.59,<3L,Before Counselling,39,0,7,Yes,Yes,Difficulty,9
L5324,1,IT,6.15,3-6L,After Application,13,2,23,Yes,Yes,Job,9
L5325,3,CSE,8.32,<3L,After Counselling,41,2,21,No,No,Fee,7
L5326,1,Mechanical,8.99,10L+,Before Counselling,11,1,15,No,No,Difficulty,6
L5327,1,CSE,6.6,10L+,After Understanding,41,1,14,No,No,Trust,7
L5328,2,Civil,8.23,10L+,After Understanding,11,1,3,No,No,Job,6
L5329,3,CSE,5.73,6-10L,After Understanding,46,2,17,Yes,No,Trust,5
L5330,2,IT,6.71,3-6L,After Understanding,47,3,9,No,No,Time,6
L5331,2,ECE,9.55,<3L,After Counselling,1,4,16,No,No,Trust,1
L5332,1,Mechanical,9.56,<3L,Before Counselling,35,2,14,Yes,Yes,Trust,5
L5333,2,ECE,7.88,<3L,After Counselling,35,0,2,No,No,Fee,1
L5334,4,Mechanical,8.51,<3L,After Understanding,3,4,3,No,Yes,Fee,5
L5335,4,Mechanical,9.27,3-6L,After Application,4,2,5,Yes,No,Trust,2
L5336,2,IT,9.79,10L+,After Understanding,24,2,14,No,Yes,Difficulty,5
L5337,3,IT,7.45,3-6L,After Application,30,1,13,No,Yes,Time,4
L5338,4,Civil,7.81,3-6L,Before Counselling,32,3,13,No,Yes,Fee,4
L5339,1,Civil,7.08,3-6L,After Counselling,20,3,2,No,Yes,Job,6
L5340,4,Mechanical,5.36,<3L,After Application,36,4,7,Yes,No,Difficulty,8
L5341,4,Civil,7.11,10L+,After Understanding,13,2,12,Yes,Yes,Fee,6
L5342,1,IT,8.95,3-6L,After Counselling,39,1,17,No,Yes,Job,1
L5343,1,Civil,9.02,<3L,After Application,4,0,3,Yes,No,Job,9
L5344,4,Mechanical,9.46,10L+,Before Counselling,28,2,4,No,No,Trust,4
L5345,3,ECE,5.26,3-6L,After Application,40,1,12,No,Yes,Time,7
L5346,1,CSE,7.64,3-6L,After Application,43,0,10,No,Yes,Fee,1
L5347,2,Civil,5.54,3-6L,Before Counselling,7,0,8,No,No,Trust,9
L5348,2,IT,6.0,6-10L,After Counselling,9,4,5,No,No,Trust,3
L5349,3,ECE,9.5,<3L,Before Counselling,22,3,11,Yes,Yes,Time,3
L5350,3,IT,7.48,6-10L,After Counselling,4,3,2,No,Yes,Difficulty,8
L5351,4,Civil,8.79,10L+,After Counselling,36,4,14,No,No,Trust,2
L5352,2,Mechanical,5.32,3-6L,After Counselling,33,2,5,No,No,Difficulty,9
L5353,3,CSE,7.08,3-6L,After Application,6,1,14,No,No,Time,3
L5354,3,CSE,8.37,6-10L,After Understanding,3,3,23,No,No,Trust,2
L5355,2,ECE,5.67,<3L,After Understanding,35,4,12,Yes,No,Fee,5
L5356,1,CSE,6.63,10L+,After Application,33,3,16,No,No,Difficulty,9
L5357,4,Mechanical,5.32,3-6L,After Counselling,7,3,14,Yes,Yes,Time,9
L5358,4,IT,8.26,3-6L,Before Counselling,41,3,5,Yes,No,Job,8
L5359,2,Mechanical,9.85,3-6L,Before Counselling,35,2,7,No,Yes,Trust,8
L5360,3,ECE,9.14,3-6L,After Understanding,47,4,3,No,No,Trust,7
L5361,2,ECE,9.87,<3L,After Counselling,3,3,3,Yes,No,Trust,3
L5362,3,CSE,9.23,6-10L,After Application,43,3,7,No,Yes,Fee,3
L5363,3,Mechanical,9.28,3-6L,After Application,18,4,4,No,Yes,Fee,5
L5364,3,IT,7.89,6-10L,After Understanding,3,0,21,No,No,Job,9
L5365,4,Mechanical,7.59,<3L,After Counselling,39,2,12,Yes,No,Trust,1
L5366,3,IT,7.03,3-6L,Before Counselling,27,2,16,No,Yes,Time,3
L5367,2,IT,9.09,6-10L,Before Counselling,9,1,22,Yes,No,Fee,9
L5368,3,Mechanical,5.91,10L+,After Application,17,1,10,Yes,No,Fee,7
L5369,1,Civil,5.28,6-10L,After Understanding,41,0,22,No,No,Job,2
L5370,2,Mechanical,9.74,6-10L,After Application,42,1,22,No,Yes,Time,2
L5371,2,IT,5.02,<3L,Before Counselling,45,3,8,No,Yes,Difficulty,1
L5372,2,ECE,9.88,6-10L,After Application,5,3,16,Yes,No,Fee,3
L5373,3,ECE,8.64,<3L,After Counselling,46,1,23,No,Yes,Time,4
L5374,2,CSE,6.64,<3L,Before Counselling,4,2,11,Yes,Yes,Difficulty,1
L5375,3,ECE,8.49,<3L,Before Counselling,14,0,12,No,No,Fee,1
L5376,3,Civil,9.09,6-10L,After Application,29,3,24,No,No,Fee,3
L5377,2,IT,6.23,<3L,After Application,11,0,3,No,No,Time,5
L5378,4,Mechanical,8.85,<3L,After Understanding,22,1,15,No,Yes,Fee,8
L5379,2,Mechanical,9.02,<3L,After Application,42,4,17,No,No,Difficulty,5
L5380,2,Civil,6.25,3-6L,After Counselling,5,0,10,No,No,Fee,7
L5381,3,ECE,5.21,6-10L,After Understanding,12,0,23,No,Yes,Trust,9
L5382,2,IT,6.02,3-6L,After Understanding,21,1,17,No,No,Difficulty,1
L5383,1,ECE,6.0,3-6L,Before Counselling,15,1,2,Yes,No,Time,5
L5384,3,CSE,5.33,<3L,After Counselling,24,3,3,No,Yes,Time,2
L5385,3,ECE,8.63,<3L,After Counselling,13,4,8,No,No,Fee,1
L5386,2,CSE,6.9,<3L,After Understanding,32,4,13,No,Yes,Difficulty,7
L5387,4,Mechanical,9.42,3-6L,After Understanding,26,0,19,No,No,Time,7
L5388,3,IT,6.26,3-6L,Before Counselling,40,4,7,Yes,No,Trust,1
L5389,4,CSE,7.27,<3L,After Application,26,1,3,No,No,Job,7
L5390,1,ECE,8.2,6-10L,After Counselling,36,1,15,No,Yes,Trust,6
L5391,3,ECE,9.39,10L+,After Counselling,45,1,17,No,No,Trust,6
L5392,4,Mechanical,7.62,<3L,Before Counselling,30,0,11,No,No,Difficulty,1
L5393,3,Civil,6.87,<3L,After Understanding,47,2,6,No,No,Fee,7
L5394,3,Civil,9.34,6-10L,After Counselling,9,1,23,No,No,Time,1
L5395,2,ECE,6.55,<3L,Before Counselling,24,4,17,No,No,Fee,5
L5396,1,Civil,5.4,<3L,After Understanding,38,4,8,Yes,No,Difficulty,1
L5397,2,IT,7.23,<3L,Before Counselling,18,1,16,No,Yes,Difficulty,1
L5398,2,Civil,8.93,10L+,After Counselling,9,2,14,No,Yes,Time,8
L5399,4,IT,5.15,3-6L,After Understanding,22,0,18,Yes,No,Trust,5
L5400,2,ECE,7.93,<3L,Before Counselling,38,1,19,No,Yes,Difficulty,5
L5401,4,ECE,7.97,<3L,Before Counselling,21,0,19,Yes,No,Time,3
L5402,4,ECE,9.64,<3L,Before Counselling,7,2,18,No,No,Trust,2
L5403,2,Mechanical,6.43,<3L,After Counselling,12,1,4,No,No,Job,4
L5404,2,Civil,6.39,3-6L,After Counselling,36,1,13,No,Yes,Job,1
L5405,4,CSE,7.2,6-10L,After Application,11,1,7,No,No,Difficulty,7
L5406,4,CSE,6.78,<3L,After Counselling,3,3,13,No,Yes,Time,8
L5407,2,ECE,8.68,<3L,Before Counselling,27,1,12,No,No,Job,2
L5408,2,Civil,8.21,<3L,After Counselling,7,1,10,No,No,Fee,1
L5409,3,IT,8.79,<3L,Before Counselling,2,2,20,No,Yes,Fee,7
L5410,3,CSE,9.1,10L+,Before Counselling,10,2,20,No,No,Time,6
L5411,2,ECE,9.61,<3L,Before Counselling,3,3,3,Yes,Yes,Fee,5
L5412,3,CSE,7.15,<3L,After Understanding,17,1,14,Yes,Yes,Difficulty,6
L5413,1,CSE,9.92,<3L,After Application,43,4,19,No,Yes,Job,6
L5414,1,CSE,6.08,3-6L,After Application,1,0,24,Yes,No,Job,9
L5415,2,ECE,8.57,10L+,Before Counselling,34,1,5,Yes,No,Time,4
L5416,2,ECE,7.67,<3L,After Counselling,13,3,23,No,Yes,Trust,1
L5417,2,Mechanical,9.08,3-6L,After Application,14,4,15,Yes,Yes,Job,4
L5418,2,Mechanical,7.38,<3L,Before Counselling,17,2,15,No,No,Trust,8
L5419,2,Mechanical,8.92,6-10L,After Counselling,34,0,6,No,No,Trust,4
L5420,1,CSE,9.65,3-6L,After Understanding,17,3,20,Yes,Yes,Time,5
L5421,2,Civil,8.66,3-6L,After Understanding,41,2,3,No,No,Trust,3
L5422,4,ECE,8.88,3-6L,Before Counselling,25,1,17,No,Yes,Trust,6
L5423,2,Mechanical,5.34,10L+,After Counselling,44,3,7,No,No,Time,9
L5424,2,Civil,6.02,3-6L,After Understanding,30,1,12,No,Yes,Time,5
L5425,3,Mechanical,9.87,3-6L,After Understanding,36,3,13,Yes,No,Time,2
L5426,4,Mechanical,8.47,3-6L,After Understanding,11,3,14,Yes,No,Time,3
L5427,2,Civil,7.81,3-6L,After Counselling,21,1,11,No,No,Time,3
L5428,3,Mechanical,6.83,<3L,Before Counselling,20,3,15,No,No,Fee,4
L5429,3,CSE,5.22,<3L,Before Counselling,29,2,5,No,No,Difficulty,3
L5430,3,CSE,6.85,<3L,After Understanding,4,2,3,No,Yes,Job,1
L5431,1,CSE,7.49,3-6L,Before Counselling,34,0,20,Yes,Yes,Time,9
L5432,3,IT,6.06,3-6L,After Application,42,0,20,No,No,Trust,7
L5433,1,Mechanical,5.87,<3L,After Understanding,41,3,16,Yes,Yes,Job,4
L5434,3,IT,7.54,3-6L,After Counselling,17,2,10,No,No,Time,9
L5435,3,ECE,7.93,6-10L,Before Counselling,12,1,5,No,No,Fee,2
L5436,2,Civil,6.2,<3L,After Counselling,4,3,23,Yes,No,Trust,9
L5437,4,ECE,7.94,<3L,Before Counselling,41,1,14,Yes,No,Fee,9
L5438,1,IT,9.5,6-10L,After Counselling,14,4,10,No,No,Difficulty,2
L5439,4,CSE,7.37,3-6L,After Counselling,4,0,13,No,No,Difficulty,7
L5440,2,Mechanical,9.29,<3L,Before Counselling,34,3,15,Yes,Yes,Time,4
L5441,2,Mechanical,9.64,3-6L,After Understanding,18,3,13,No,Yes,Difficulty,5
L5442,1,CSE,5.46,3-6L,After Understanding,13,1,23,No,No,Time,5
L5443,4,Mechanical,5.48,3-6L,After Counselling,10,0,14,No,No,Time,9
L5444,1,Civil,7.38,3-6L,After Application,14,1,19,No,Yes,Difficulty,6
L5445,1,Civil,7.94,3-6L,After Counselling,9,1,6,No,No,Difficulty,1
L5446,2,Civil,7.13,6-10L,After Application,43,0,20,No,No,Fee,5
L5447,3,ECE,6.63,<3L,After Understanding,20,4,4,No,No,Fee,1
L5448,3,CSE,8.2,6-10L,After Application,1,2,18,Yes,No,Fee,7
L5449,1,Civil,5.01,10L+,Before Counselling,44,2,21,No,Yes,Trust,3
L5450,2,IT,9.84,<3L,After Application,29,4,8,No,No,Trust,2
L5451,2,Civil,6.16,6-10L,Before Counselling,17,0,4,No,No,Job,7
L5452,2,ECE,9.59,<3L,After Counselling,8,3,8,No,No,Time,9
L5453,2,IT,5.55,<3L,After Application,17,0,7,No,Yes,Time,5
L5454,3,CSE,6.19,10L+,Before Counselling,21,1,15,No,No,Trust,4
L5455,2,CSE,6.17,<3L,After Counselling,25,0,2,Yes,Yes,Trust,5
L5456,2,Civil,9.98,<3L,After Application,20,2,15,No,No,Time,7
L5457,2,IT,5.02,3-6L,After Application,25,3,22,Yes,Yes,Job,4
L5458,4,IT,8.2,3-6L,Before Counselling,21,4,23,Yes,No,Difficulty,9
L5459,4,Civil,9.35,3-6L,After Counselling,13,0,12,Yes,No,Job,6
L5460,4,Civil,8.36,<3L,Before Counselling,13,3,10,Yes,Yes,Trust,3
L5461,2,Mechanical,6.81,<3L,After Application,47,3,11,Yes,No,Trust,2
L5462,1,Mechanical,9.79,<3L,After Counselling,30,2,23,No,No,Difficulty,4
L5463,2,Civil,9.47,3-6L,After Understanding,13,1,12,No,Yes,Difficulty,9
L5464,2,ECE,7.17,3-6L,After Understanding,40,3,19,No,Yes,Job,2
L5465,3,Mechanical,7.87,3-6L,After Understanding,7,3,18,No,No,Time,3
L5466,3,Civil,9.84,3-6L,After Application,42,0,15,No,Yes,Time,3
L5467,4,IT,9.91,<3L,After Understanding,12,4,18,No,No,Fee,5
L5468,4,Mechanical,7.25,6-10L,After Application,2,0,8,No,Yes,Job,5
L5469,2,ECE,9.24,<3L,After Counselling,14,2,9,Yes,No,Trust,7
L5470,3,CSE,6.51,<3L,Before Counselling,42,3,9,No,No,Fee,1
L5471,2,IT,6.86,6-10L,After Application,17,1,20,No,Yes,Job,2
L5472,1,ECE,5.82,<3L,After Counselling,13,3,6,No,No,Time,5
L5473,3,ECE,6.05,3-6L,After Counselling,1,1,8,No,Yes,Difficulty,5
L5474,1,ECE,8.28,<3L,After Counselling,47,1,14,No,No,Trust,7
L5475,2,IT,7.55,3-6L,Before Counselling,1,1,16,Yes,Yes,Fee,7
L5476,2,ECE,6.16,<3L,After Application,47,4,15,No,Yes,Difficulty,3
L5477,3,CSE,7.01,10L+,After Counselling,26,0,22,No,No,Trust,4
L5478,3,Mechanical,6.87,<3L,After Understanding,47,2,16,No,No,Time,2
L5479,2,IT,9.94,3-6L,After Understanding,46,4,15,No,No,Time,2
L5480,4,ECE,9.27,6-10L,After Counselling,13,4,14,No,Yes,Time,3
L5481,2,Civil,6.94,3-6L,After Understanding,34,1,21,Yes,Yes,Job,7
L5482,2,Mechanical,9.57,3-6L,After Understanding,40,4,5,No,No,Trust,6
L5483,3,IT,6.71,3-6L,After Application,9,2,23,No,No,Job,1
L5484,3,Civil,8.34,3-6L,Before Counselling,19,2,10,No,Yes,Time,9
L5485,4,Civil,9.83,6-10L,After Application,23,3,15,No,Yes,Trust,1
L5486,2,ECE,6.95,<3L,After Counselling,41,4,18,Yes,No,Trust,7
L5487,3,IT,8.4,6-10L,After Counselling,28,3,2,No,No,Time,8
L5488,3,ECE,6.48,3-6L,After Understanding,30,2,2,Yes,Yes,Job,6
L5489,4,CSE,6.33,6-10L,After Application,7,4,5,No,No,Fee,1
L5490,1,Civil,7.87,<3L,After Counselling,14,1,21,Yes,Yes,Time,2
L5491,3,CSE,9.9,6-10L,After Counselling,2,1,9,No,No,Time,7
L5492,3,ECE,7.27,<3L,After Understanding,12,4,6,No,Yes,Fee,5
L5493,2,Mechanical,9.69,6-10L,After Understanding,43,3,15,Yes,No,Fee,9
L5494,2,Civil,9.57,3-6L,After Counselling,2,3,21,No,No,Trust,8
L5495,2,Mechanical,6.27,3-6L,After Application,28,1,24,Yes,Yes,Fee,4
L5496,3,IT,7.01,3-6L,Before Counselling,28,3,15,No,No,Trust,5
L5497,4,Civil,8.22,<3L,After Application,12,1,23,No,Yes,Fee,3
L5498,3,CSE,7.59,3-6L,After Understanding,30,0,3,No,Yes,Job,2
L5499,3,Mechanical,5.48,<3L,After Counselling,47,1,22,Yes,No,Trust,5
L5500,3,IT,9.97,3-6L,After Understanding,40,0,13,No,No,Job,4
L5501,1,Civil,8.76,6-10L,After Counselling,40,4,19,No,No,Fee,7
L5502,2,IT,7.19,<3L,After Counselling,22,0,7,No,No,Job,1
L5503,2,CSE,8.09,3-6L,Before Counselling,18,2,10,No,No,Time,6
L5504,2,Civil,5.44,3-6L,After Understanding,14,3,10,No,No,Fee,9
L5505,1,IT,7.48,<3L,Before Counselling,25,0,23,No,No,Trust,6
L5506,3,ECE,9.65,10L+,After Application,10,2,5,No,No,Fee,9
L5507,2,Civil,9.48,3-6L,After Understanding,36,2,11,No,Yes,Difficulty,2
L5508,2,Civil,6.69,<3L,Before Counselling,9,3,13,No,No,Time,8
L5509,2,Civil,7.66,<3L,After Understanding,11,1,22,No,No,Trust,9
L5510,1,Civil,8.49,3-6L,Before Counselling,27,2,9,No,No,Fee,3
L5511,4,ECE,6.7,<3L,Before Counselling,13,0,22,No,Yes,Time,6
L5512,4,CSE,5.32,<3L,After Understanding,1,3,23,Yes,Yes,Trust,5
L5513,3,ECE,7.53,<3L,After Application,39,0,21,Yes,No,Time,6
L5514,1,ECE,8.01,3-6L,Before Counselling,11,1,17,No,No,Trust,9
L5515,3,IT,5.03,3-6L,Before Counselling,3,3,13,Yes,Yes,Time,3
L5516,4,Mechanical,5.48,<3L,After Understanding,2,2,18,Yes,Yes,Trust,8
L5517,3,Mechanical,6.04,3-6L,After Application,46,0,18,Yes,No,Trust,7
L5518,1,IT,6.74,10L+,After Understanding,42,0,22,No,No,Difficulty,9
L5519,3,ECE,7.71,10L+,After Counselling,24,2,20,No,No,Trust,4
L5520,4,IT,6.47,6-10L,After Understanding,20,2,8,No,Yes,Difficulty,3
L5521,3,Civil,6.38,6-10L,After Counselling,40,1,21,No,No,Fee,9
L5522,3,IT,9.35,<3L,Before Counselling,15,1,5,No,Yes,Fee,3
L5523,2,IT,5.73,<3L,After Application,6,2,21,Yes,Yes,Time,3
L5524,3,Civil,7.48,3-6L,After Application,20,3,23,No,No,Job,1
L5525,1,Mechanical,9.76,3-6L,After Understanding,22,2,10,No,No,Job,4
L5526,3,Civil,8.13,6-10L,After Counselling,2,2,13,No,No,Fee,7
L5527,1,CSE,8.59,<3L,After Understanding,15,4,14,No,No,Difficulty,8
L5528,2,IT,7.16,3-6L,After Application,34,3,10,No,No,Trust,2
L5529,2,IT,5.1,3-6L,After Counselling,46,3,12,Yes,Yes,Time,7
L5530,3,Mechanical,8.23,3-6L,After Application,31,1,6,No,Yes,Trust,9
L5531,1,ECE,8.16,3-6L,After Counselling,30,1,9,Yes,Yes,Trust,4
L5532,3,Civil,5.55,<3L,After Understanding,28,1,21,No,No,Job,9
L5533,3,ECE,7.31,10L+,Before Counselling,33,0,13,Yes,Yes,Fee,4
L5534,1,CSE,9.58,3-6L,Before Counselling,41,3,17,Yes,No,Difficulty,1
L5535,1,Civil,6.03,3-6L,After Counselling,21,4,11,No,No,Job,6
L5536,1,CSE,7.31,<3L,After Counselling,46,1,16,Yes,No,Trust,4
L5537,4,CSE,7.31,3-6L,Before Counselling,23,1,13,No,No,Trust,5
L5538,3,CSE,9.05,<3L,After Understanding,42,1,15,No,No,Fee,8
L5539,2,Civil,9.12,<3L,After Understanding,13,1,14,No,Yes,Difficulty,2
L5540,1,Civil,8.8,<3L,After Application,45,1,17,Yes,Yes,Fee,9
L5541,3,Mechanical,6.83,<3L,After Application,26,0,11,Yes,No,Time,3
L5542,4,IT,5.36,3-6L,Before Counselling,19,4,9,No,No,Time,3
L5543,4,ECE,6.75,<3L,Before Counselling,27,3,21,No,No,Job,6
L5544,3,ECE,8.4,6-10L,Before Counselling,40,4,15,Yes,No,Fee,5
L5545,1,CSE,8.51,<3L,After Counselling,7,2,6,No,No,Trust,6
L5546,1,Civil,9.83,<3L,After Application,25,3,7,Yes,No,Time,5
L5547,1,Civil,7.27,6-10L,Before Counselling,40,1,22,Yes,No,Job,8
L5548,2,CSE,8.16,<3L,Before Counselling,36,2,10,No,No,Time,9
L5549,1,IT,7.7,<3L,After Application,7,2,14,No,Yes,Time,2
L5550,2,ECE,5.75,<3L,Before Counselling,20,2,14,Yes,Yes,Time,9
L5551,2,Mechanical,7.31,6-10L,Before Counselling,24,2,3,No,Yes,Time,8
L5552,4,IT,7.72,6-10L,After Understanding,28,1,23,No,No,Fee,1
L5553,3,Civil,9.75,<3L,After Application,5,2,14,No,No,Trust,8
L5554,4,CSE,6.83,3-6L,After Understanding,36,4,3,Yes,No,Fee,7
L5555,3,ECE,9.9,3-6L,After Application,31,1,16,No,No,Job,1
L5556,1,CSE,7.71,10L+,Before Counselling,33,2,22,Yes,No,Job,3
L5557,3,Civil,6.21,<3L,After Counselling,24,2,13,No,No,Job,6
L5558,2,CSE,5.96,6-10L,After Counselling,10,4,11,No,No,Trust,1
L5559,3,ECE,5.71,<3L,After Understanding,38,0,22,No,Yes,Fee,5
L5560,2,CSE,7.26,<3L,After Counselling,44,0,5,No,No,Job,6
L5561,4,ECE,5.11,<3L,After Counselling,5,4,9,No,Yes,Fee,2
L5562,2,CSE,7.23,6-10L,After Understanding,31,0,5,No,No,Trust,7
L5563,2,CSE,9.94,3-6L,Before Counselling,9,3,3,Yes,No,Trust,7
L5564,4,ECE,8.35,3-6L,After Application,32,3,19,Yes,No,Job,6
L5565,1,CSE,8.8,3-6L,Before Counselling,41,3,19,No,No,Fee,6
L5566,3,IT,5.6,3-6L,After Understanding,5,0,15,Yes,Yes,Difficulty,6
L5567,3,Mechanical,7.37,6-10L,Before Counselling,27,3,11,Yes,No,Trust,9
L5568,4,IT,6.43,<3L,Before Counselling,28,3,13,Yes,Yes,Job,9
L5569,4,Mechanical,9.47,3-6L,After Understanding,43,0,9,Yes,No,Trust,2
L5570,4,IT,5.91,<3L,After Understanding,12,4,23,Yes,No,Fee,9
L5571,1,Mechanical,7.29,3-6L,After Understanding,5,1,18,No,Yes,Difficulty,2
L5572,4,CSE,7.94,6-10L,After Counselling,8,3,13,No,Yes,Difficulty,3
L5573,3,ECE,7.57,3-6L,After Understanding,17,0,21,No,No,Difficulty,9
L5574,3,ECE,9.15,6-10L,After Understanding,8,1,4,No,Yes,Difficulty,3
L5575,1,Civil,6.16,<3L,After Understanding,34,1,11,Yes,No,Time,4
L5576,3,Mechanical,6.89,3-6L,After Understanding,23,2,12,No,No,Fee,5
L5577,4,Civil,8.96,<3L,Before Counselling,18,1,15,Yes,No,Difficulty,1
L5578,4,Civil,7.64,10L+,After Understanding,10,3,8,Yes,No,Fee,2
L5579,2,Mechanical,7.01,<3L,After Application,39,4,6,Yes,Yes,Time,6
L5580,1,ECE,5.15,3-6L,After Understanding,41,3,2,No,Yes,Job,2
L5581,2,Mechanical,8.77,6-10L,After Application,44,2,13,Yes,No,Time,2
L5582,4,CSE,9.86,10L+,After Application,44,1,17,No,No,Trust,4
L5583,3,Civil,8.1,3-6L,After Counselling,5,2,7,No,No,Fee,7
L5584,2,Civil,9.28,<3L,After Counselling,43,3,21,No,No,Job,1
L5585,1,Mechanical,7.58,3-6L,Before Counselling,17,3,11,No,No,Difficulty,6
L5586,2,Civil,6.16,<3L,After Understanding,47,3,16,No,Yes,Job,2
L5587,2,ECE,5.07,3-6L,After Understanding,11,4,16,No,No,Time,6
L5588,4,Civil,8.27,10L+,After Application,47,3,7,No,Yes,Difficulty,4
L5589,3,Mechanical,7.47,<3L,After Understanding,19,3,24,No,No,Time,7
L5590,2,ECE,8.91,3-6L,After Application,21,1,2,No,No,Trust,9
L5591,3,ECE,8.47,6-10L,After Counselling,44,4,7,No,No,Difficulty,1
L5592,1,Civil,9.94,<3L,Before Counselling,3,1,14,Yes,Yes,Fee,6
L5593,4,Mechanical,7.55,3-6L,After Counselling,40,2,12,Yes,No,Difficulty,3
L5594,2,Civil,7.14,6-10L,After Understanding,43,0,21,Yes,No,Job,7
L5595,2,CSE,6.43,10L+,After Application,1,1,21,No,No,Job,6
L5596,2,CSE,7.38,3-6L,After Counselling,24,4,21,No,No,Difficulty,2
L5597,3,ECE,9.36,<3L,After Understanding,36,1,13,No,No,Job,5
L5598,3,Civil,5.21,<3L,After Application,6,0,15,Yes,No,Time,7
L5599,3,CSE,9.89,3-6L,After Understanding,10,1,10,No,Yes,Fee,4
L5600,2,IT,9.97,<3L,After Understanding,47,0,14,No,No,Trust,4
L5601,2,CSE,7.99,<3L,Before Counselling,40,4,5,No,No,Time,2
L5602,1,Civil,6.66,6-10L,After Counselling,46,1,10,No,No,Trust,8
L5603,3,Civil,6.12,6-10L,After Understanding,34,4,2,No,No,Fee,3
L5604,1,CSE,6.38,6-10L,After Understanding,24,4,9,Yes,No,Difficulty,8
L5605,3,Civil,5.25,<3L,Before Counselling,23,2,3,Yes,No,Job,8
L5606,4,Civil,7.38,<3L,Before Counselling,20,2,22,No,No,Difficulty,1
L5607,4,IT,5.29,6-10L,After Application,38,1,14,Yes,No,Difficulty,8
L5608,2,ECE,8.59,6-10L,After Understanding,35,1,14,Yes,Yes,Fee,2
L5609,2,Civil,6.86,6-10L,After Understanding,34,4,2,No,Yes,Time,6
L5610,1,Mechanical,6.0,10L+,After Understanding,46,2,2,Yes,No,Fee,1
L5611,3,ECE,7.72,6-10L,After Understanding,47,1,7,No,No,Difficulty,4
L5612,4,ECE,9.87,3-6L,Before Counselling,36,1,17,Yes,Yes,Trust,7
L5613,2,Mechanical,8.48,<3L,After Counselling,16,1,18,No,Yes,Fee,7
L5614,2,CSE,7.46,3-6L,Before Counselling,23,2,14,No,Yes,Time,6
L5615,4,IT,8.88,3-6L,After Application,44,1,19,No,Yes,Fee,5
L5616,4,Civil,8.69,<3L,Before Counselling,1,4,4,No,No,Job,4
L5617,2,CSE,9.46,6-10L,After Counselling,9,1,16,No,No,Time,7
L5618,3,Mechanical,6.02,<3L,After Understanding,12,3,3,Yes,No,Job,5
L5619,1,IT,9.29,6-10L,After Application,37,0,7,Yes,Yes,Trust,7
L5620,1,IT,6.51,<3L,After Application,17,4,22,No,Yes,Difficulty,1
L5621,4,IT,9.7,3-6L,After Understanding,3,1,21,No,Yes,Job,7
L5622,4,Mechanical,6.41,6-10L,After Counselling,38,3,15,No,Yes,Job,2
L5623,3,CSE,9.63,<3L,Before Counselling,29,2,19,No,Yes,Difficulty,1
L5624,1,Civil,9.82,3-6L,After Understanding,31,4,5,No,No,Trust,9
L5625,4,IT,5.73,<3L,After Counselling,35,4,9,No,No,Difficulty,4
L5626,2,IT,9.87,6-10L,After Counselling,38,1,3,No,Yes,Job,4
L5627,2,CSE,5.43,6-10L,After Counselling,26,2,3,No,Yes,Fee,4
L5628,3,IT,6.09,10L+,After Understanding,13,1,18,No,Yes,Job,2
L5629,1,IT,7.22,6-10L,After Counselling,19,3,5,No,No,Difficulty,3
L5630,3,Mechanical,9.97,6-10L,After Application,32,0,24,Yes,No,Time,3
L5631,3,ECE,7.44,<3L,After Application,47,2,17,Yes,No,Time,1
L5632,1,CSE,7.75,<3L,Before Counselling,27,0,3,Yes,No,Difficulty,8
L5633,1,CSE,8.47,3-6L,Before Counselling,39,3,20,No,Yes,Time,8
L5634,1,CSE,9.84,3-6L,After Counselling,13,4,7,No,Yes,Difficulty,3
L5635,1,Mechanical,8.92,6-10L,After Counselling,34,3,3,No,Yes,Fee,7
L5636,3,Mechanical,6.12,<3L,After Counselling,19,0,10,Yes,Yes,Difficulty,8
L5637,4,Civil,6.51,<3L,Before Counselling,19,2,7,No,No,Fee,5
L5638,1,Mechanical,5.49,3-6L,After Application,3,1,7,No,Yes,Time,3
L5639,1,CSE,8.22,<3L,After Application,3,0,9,Yes,No,Trust,5
L5640,3,Civil,5.9,3-6L,After Understanding,26,2,2,Yes,No,Time,1
L5641,4,ECE,6.29,3-6L,Before Counselling,6,0,17,No,No,Difficulty,5
L5642,2,IT,9.44,6-10L,After Counselling,13,4,11,Yes,Yes,Time,7
L5643,2,IT,6.63,<3L,After Application,46,4,20,No,No,Trust,1
L5644,3,Civil,7.83,10L+,After Understanding,38,1,19,No,Yes,Time,8
L5645,2,ECE,6.99,<3L,After Application,27,4,17,No,No,Trust,7
L5646,1,IT,5.37,<3L,After Understanding,41,3,2,Yes,No,Job,5
L5647,3,Civil,6.81,3-6L,After Counselling,24,1,16,Yes,Yes,Difficulty,1
L5648,3,Mechanical,7.04,<3L,After Counselling,10,0,17,No,No,Difficulty,9
L5649,3,CSE,9.48,<3L,After Application,16,3,12,Yes,Yes,Trust,8
L5650,3,ECE,6.62,<3L,Before Counselling,23,2,7,Yes,Yes,Fee,5
L5651,3,IT,6.9,3-6L,After Application,47,0,15,Yes,Yes,Trust,9
L5652,2,CSE,8.91,6-10L,Before Counselling,12,4,17,No,Yes,Job,3
L5653,2,Civil,8.79,3-6L,After Application,28,0,5,No,No,Difficulty,6
L5654,1,IT,8.99,3-6L,Before Counselling,13,4,23,No,No,Difficulty,6
L5655,1,CSE,9.77,<3L,After Counselling,18,3,9,Yes,Yes,Time,9
L5656,3,Mechanical,8.98,<3L,After Understanding,2,3,24,No,No,Trust,8
L5657,4,ECE,7.04,<3L,Before Counselling,46,3,20,Yes,No,Job,5
L5658,4,Civil,9.11,6-10L,After Counselling,17,1,20,No,Yes,Time,8
L5659,3,IT,7.54,<3L,After Understanding,23,4,23,No,No,Fee,3
L5660,1,Mechanical,6.39,10L+,After Counselling,23,0,2,Yes,No,Time,8
L5661,1,ECE,6.51,<3L,After Counselling,1,0,4,No,Yes,Job,3
L5662,4,ECE,6.12,3-6L,After Counselling,43,0,9,No,No,Trust,7
L5663,3,Mechanical,5.72,10L+,Before Counselling,14,1,14,Yes,No,Fee,3
L5664,3,IT,5.92,<3L,After Counselling,12,1,20,No,Yes,Difficulty,7
L5665,3,ECE,5.32,6-10L,After Counselling,14,4,2,Yes,No,Time,1
L5666,3,Civil,9.44,<3L,After Counselling,44,1,14,Yes,No,Job,9
L5667,4,CSE,9.66,<3L,Before Counselling,38,3,11,Yes,No,Trust,3
L5668,1,Civil,7.93,<3L,After Application,41,0,17,No,No,Time,1
L5669,3,ECE,9.2,6-10L,After Counselling,44,3,10,Yes,No,Job,9
L5670,4,CSE,5.92,<3L,After Application,16,1,3,Yes,No,Fee,9
L5671,2,Mechanical,9.51,<3L,After Counselling,34,0,24,Yes,No,Time,7
L5672,3,CSE,7.53,10L+,Before Counselling,18,2,9,Yes,Yes,Time,6
L5673,2,CSE,5.34,<3L,After Application,10,3,4,Yes,No,Trust,2
L5674,4,CSE,5.71,3-6L,After Counselling,19,2,24,No,Yes,Job,7
L5675,1,ECE,6.54,10L+,After Application,30,4,21,No,Yes,Job,5
L5676,3,IT,5.22,<3L,After Understanding,4,3,3,No,No,Difficulty,7
L5677,1,ECE,6.55,<3L,After Application,7,0,5,No,No,Difficulty,6
L5678,3,IT,5.3,6-10L,After Counselling,16,0,17,No,Yes,Job,7
L5679,1,Mechanical,6.18,<3L,After Application,37,2,9,No,Yes,Time,7
L5680,2,Mechanical,6.33,<3L,After Counselling,5,0,16,No,Yes,Fee,4
L5681,2,Mechanical,9.97,3-6L,After Application,39,3,17,No,No,Difficulty,8
L5682,4,Mechanical,6.18,6-10L,After Application,33,1,19,No,No,Difficulty,1
L5683,2,Mechanical,6.2,<3L,Before Counselling,35,1,23,Yes,No,Fee,1
L5684,1,Civil,8.43,<3L,Before Counselling,34,0,11,No,No,Trust,2
L5685,3,ECE,9.3,<3L,After Application,33,4,20,No,No,Time,8
L5686,3,IT,6.94,<3L,Before Counselling,39,3,15,No,No,Difficulty,8
L5687,4,Mechanical,9.38,3-6L,Before Counselling,10,4,20,No,No,Trust,7
L5688,1,Civil,6.7,<3L,After Understanding,3,2,23,No,Yes,Job,4
L5689,3,Civil,5.99,3-6L,After Counselling,29,0,15,No,No,Difficulty,2
L5690,2,Civil,6.65,3-6L,After Counselling,35,2,4,No,No,Fee,2
L5691,1,ECE,8.05,<3L,After Understanding,31,4,15,Yes,No,Job,6
L5692,3,Mechanical,6.84,<3L,After Application,39,3,3,No,No,Job,9
L5693,3,Civil,8.36,<3L,Before Counselling,15,4,3,No,Yes,Time,5
L5694,3,Civil,6.18,<3L,After Counselling,1,1,4,No,No,Trust,7
L5695,2,Mechanical,8.5,3-6L,After Understanding,19,4,3,No,Yes,Time,3
L5696,2,ECE,6.74,3-6L,After Counselling,37,4,7,No,No,Job,6
L5697,2,Civil,7.28,<3L,After Application,27,4,5,No,Yes,Time,9
L5698,4,IT,7.79,3-6L,After Understanding,21,4,2,No,No,Fee,4
L5699,2,CSE,8.43,10L+,After Application,7,3,4,No,No,Difficulty,4
L5700,2,CSE,6.19,<3L,After Application,43,0,17,No,No,Fee,4
L5701,2,CSE,9.18,3-6L,After Understanding,33,3,16,Yes,No,Job,3
L5702,3,ECE,8.61,6-10L,After Counselling,2,2,12,No,Yes,Time,9
L5703,2,Civil,6.17,<3L,Before Counselling,14,1,20,No,No,Trust,5
L5704,4,CSE,9.87,6-10L,Before Counselling,42,0,5,Yes,No,Trust,4
L5705,2,CSE,8.32,10L+,After Understanding,3,1,23,No,No,Job,3
L5706,4,Mechanical,7.26,<3L,Before Counselling,14,1,2,No,No,Difficulty,5
L5707,1,Civil,5.79,6-10L,After Application,5,0,3,No,No,Time,5
L5708,3,Civil,7.67,<3L,After Counselling,17,0,11,No,Yes,Fee,6
L5709,4,Mechanical,5.82,<3L,After Understanding,39,2,4,No,No,Fee,5
L5710,1,Civil,7.15,3-6L,After Application,1,3,22,No,No,Trust,8
L5711,4,IT,7.04,<3L,After Application,43,0,24,Yes,Yes,Fee,2
L5712,2,ECE,8.6,3-6L,After Counselling,28,2,18,Yes,No,Difficulty,5
L5713,4,Mechanical,5.96,<3L,After Counselling,38,4,13,No,No,Job,2
L5714,3,CSE,9.11,6-10L,Before Counselling,14,0,3,Yes,No,Time,3
L5715,2,Civil,6.63,3-6L,After Counselling,17,3,14,No,Yes,Fee,5
L5716,1,IT,7.22,3-6L,After Understanding,15,4,5,No,Yes,Job,4
L5717,2,IT,8.86,<3L,After Understanding,46,4,16,No,No,Time,7
L5718,1,ECE,8.13,<3L,After Counselling,7,4,18,No,No,Job,9
L5719,1,IT,6.54,<3L,After Counselling,42,4,12,No,No,Fee,1
L5720,1,Civil,6.93,6-10L,After Application,7,1,2,No,Yes,Job,6
L5721,2,Civil,6.53,<3L,After Understanding,47,3,23,No,No,Difficulty,5
L5722,3,IT,7.97,3-6L,Before Counselling,24,2,3,No,No,Trust,2
L5723,1,Civil,6.66,<3L,After Application,26,0,11,Yes,No,Time,4
L5724,1,Civil,8.63,3-6L,After Application,14,2,8,No,No,Time,2
L5725,3,CSE,7.9,3-6L,Before Counselling,47,1,23,No,No,Difficulty,9
L5726,1,Mechanical,5.73,3-6L,Before Counselling,19,4,12,No,No,Job,7
L5727,1,Civil,6.55,3-6L,After Counselling,26,0,23,No,No,Time,4
L5728,1,Civil,6.11,3-6L,After Counselling,16,3,20,Yes,No,Trust,5
L5729,4,ECE,6.95,6-10L,After Application,34,0,11,No,Yes,Fee,5
L5730,4,Mechanical,7.58,6-10L,After Understanding,2,0,3,No,No,Time,6
L5731,2,Mechanical,7.53,3-6L,After Understanding,1,2,15,No,No,Difficulty,1
L5732,3,Mechanical,8.77,6-10L,After Application,36,4,22,No,Yes,Difficulty,7
L5733,3,IT,5.95,6-10L,After Understanding,35,3,23,Yes,No,Trust,3
L5734,3,CSE,9.73,3-6L,After Understanding,43,0,8,No,No,Difficulty,8
L5735,3,CSE,6.71,<3L,Before Counselling,24,1,14,No,No,Job,1
L5736,3,ECE,6.5,3-6L,After Counselling,5,1,3,Yes,Yes,Time,5
L5737,2,Mechanical,8.43,<3L,After Counselling,29,4,7,No,Yes,Time,9
L5738,1,Mechanical,9.03,3-6L,After Application,41,0,2,Yes,No,Time,1
L5739,2,Civil,6.89,3-6L,Before Counselling,1,4,23,No,Yes,Job,1
L5740,4,IT,8.73,3-6L,After Understanding,9,0,12,Yes,No,Job,8
L5741,3,IT,9.42,3-6L,After Application,36,3,8,Yes,No,Time,5
L5742,4,ECE,8.83,3-6L,After Application,16,1,6,No,Yes,Time,5
L5743,4,CSE,5.17,<3L,After Understanding,15,2,19,No,Yes,Difficulty,6
L5744,1,Mechanical,9.14,<3L,After Counselling,10,4,21,Yes,No,Fee,7
L5745,3,ECE,8.87,3-6L,After Understanding,37,3,13,Yes,Yes,Job,9
L5746,3,IT,8.35,3-6L,After Application,16,1,22,No,No,Difficulty,2
L5747,4,IT,8.8,6-10L,After Counselling,38,3,19,No,No,Time,6
L5748,4,IT,9.9,<3L,After Application,36,2,10,Yes,No,Time,9
L5749,3,Mechanical,7.16,<3L,Before Counselling,15,0,3,No,No,Time,1
L5750,2,Mechanical,5.34,3-6L,After Counselling,3,0,19,No,Yes,Fee,6
L5751,3,Mechanical,7.3,3-6L,After Application,19,3,3,No,No,Job,7
L5752,1,Civil,5.23,<3L,After Application,41,3,3,Yes,No,Time,5
L5753,3,CSE,6.47,3-6L,Before Counselling,37,4,22,Yes,No,Difficulty,3
L5754,4,IT,7.93,<3L,After Understanding,3,3,15,Yes,Yes,Trust,7
L5755,2,IT,6.55,<3L,After Counselling,8,0,8,No,No,Trust,1
L5756,3,Civil,8.43,<3L,After Application,24,3,2,No,No,Fee,7
L5757,2,IT,9.11,3-6L,After Application,14,1,10,No,Yes,Job,1
L5758,2,IT,7.1,6-10L,After Application,35,1,23,No,Yes,Job,6
L5759,2,Mechanical,9.5,<3L,After Application,16,0,13,Yes,No,Fee,1
L5760,3,Mechanical,5.4,<3L,After Understanding,7,3,2,Yes,No,Trust,7
L5761,4,CSE,9.2,6-10L,After Understanding,41,3,2,No,Yes,Trust,4
L5762,4,IT,9.14,6-10L,After Understanding,35,3,10,No,No,Time,5
L5763,1,ECE,6.61,<3L,After Counselling,8,1,17,No,No,Difficulty,1
L5764,4,IT,6.49,<3L,After Understanding,12,0,18,No,Yes,Time,8
L5765,3,IT,6.53,<3L,After Counselling,46,4,2,Yes,No,Job,4
L5766,2,CSE,9.06,<3L,After Understanding,16,1,6,No,Yes,Time,5
L5767,1,ECE,9.16,3-6L,After Application,4,0,17,No,Yes,Job,1
L5768,2,IT,6.65,10L+,Before Counselling,35,0,6,No,Yes,Time,1
L5769,4,ECE,7.96,3-6L,After Counselling,45,4,8,No,No,Difficulty,7
L5770,3,Mechanical,5.69,10L+,Before Counselling,41,2,21,No,No,Time,6
L5771,3,Mechanical,7.34,3-6L,Before Counselling,45,4,18,No,Yes,Time,6
L5772,2,ECE,9.99,6-10L,After Application,32,4,7,Yes,No,Time,7
L5773,3,IT,5.79,<3L,After Application,12,0,4,Yes,Yes,Job,5
L5774,1,ECE,9.74,<3L,After Counselling,21,2,8,Yes,Yes,Time,4
L5775,2,ECE,9.12,6-10L,After Counselling,15,2,15,No,No,Trust,9
L5776,3,Mechanical,9.86,<3L,After Counselling,35,3,18,No,No,Trust,9
L5777,1,ECE,5.9,<3L,After Understanding,3,4,15,No,No,Difficulty,3
L5778,4,Civil,6.07,3-6L,After Understanding,2,4,21,No,No,Fee,1
L5779,2,Civil,5.08,<3L,Before Counselling,6,2,13,No,Yes,Time,4
L5780,3,Mechanical,8.62,3-6L,After Counselling,16,2,10,No,Yes,Time,4
L5781,2,IT,8.22,<3L,Before Counselling,23,2,7,No,No,Job,1
L5782,3,IT,5.89,6-10L,After Understanding,31,0,3,No,No,Fee,9
L5783,1,Mechanical,8.96,<3L,Before Counselling,41,0,7,Yes,No,Fee,2
L5784,1,IT,6.5,3-6L,Before Counselling,30,0,10,Yes,No,Time,7
L5785,4,CSE,5.67,<3L,After Counselling,3,4,12,No,No,Time,7
L5786,2,Civil,7.11,6-10L,After Counselling,16,2,2,No,No,Time,8
L5787,4,CSE,5.45,3-6L,Before Counselling,4,0,13,No,Yes,Fee,1
L5788,4,CSE,6.32,<3L,After Understanding,46,3,6,No,Yes,Trust,3
L5789,2,CSE,6.86,<3L,Before Counselling,36,2,14,No,No,Job,6
L5790,2,Mechanical,9.26,<3L,After Understanding,28,2,16,No,No,Trust,1
L5791,3,CSE,8.96,3-6L,Before Counselling,28,2,14,Yes,No,Time,7
L5792,4,ECE,7.21,3-6L,Before Counselling,3,0,24,Yes,No,Fee,6
L5793,4,IT,8.62,<3L,After Counselling,26,1,3,No,Yes,Trust,1
L5794,3,Mechanical,7.84,3-6L,Before Counselling,39,3,10,No,Yes,Fee,9
L5795,3,ECE,6.7,6-10L,After Understanding,13,3,23,No,Yes,Time,1
L5796,1,ECE,8.63,<3L,Before Counselling,7,1,9,Yes,No,Trust,5
L5797,4,Civil,8.42,3-6L,Before Counselling,13,3,5,Yes,No,Fee,1
L5798,4,Civil,8.1,3-6L,After Understanding,4,0,16,Yes,No,Difficulty,4
L5799,1,ECE,8.09,3-6L,Before Counselling,16,2,23,No,Yes,Trust,5
L5800,2,Civil,8.41,<3L,Before Counselling,28,1,6,No,No,Job,1
L5801,1,IT,6.92,<3L,Before Counselling,47,2,11,No,No,Fee,1
L5802,2,IT,9.35,<3L,Before Counselling,13,3,10,No,Yes,Time,7
L5803,4,Civil,5.81,3-6L,After Understanding,42,4,5,No,Yes,Time,6
L5804,2,CSE,9.42,3-6L,After Application,10,3,2,No,No,Trust,2
L5805,1,ECE,6.71,<3L,After Understanding,5,3,12,No,No,Time,6
L5806,2,IT,5.63,<3L,After Understanding,36,1,12,No,No,Difficulty,4
L5807,4,Civil,8.0,<3L,After Application,19,2,10,No,Yes,Job,9
L5808,3,Civil,6.88,6-10L,After Understanding,30,1,24,No,No,Trust,6
L5809,2,IT,9.08,<3L,Before Counselling,47,0,6,Yes,Yes,Trust,7
L5810,1,IT,7.15,3-6L,After Understanding,41,2,24,No,No,Time,5
L5811,4,CSE,8.34,6-10L,Before Counselling,28,0,20,No,Yes,Fee,8
L5812,4,Civil,6.54,6-10L,After Counselling,31,0,22,Yes,Yes,Time,6
L5813,2,Civil,6.05,3-6L,Before Counselling,36,1,4,Yes,No,Fee,8
L5814,1,Mechanical,6.94,<3L,Before Counselling,43,3,9,No,Yes,Time,1
L5815,1,CSE,8.03,6-10L,After Understanding,1,4,17,No,Yes,Fee,3
L5816,1,IT,8.28,6-10L,After Understanding,9,3,18,Yes,No,Fee,7
L5817,3,IT,7.89,6-10L,After Understanding,12,3,5,No,No,Difficulty,8
L5818,4,ECE,9.94,<3L,After Counselling,23,2,24,Yes,No,Difficulty,4
L5819,2,IT,8.46,<3L,After Application,12,1,16,No,No,Difficulty,6
L5820,4,Civil,9.66,3-6L,Before Counselling,42,2,14,No,No,Time,4
L5821,2,IT,5.59,10L+,After Application,9,4,10,No,No,Job,2
L5822,3,Civil,5.31,6-10L,After Application,26,1,11,No,No,Difficulty,2
L5823,3,Civil,6.55,6-10L,After Counselling,30,3,3,No,No,Trust,1
L5824,1,CSE,5.68,3-6L,Before Counselling,20,0,7,No,No,Job,1
L5825,2,IT,7.63,<3L,Before Counselling,16,3,24,Yes,No,Trust,5
L5826,3,CSE,7.59,3-6L,After Counselling,13,3,21,Yes,Yes,Difficulty,2
L5827,1,Civil,7.88,6-10L,After Counselling,35,1,6,No,No,Trust,5
L5828,2,IT,8.73,3-6L,Before Counselling,4,3,18,No,Yes,Time,8
L5829,3,IT,9.86,10L+,After Counselling,25,4,5,No,Yes,Trust,8
L5830,4,CSE,9.39,<3L,After Understanding,13,3,9,Yes,No,Job,4
L5831,2,CSE,5.59,<3L,Before Counselling,28,0,23,No,No,Difficulty,4
L5832,4,Civil,6.69,10L+,After Application,45,1,24,No,Yes,Trust,3
L5833,2,Civil,6.28,<3L,After Understanding,12,4,2,Yes,Yes,Trust,6
L5834,3,IT,5.88,3-6L,After Application,24,1,24,No,No,Trust,8
L5835,3,IT,7.72,6-10L,After Counselling,28,0,23,No,Yes,Trust,6
L5836,4,Mechanical,7.77,<3L,After Application,1,2,5,Yes,Yes,Job,9
L5837,2,Mechanical,6.14,6-10L,After Understanding,34,4,19,No,Yes,Fee,4
L5838,3,ECE,8.56,<3L,After Counselling,3,0,14,No,No,Time,2
L5839,3,Civil,8.66,6-10L,After Understanding,22,2,19,No,No,Difficulty,3
L5840,2,ECE,5.1,<3L,After Counselling,21,0,24,No,Yes,Fee,8
L5841,1,ECE,6.98,3-6L,Before Counselling,27,2,4,No,No,Time,5
L5842,1,CSE,9.45,3-6L,After Application,21,2,19,Yes,No,Trust,6
L5843,1,CSE,7.6,3-6L,After Application,22,1,11,No,No,Fee,3
L5844,4,Mechanical,6.74,3-6L,Before Counselling,13,3,20,Yes,Yes,Time,1
L5845,2,ECE,6.27,10L+,Before Counselling,44,3,3,No,No,Time,8
L5846,2,Mechanical,6.22,6-10L,After Application,16,0,15,No,No,Fee,5
L5847,3,Civil,5.5,10L+,Before Counselling,46,2,20,Yes,Yes,Trust,3
L5848,2,IT,9.09,3-6L,After Counselling,24,3,6,No,No,Trust,3
L5849,3,CSE,5.43,3-6L,After Application,46,0,17,No,No,Difficulty,4
L5850,1,Civil,6.46,<3L,After Understanding,17,0,11,No,No,Time,2
L5851,4,Civil,5.23,10L+,Before Counselling,5,4,6,No,Yes,Difficulty,6
L5852,4,CSE,8.91,<3L,After Counselling,38,1,15,No,Yes,Trust,9
L5853,4,CSE,5.2,<3L,After Application,42,1,8,No,Yes,Time,2
L5854,2,ECE,6.54,<3L,After Application,27,2,11,No,No,Difficulty,4
L5855,3,Mechanical,7.87,<3L,After Counselling,41,3,12,No,Yes,Difficulty,9
L5856,1,Civil,7.05,10L+,Before Counselling,32,2,20,Yes,No,Difficulty,3
L5857,1,ECE,6.41,<3L,After Application,26,3,12,No,No,Time,8
L5858,1,ECE,6.38,10L+,Before Counselling,7,3,4,No,No,Job,6
L5859,3,Civil,8.99,3-6L,After Counselling,36,3,8,No,No,Job,2
L5860,2,Civil,9.87,6-10L,After Understanding,7,3,15,No,No,Trust,8
L5861,3,IT,6.74,3-6L,After Counselling,43,3,7,Yes,No,Time,3
L5862,1,Mechanical,5.2,<3L,Before Counselling,27,4,23,Yes,No,Time,1
L5863,2,Civil,5.18,3-6L,After Application,38,4,21,Yes,Yes,Fee,1
L5864,3,CSE,8.8,3-6L,Before Counselling,24,3,14,Yes,No,Difficulty,6
L5865,2,IT,7.76,<3L,Before Counselling,24,0,15,No,No,Trust,6
L5866,3,Mechanical,8.92,<3L,After Understanding,45,0,21,Yes,No,Time,9
L5867,2,CSE,8.49,<3L,After Application,44,1,16,Yes,No,Fee,9
L5868,4,CSE,9.54,<3L,After Understanding,29,3,19,No,Yes,Fee,5
L5869,3,Mechanical,9.43,3-6L,After Understanding,27,0,12,Yes,Yes,Time,1
L5870,2,IT,8.94,<3L,After Counselling,34,1,23,No,No,Trust,4
L5871,2,CSE,7.38,6-10L,After Counselling,21,0,11,Yes,Yes,Trust,4
L5872,3,ECE,6.54,10L+,After Application,45,1,12,No,Yes,Job,6
L5873,4,Mechanical,7.54,<3L,After Understanding,1,2,20,Yes,No,Job,1
L5874,2,Mechanical,7.51,3-6L,After Understanding,10,0,23,Yes,Yes,Trust,3
L5875,2,Civil,8.05,<3L,Before Counselling,30,3,16,No,Yes,Fee,1
L5876,4,IT,5.93,<3L,Before Counselling,28,3,4,No,Yes,Job,3
L5877,3,ECE,8.28,6-10L,After Counselling,42,4,4,No,No,Fee,4
L5878,2,ECE,7.28,<3L,After Understanding,30,2,2,Yes,No,Job,8
L5879,2,Civil,8.1,<3L,After Application,28,2,16,No,Yes,Fee,7
L5880,2,CSE,6.2,<3L,After Understanding,29,0,14,No,No,Difficulty,4
L5881,3,CSE,7.17,6-10L,After Counselling,31,1,16,No,No,Time,6
L5882,2,ECE,6.05,3-6L,After Application,43,4,22,No,No,Trust,9
L5883,4,IT,9.38,10L+,After Understanding,41,2,19,Yes,No,Difficulty,3
L5884,2,CSE,7.44,10L+,Before Counselling,4,2,19,No,No,Trust,8
L5885,2,Mechanical,6.12,<3L,After Understanding,19,3,10,No,No,Fee,7
L5886,3,Civil,5.21,<3L,After Counselling,10,3,19,Yes,No,Job,3
L5887,4,IT,8.38,<3L,After Counselling,45,1,12,No,No,Job,3
L5888,4,CSE,6.07,3-6L,After Understanding,31,0,19,No,No,Job,3
L5889,2,ECE,9.95,3-6L,After Counselling,34,1,7,Yes,No,Time,1
L5890,3,Civil,7.67,<3L,Before Counselling,41,0,18,No,Yes,Time,8
L5891,3,CSE,6.44,<3L,Before Counselling,39,4,18,Yes,Yes,Trust,6
L5892,2,ECE,8.29,<3L,Before Counselling,42,2,10,No,No,Job,3
L5893,1,CSE,6.38,6-10L,After Understanding,44,1,21,No,No,Difficulty,1
L5894,2,Civil,9.1,10L+,After Counselling,31,0,4,Yes,Yes,Trust,9
L5895,2,Mechanical,6.54,<3L,Before Counselling,11,4,24,No,Yes,Time,1
L5896,4,Mechanical,9.94,<3L,After Application,36,1,13,No,No,Time,2
L5897,2,ECE,8.03,<3L,After Counselling,44,2,22,No,Yes,Job,3
L5898,4,Mechanical,9.22,6-10L,After Counselling,44,4,4,No,No,Time,7
L5899,3,Civil,5.36,10L+,After Application,32,3,5,No,No,Fee,1
L5900,3,ECE,6.74,<3L,After Counselling,23,2,11,No,No,Time,2
L5901,3,CSE,8.69,<3L,Before Counselling,40,3,23,No,No,Job,2
L5902,1,IT,8.28,<3L,After Counselling,46,4,6,No,Yes,Trust,1
L5903,2,CSE,5.97,3-6L,Before Counselling,39,4,21,No,Yes,Time,1
L5904,1,Civil,6.78,3-6L,Before Counselling,3,3,4,No,Yes,Difficulty,7
L5905,3,ECE,6.32,3-6L,Before Counselling,28,0,23,No,Yes,Difficulty,9
L5906,2,CSE,8.07,10L+,After Understanding,25,4,8,No,No,Fee,8
L5907,3,ECE,6.72,<3L,After Counselling,28,1,3,Yes,No,Trust,9
L5908,2,Mechanical,6.55,6-10L,After Application,19,1,7,Yes,No,Fee,9
L5909,1,IT,6.04,<3L,After Understanding,46,4,20,No,No,Fee,4
L5910,2,Civil,7.05,<3L,After Understanding,19,3,11,No,No,Job,1
L5911,4,CSE,5.98,6-10L,After Understanding,42,3,9,Yes,No,Job,1
L5912,3,IT,9.81,10L+,After Understanding,44,2,17,No,No,Job,3
L5913,2,Civil,5.77,6-10L,Before Counselling,29,3,3,No,Yes,Difficulty,3
L5914,3,Civil,9.57,6-10L,Before Counselling,19,0,17,Yes,No,Time,3
L5915,1,Mechanical,7.14,6-10L,After Application,18,0,22,No,Yes,Trust,1
L5916,4,ECE,6.89,<3L,After Counselling,45,1,15,No,No,Job,5
L5917,3,ECE,6.16,6-10L,After Application,24,4,14,No,Yes,Trust,2
L5918,2,IT,8.18,6-10L,After Counselling,38,1,24,Yes,No,Fee,2
L5919,3,Mechanical,8.43,3-6L,Before Counselling,16,4,10,Yes,Yes,Time,5
L5920,1,Civil,7.34,3-6L,After Counselling,18,1,10,Yes,Yes,Difficulty,8
L5921,4,Mechanical,5.28,6-10L,After Counselling,41,4,9,No,Yes,Trust,3
L5922,1,Mechanical,9.59,6-10L,After Understanding,13,4,8,No,No,Time,1
L5923,3,IT,9.9,<3L,After Application,4,1,17,No,Yes,Trust,1
L5924,2,ECE,7.16,6-10L,After Understanding,13,2,7,No,No,Fee,3
L5925,3,Mechanical,8.07,6-10L,After Understanding,35,0,12,No,No,Job,7
L5926,3,Mechanical,7.25,<3L,After Understanding,4,3,20,No,Yes,Fee,8
L5927,3,Mechanical,6.61,6-10L,After Understanding,19,0,9,No,No,Trust,6
L5928,3,CSE,5.39,<3L,Before Counselling,24,3,20,Yes,No,Difficulty,7
L5929,4,Mechanical,7.28,<3L,After Application,33,4,16,Yes,No,Trust,1
L5930,1,Mechanical,9.09,3-6L,After Understanding,33,1,12,No,No,Difficulty,5
L5931,2,Civil,5.09,10L+,After Application,9,1,10,No,No,Difficulty,7
L5932,2,CSE,7.91,<3L,After Understanding,3,3,17,No,Yes,Trust,4
L5933,4,Mechanical,9.4,6-10L,Before Counselling,3,1,14,No,Yes,Trust,4
L5934,2,Mechanical,6.09,3-6L,After Understanding,30,1,11,No,Yes,Difficulty,9
L5935,3,IT,5.92,6-10L,After Counselling,18,1,11,No,No,Trust,3
L5936,3,IT,8.86,6-10L,Before Counselling,2,0,21,No,Yes,Time,2
L5937,2,CSE,6.28,6-10L,After Application,32,1,10,No,No,Difficulty,8
L5938,2,Civil,5.96,6-10L,After Counselling,43,2,3,Yes,Yes,Difficulty,7
L5939,2,CSE,6.89,6-10L,After Counselling,9,3,2,No,No,Trust,5
L5940,2,CSE,6.96,<3L,Before Counselling,2,0,9,Yes,No,Fee,3
L5941,2,IT,9.37,<3L,After Application,20,0,17,No,No,Time,3
L5942,1,IT,8.09,<3L,Before Counselling,27,4,23,Yes,No,Trust,2
L5943,4,Civil,7.03,6-10L,After Understanding,36,4,12,No,No,Job,5
L5944,4,Mechanical,7.67,<3L,Before Counselling,41,1,10,Yes,No,Time,8
L5945,2,Civil,9.77,<3L,Before Counselling,46,0,20,Yes,No,Job,1
L5946,2,Mechanical,5.57,6-10L,After Understanding,19,0,19,No,No,Time,1
L5947,1,ECE,6.04,6-10L,After Understanding,16,1,8,No,No,Difficulty,9
L5948,3,IT,9.81,6-10L,After Application,26,3,22,No,No,Time,1
L5949,4,ECE,9.79,<3L,Before Counselling,14,0,11,No,No,Trust,6
L5950,1,ECE,5.89,<3L,After Understanding,47,4,7,No,Yes,Job,3
L5951,1,IT,5.73,<3L,After Application,18,1,22,No,Yes,Fee,9
L5952,3,ECE,7.11,<3L,After Application,28,0,5,No,Yes,Job,6
L5953,3,CSE,5.25,<3L,After Understanding,47,4,2,Yes,No,Difficulty,8
L5954,1,Mechanical,8.27,<3L,After Understanding,19,2,5,No,Yes,Difficulty,9
L5955,3,Civil,5.39,<3L,After Application,30,0,4,No,Yes,Fee,6
L5956,2,IT,5.29,3-6L,After Counselling,41,1,4,Yes,No,Time,4
L5957,2,CSE,7.43,<3L,After Understanding,21,4,15,No,Yes,Time,7
L5958,3,Civil,9.79,<3L,After Counselling,21,0,6,No,Yes,Difficulty,4
L5959,4,Civil,7.13,6-10L,After Application,30,4,2,No,No,Fee,2
L5960,2,Civil,6.78,6-10L,Before Counselling,42,1,12,Yes,Yes,Difficulty,3
L5961,4,ECE,9.99,6-10L,After Counselling,37,0,7,No,No,Job,3
L5962,2,ECE,7.66,3-6L,After Counselling,41,1,3,No,No,Time,9
L5963,3,ECE,6.88,10L+,After Counselling,46,3,14,Yes,No,Job,3
L5964,2,ECE,6.93,10L+,After Counselling,32,0,2,Yes,Yes,Job,5
L5965,4,CSE,5.97,3-6L,After Counselling,30,0,9,No,No,Trust,7
L5966,4,ECE,7.56,3-6L,After Counselling,22,4,11,No,No,Time,6
L5967,1,IT,7.19,<3L,Before Counselling,24,0,16,No,Yes,Difficulty,7
L5968,4,Civil,6.35,6-10L,Before Counselling,10,3,4,No,No,Difficulty,1
L5969,4,CSE,5.8,3-6L,Before Counselling,24,4,7,No,Yes,Job,6
L5970,3,ECE,6.56,10L+,After Counselling,1,4,3,No,No,Fee,5
L5971,2,Civil,7.54,3-6L,After Application,35,2,22,No,Yes,Trust,2
L5972,4,CSE,5.29,10L+,After Understanding,16,0,24,No,No,Trust,7
L5973,4,Civil,5.77,6-10L,After Counselling,5,2,21,No,No,Job,4
L5974,2,CSE,9.74,10L+,Before Counselling,31,3,4,Yes,No,Trust,8
L5975,4,Mechanical,7.71,<3L,After Application,45,0,10,Yes,No,Trust,7
L5976,1,CSE,5.32,<3L,After Application,37,2,21,No,No,Job,3
L5977,1,ECE,8.47,6-10L,After Counselling,25,2,6,Yes,No,Difficulty,9
L5978,3,Civil,5.31,6-10L,Before Counselling,43,4,7,Yes,No,Job,5
L5979,3,Civil,8.69,<3L,After Understanding,25,2,11,No,Yes,Job,3
L5980,3,Civil,8.75,6-10L,After Understanding,3,2,22,Yes,No,Time,4
L5981,1,IT,8.26,3-6L,Before Counselling,38,0,10,Yes,No,Difficulty,8
L5982,4,IT,8.66,<3L,Before Counselling,32,0,2,No,No,Job,1
L5983,1,ECE,5.44,3-6L,After Application,20,4,17,No,Yes,Time,6
L5984,1,Mechanical,8.63,10L+,After Counselling,30,0,7,Yes,Yes,Trust,8
L5985,1,IT,5.68,3-6L,After Counselling,2,3,17,No,No,Fee,7
L5986,3,CSE,6.7,6-10L,After Counselling,5,4,21,No,Yes,Difficulty,8
L5987,4,ECE,9.71,<3L,After Understanding,19,3,21,Yes,Yes,Time,1
L5988,3,Mechanical,7.51,6-10L,After Understanding,20,0,4,No,Yes,Difficulty,3
L5989,4,CSE,9.84,10L+,After Understanding,22,0,15,Yes,Yes,Time,5
L5990,1,Civil,5.44,3-6L,After Counselling,11,4,22,No,Yes,Trust,2
L5991,3,IT,7.39,<3L,Before Counselling,18,2,9,No,No,Trust,5
L5992,2,CSE,5.31,3-6L,Before Counselling,27,1,21,Yes,Yes,Fee,8
L5993,2,Mechanical,8.15,10L+,After Counselling,31,1,24,Yes,No,Trust,3
L5994,1,ECE,5.39,<3L,After Counselling,35,0,15,No,No,Trust,5
L5995,3,CSE,5.88,3-6L,Before Counselling,44,3,16,No,No,Fee,1
L5996,3,ECE,6.29,<3L,Before Counselling,45,4,22,No,No,Difficulty,6
L5997,3,Civil,8.74,3-6L,After Understanding,21,2,11,No,No,Trust,9
L5998,2,Mechanical,5.82,3-6L,After Application,20,0,18,Yes,No,Difficulty,1
L5999,1,Mechanical,9.23,10L+,After Application,9,3,9,No,No,Fee,1
L6000,3,IT,5.66,3-6L,After Counselling,31,0,20,No,No,Job,7
L6001,1,Mechanical,5.18,3-6L,After Application,9,1,5,No,Yes,Trust,8
L6002,4,CSE,6.98,6-10L,After Application,7,0,11,No,Yes,Difficulty,2
L6003,3,CSE,9.9,<3L,After Application,33,3,24,No,No,Time,3
L6004,1,CSE,5.55,3-6L,After Understanding,1,1,5,Yes,Yes,Time,8
L6005,4,Civil,5.51,6-10L,After Understanding,19,0,21,No,Yes,Job,6
L6006,3,Mechanical,8.76,<3L,Before Counselling,3,1,23,No,No,Trust,6
L6007,1,Mechanical,6.56,<3L,After Counselling,39,4,5,No,Yes,Trust,6
L6008,3,CSE,8.59,3-6L,After Application,12,3,11,No,Yes,Trust,5
L6009,2,IT,6.0,<3L,Before Counselling,30,3,4,Yes,No,Time,4
L6010,4,IT,7.3,<3L,After Understanding,16,4,19,No,Yes,Job,3
L6011,4,Mechanical,6.33,10L+,After Application,13,3,15,No,No,Time,8
L6012,4,Mechanical,7.26,3-6L,After Counselling,24,3,21,No,No,Trust,3
L6013,3,ECE,8.85,6-10L,After Application,17,0,15,No,No,Job,8
L6014,2,Mechanical,8.81,<3L,After Understanding,27,2,21,No,No,Time,1
L6015,3,CSE,7.58,10L+,After Application,29,0,24,Yes,No,Trust,9
L6016,1,Civil,9.64,6-10L,After Application,41,4,15,No,No,Job,2
L6017,3,Mechanical,6.32,6-10L,After Application,14,4,8,No,No,Job,2
L6018,3,Mechanical,6.2,<3L,After Application,5,2,10,No,No,Fee,2
L6019,1,CSE,8.07,3-6L,After Understanding,43,0,3,Yes,No,Job,5
L6020,2,ECE,8.11,3-6L,Before Counselling,38,0,21,No,Yes,Fee,2
L6021,4,Mechanical,5.23,6-10L,After Application,6,0,4,Yes,No,Trust,3
L6022,4,IT,8.04,6-10L,After Counselling,24,1,13,No,Yes,Fee,5
L6023,1,IT,6.87,<3L,After Application,40,1,20,No,Yes,Trust,9
L6024,1,IT,8.74,10L+,After Counselling,33,0,17,Yes,No,Trust,9
L6025,2,Civil,9.04,10L+,After Counselling,9,1,8,No,No,Difficulty,7
L6026,4,Civil,7.76,3-6L,After Application,42,0,13,No,No,Fee,8
L6027,1,Mechanical,5.01,<3L,After Application,3,4,11,No,No,Job,1
L6028,3,Mechanical,8.18,6-10L,After Counselling,23,0,23,Yes,No,Job,2
L6029,1,Mechanical,8.74,3-6L,After Understanding,21,1,4,No,Yes,Trust,2
L6030,3,Civil,6.24,6-10L,Before Counselling,22,2,9,No,No,Fee,7
L6031,2,Mechanical,7.32,6-10L,After Counselling,45,4,8,No,No,Time,5
L6032,3,CSE,9.83,<3L,After Understanding,8,3,10,No,Yes,Job,5
L6033,2,ECE,6.49,3-6L,Before Counselling,20,2,20,No,Yes,Time,6
L6034,3,IT,6.12,3-6L,Before Counselling,14,2,6,No,No,Fee,6
L6035,2,IT,6.05,10L+,Before Counselling,30,3,23,Yes,No,Job,3
L6036,3,CSE,7.79,<3L,After Application,8,4,10,Yes,No,Time,5
L6037,4,Mechanical,9.75,<3L,After Application,19,3,17,No,Yes,Job,3
L6038,1,Civil,8.04,6-10L,After Counselling,45,4,21,No,No,Difficulty,3
L6039,4,Mechanical,6.52,<3L,After Application,38,4,22,No,No,Difficulty,4
L6040,3,Mechanical,8.19,3-6L,After Understanding,36,4,10,No,No,Trust,5
L6041,1,IT,8.12,<3L,Before Counselling,6,2,13,No,No,Fee,8
L6042,2,IT,7.98,3-6L,Before Counselling,34,4,21,Yes,No,Job,6
L6043,1,Civil,5.8,3-6L,Before Counselling,10,3,16,No,No,Time,7
L6044,3,IT,8.17,3-6L,After Application,31,2,19,No,Yes,Job,1
L6045,3,Mechanical,7.15,10L+,After Application,11,4,10,No,Yes,Job,1
L6046,1,CSE,5.09,<3L,After Application,43,1,4,No,No,Time,4
L6047,3,Civil,7.7,<3L,After Understanding,35,1,12,No,Yes,Time,8
L6048,4,CSE,9.95,3-6L,After Application,11,4,7,No,No,Difficulty,2
L6049,4,Mechanical,6.75,3-6L,After Application,40,1,10,No,No,Trust,9
L6050,3,Civil,9.83,3-6L,After Application,32,0,4,No,No,Time,5
L6051,4,CSE,5.48,<3L,After Understanding,26,2,10,No,No,Job,8
L6052,3,Civil,8.66,10L+,After Application,22,0,4,Yes,No,Difficulty,4
L6053,2,Mechanical,5.57,3-6L,After Counselling,1,2,20,No,Yes,Fee,6
L6054,4,Civil,6.37,<3L,After Application,29,3,5,No,No,Difficulty,1
L6055,2,Mechanical,7.85,3-6L,After Counselling,39,1,14,Yes,No,Difficulty,6
L6056,2,Civil,7.96,<3L,After Understanding,22,1,18,No,Yes,Difficulty,7
L6057,2,Civil,8.88,<3L,After Counselling,32,1,3,No,Yes,Job,3
L6058,4,IT,8.08,<3L,After Understanding,25,4,17,No,Yes,Time,5
L6059,4,Mechanical,7.97,<3L,After Application,40,2,2,No,No,Trust,8
L6060,2,ECE,9.56,<3L,After Application,45,4,4,No,No,Fee,9
L6061,2,Civil,7.26,3-6L,After Counselling,29,1,17,No,Yes,Trust,6
L6062,2,CSE,6.13,3-6L,After Application,37,3,7,No,No,Job,2
L6063,3,IT,5.81,3-6L,After Counselling,32,1,9,No,No,Trust,5
L6064,2,IT,7.0,<3L,After Understanding,30,4,6,Yes,No,Trust,9
L6065,3,Civil,8.56,10L+,After Application,18,1,9,No,No,Fee,3
L6066,2,ECE,5.21,6-10L,After Application,44,0,23,No,Yes,Difficulty,6
L6067,2,IT,5.65,10L+,After Application,3,0,2,No,Yes,Time,6
L6068,1,Mechanical,5.53,<3L,Before Counselling,12,4,20,Yes,No,Time,2
L6069,2,Civil,7.93,3-6L,Before Counselling,20,0,3,Yes,No,Trust,3
L6070,4,Civil,6.21,<3L,After Counselling,8,2,7,No,No,Fee,9
L6071,2,ECE,5.83,6-10L,Before Counselling,31,2,7,Yes,Yes,Time,9
L6072,1,Mechanical,7.96,<3L,After Application,24,4,21,No,No,Time,9
L6073,2,Mechanical,8.81,<3L,Before Counselling,13,0,21,Yes,No,Time,2
L6074,2,ECE,6.66,3-6L,After Counselling,8,2,10,No,No,Trust,3
L6075,1,CSE,7.89,3-6L,Before Counselling,42,0,2,No,No,Job,9
L6076,2,Mechanical,5.49,3-6L,After Understanding,14,1,3,No,Yes,Trust,8
L6077,3,CSE,9.68,<3L,After Understanding,15,0,21,No,No,Trust,4
L6078,3,CSE,6.68,3-6L,Before Counselling,21,0,20,No,No,Job,7
L6079,2,Civil,9.99,10L+,After Understanding,15,4,17,No,No,Time,5
L6080,2,Civil,9.89,6-10L,After Understanding,26,1,10,Yes,Yes,Trust,2
L6081,4,IT,8.89,3-6L,Before Counselling,38,2,6,No,No,Difficulty,7
L6082,2,Civil,5.1,3-6L,After Understanding,46,2,21,No,No,Time,8
L6083,2,Mechanical,7.72,<3L,After Counselling,38,0,12,No,No,Time,4
L6084,2,Mechanical,5.43,<3L,After Counselling,33,3,21,Yes,Yes,Time,8
L6085,2,CSE,9.48,<3L,After Application,10,3,15,No,No,Trust,7
L6086,3,Mechanical,8.95,3-6L,After Counselling,19,2,14,Yes,No,Fee,3
L6087,2,Civil,9.86,6-10L,After Application,11,0,4,No,No,Fee,3
L6088,3,Civil,8.04,3-6L,After Application,3,0,3,No,No,Job,3
L6089,1,Civil,7.61,<3L,Before Counselling,23,1,17,No,No,Fee,3
L6090,2,ECE,7.59,3-6L,After Understanding,6,4,12,No,No,Time,7
L6091,3,Mechanical,6.93,<3L,Before Counselling,41,3,4,No,No,Difficulty,5
L6092,2,IT,7.34,6-10L,After Application,41,0,16,Yes,Yes,Difficulty,4
L6093,3,Mechanical,8.18,<3L,Before Counselling,29,2,4,Yes,Yes,Time,8
L6094,2,Mechanical,9.66,3-6L,After Understanding,4,3,20,Yes,Yes,Trust,9
L6095,3,ECE,7.98,3-6L,After Understanding,3,4,5,No,No,Trust,3
L6096,1,Mechanical,9.29,<3L,After Understanding,20,0,22,No,Yes,Time,6
L6097,4,CSE,9.31,<3L,After Application,43,3,23,No,No,Time,4
L6098,1,Civil,7.59,3-6L,Before Counselling,8,0,6,No,Yes,Job,5
L6099,4,Civil,6.74,<3L,Before Counselling,6,4,10,No,No,Trust,7
L6100,2,ECE,8.2,3-6L,After Application,5,1,8,Yes,Yes,Fee,4
L6101,3,Civil,7.23,6-10L,After Application,8,3,24,No,Yes,Fee,8
L6102,2,CSE,5.41,<3L,After Counselling,8,4,24,No,Yes,Trust,3
L6103,4,ECE,6.89,3-6L,Before Counselling,35,1,14,No,No,Difficulty,7
L6104,1,IT,9.97,10L+,After Understanding,19,1,24,No,Yes,Time,3
L6105,1,Civil,5.24,3-6L,Before Counselling,10,4,19,No,Yes,Job,2
L6106,2,Mechanical,8.48,10L+,After Counselling,35,2,16,No,No,Job,8
L6107,1,CSE,9.21,<3L,After Understanding,9,4,13,No,No,Job,2
L6108,1,CSE,8.24,6-10L,After Counselling,8,0,11,No,No,Fee,9
L6109,4,Civil,7.85,3-6L,After Application,8,2,18,No,No,Difficulty,5
L6110,4,IT,8.54,6-10L,After Application,8,1,7,No,No,Difficulty,4
L6111,2,Mechanical,7.15,<3L,Before Counselling,20,3,12,Yes,No,Job,9
L6112,4,IT,5.46,<3L,After Application,7,1,4,No,No,Time,8
L6113,3,IT,9.81,<3L,After Application,46,3,7,No,No,Time,2
L6114,2,Civil,7.16,10L+,Before Counselling,22,3,23,Yes,No,Time,5
L6115,3,Mechanical,8.33,3-6L,After Counselling,17,4,21,Yes,No,Job,1
L6116,3,Civil,7.66,10L+,After Counselling,44,4,13,Yes,No,Time,2
L6117,4,Civil,5.27,<3L,After Understanding,5,1,4,Yes,Yes,Trust,5
L6118,2,CSE,9.76,<3L,After Understanding,34,4,3,No,No,Job,3
L6119,3,Civil,8.96,<3L,After Counselling,25,1,23,No,Yes,Difficulty,1
L6120,1,ECE,5.75,3-6L,After Application,47,4,4,Yes,No,Fee,7
L6121,1,Mechanical,9.91,6-10L,After Understanding,43,4,14,Yes,Yes,Trust,7
L6122,1,CSE,8.68,<3L,After Counselling,15,3,21,Yes,Yes,Fee,3
L6123,4,Mechanical,7.36,10L+,After Application,31,2,10,Yes,No,Trust,7
L6124,4,CSE,8.06,<3L,After Application,45,4,24,No,Yes,Job,5
L6125,3,ECE,5.53,3-6L,After Counselling,19,4,18,Yes,Yes,Difficulty,8
L6126,3,Civil,7.8,6-10L,Before Counselling,44,1,15,No,Yes,Trust,2
L6127,2,CSE,5.37,<3L,After Counselling,31,3,21,Yes,No,Job,7
L6128,1,CSE,7.72,<3L,After Application,47,3,9,Yes,No,Difficulty,3
L6129,2,CSE,7.76,<3L,After Understanding,12,2,5,Yes,No,Fee,4
L6130,2,ECE,9.37,<3L,After Application,23,2,2,Yes,No,Trust,1
L6131,3,Mechanical,8.63,10L+,After Application,23,2,11,Yes,No,Job,7
L6132,3,ECE,6.25,10L+,After Counselling,36,4,14,No,Yes,Trust,8
L6133,1,CSE,9.44,6-10L,After Application,11,1,3,No,No,Time,2
L6134,1,CSE,7.87,6-10L,Before Counselling,22,0,6,No,No,Trust,5
L6135,1,Civil,8.03,<3L,After Understanding,47,1,7,No,Yes,Difficulty,5
L6136,2,ECE,5.84,<3L,After Counselling,30,3,2,Yes,No,Time,8
L6137,4,ECE,9.29,6-10L,Before Counselling,5,2,6,Yes,Yes,Difficulty,3
L6138,3,IT,9.65,3-6L,After Understanding,37,0,16,Yes,Yes,Fee,2
L6139,4,Mechanical,8.87,3-6L,Before Counselling,20,3,9,Yes,No,Time,2
L6140,2,IT,9.7,6-10L,After Application,10,2,19,No,Yes,Time,1
L6141,2,IT,6.51,3-6L,After Application,22,0,19,Yes,Yes,Difficulty,7
L6142,1,Mechanical,9.31,<3L,Before Counselling,42,1,5,No,Yes,Job,6
L6143,4,Civil,7.44,6-10L,After Understanding,30,3,21,No,Yes,Trust,3
L6144,3,Civil,5.82,3-6L,Before Counselling,30,4,21,No,Yes,Fee,9
L6145,1,Mechanical,8.34,6-10L,Before Counselling,22,0,8,No,No,Fee,5
L6146,3,Mechanical,8.42,3-6L,Before Counselling,38,0,9,Yes,Yes,Job,9
L6147,2,ECE,6.43,<3L,After Understanding,38,1,21,No,No,Difficulty,1
L6148,3,ECE,5.14,<3L,Before Counselling,38,1,14,No,No,Fee,3
L6149,4,ECE,6.0,6-10L,After Application,7,3,5,No,No,Trust,8
L6150,3,ECE,7.0,3-6L,After Counselling,36,4,23,No,Yes,Job,3
L6151,3,CSE,5.84,3-6L,After Application,14,2,22,No,No,Time,8
L6152,1,CSE,5.97,3-6L,After Application,11,0,19,No,No,Trust,1
L6153,1,Civil,6.96,3-6L,Before Counselling,7,0,14,No,Yes,Difficulty,4
L6154,1,CSE,9.81,<3L,After Counselling,32,3,15,No,No,Difficulty,9
L6155,1,CSE,8.82,<3L,Before Counselling,18,2,10,No,Yes,Job,7
L6156,3,ECE,6.6,<3L,After Counselling,34,2,13,No,No,Time,5
L6157,3,ECE,9.76,<3L,After Application,2,2,10,No,No,Time,1
L6158,1,Mechanical,8.23,3-6L,After Understanding,7,3,2,No,Yes,Job,9
L6159,4,ECE,7.28,<3L,Before Counselling,43,0,10,No,Yes,Job,6
L6160,1,Mechanical,7.34,<3L,After Application,31,1,8,No,No,Job,6
L6161,2,Mechanical,7.05,<3L,After Counselling,18,0,2,Yes,No,Time,9
L6162,2,CSE,6.16,<3L,After Application,20,1,3,Yes,Yes,Difficulty,8
L6163,2,ECE,6.93,10L+,After Application,7,1,19,No,No,Difficulty,9
L6164,2,CSE,7.64,<3L,After Application,22,3,9,No,Yes,Trust,2
L6165,2,ECE,7.64,3-6L,After Understanding,37,2,2,No,No,Difficulty,3
L6166,2,CSE,8.81,<3L,Before Counselling,34,3,4,No,No,Job,5
L6167,4,CSE,6.79,6-10L,Before Counselling,46,1,2,Yes,No,Trust,5
L6168,1,CSE,8.58,10L+,Before Counselling,39,0,22,No,No,Fee,6
L6169,1,Civil,7.89,3-6L,After Understanding,42,1,21,Yes,No,Time,2
L6170,1,CSE,9.81,6-10L,After Understanding,40,3,4,Yes,Yes,Trust,8
L6171,3,IT,6.93,<3L,After Counselling,16,0,9,No,No,Fee,1
L6172,1,IT,9.51,<3L,Before Counselling,14,2,13,Yes,Yes,Job,7
L6173,4,IT,9.1,<3L,After Counselling,41,3,8,No,No,Difficulty,6
L6174,3,Mechanical,8.19,<3L,After Application,32,4,21,No,Yes,Difficulty,9
L6175,3,CSE,8.27,<3L,After Counselling,38,1,2,No,No,Trust,7
L6176,3,IT,5.42,<3L,After Counselling,39,2,24,No,No,Fee,8
L6177,1,Mechanical,9.75,3-6L,After Application,26,2,4,No,No,Difficulty,2
L6178,1,IT,5.53,6-10L,After Application,30,0,22,Yes,No,Job,4
L6179,2,ECE,7.82,<3L,After Counselling,41,3,13,No,No,Fee,9
L6180,3,Civil,6.65,<3L,After Counselling,39,1,9,Yes,No,Fee,7
L6181,2,CSE,7.15,3-6L,Before Counselling,9,4,10,No,No,Difficulty,2
L6182,1,Civil,8.05,3-6L,After Understanding,32,1,16,No,No,Trust,1
L6183,4,Civil,9.54,<3L,After Application,7,3,12,No,No,Trust,3
L6184,1,ECE,7.29,<3L,After Counselling,12,2,24,No,No,Trust,6
L6185,4,ECE,9.94,3-6L,After Understanding,23,4,7,No,Yes,Difficulty,5
L6186,3,ECE,7.96,<3L,After Counselling,17,0,6,Yes,No,Time,1
L6187,2,Mechanical,5.8,6-10L,Before Counselling,21,3,6,No,Yes,Job,3
L6188,1,IT,5.95,<3L,After Counselling,12,1,17,Yes,No,Job,5
L6189,1,CSE,8.58,<3L,After Application,22,3,16,No,No,Trust,9
L6190,3,ECE,5.25,3-6L,After Counselling,23,0,12,No,Yes,Trust,5
L6191,3,CSE,7.4,10L+,After Counselling,5,1,21,No,No,Job,1
L6192,3,CSE,5.74,3-6L,After Application,18,4,24,No,No,Difficulty,9
L6193,4,CSE,7.17,<3L,Before Counselling,37,1,18,No,No,Fee,3
L6194,3,ECE,8.75,<3L,After Application,37,1,20,No,No,Job,8
L6195,1,ECE,7.29,3-6L,After Counselling,7,0,23,No,Yes,Job,1
L6196,2,IT,5.82,<3L,Before Counselling,3,1,18,No,No,Fee,9
L6197,4,ECE,6.26,3-6L,After Application,1,3,16,No,Yes,Fee,3
L6198,2,ECE,6.84,3-6L,After Understanding,6,2,14,No,No,Time,7
L6199,1,CSE,5.35,<3L,After Understanding,7,0,24,No,No,Job,7
L6200,3,IT,7.92,<3L,After Understanding,27,0,19,No,Yes,Fee,6
L6201,2,Civil,8.04,6-10L,After Application,31,0,24,Yes,No,Job,2
L6202,4,ECE,5.31,3-6L,Before Counselling,8,3,17,No,Yes,Fee,1
L6203,3,ECE,7.01,6-10L,After Application,14,3,21,Yes,Yes,Trust,3
L6204,1,Civil,7.07,<3L,After Counselling,15,3,22,No,Yes,Trust,7
L6205,4,CSE,6.67,3-6L,After Application,7,3,2,No,No,Trust,8
L6206,2,IT,7.79,<3L,After Understanding,7,1,21,No,No,Job,5
L6207,2,CSE,6.73,<3L,After Understanding,33,0,14,Yes,Yes,Job,3
L6208,2,Mechanical,7.08,3-6L,After Counselling,41,0,5,No,No,Job,3
L6209,1,ECE,8.99,6-10L,After Application,7,4,13,Yes,Yes,Difficulty,3
L6210,2,Mechanical,5.81,<3L,After Understanding,20,2,16,Yes,No,Trust,4
L6211,1,ECE,8.1,6-10L,After Application,7,1,21,No,No,Fee,7
L6212,2,Mechanical,7.53,3-6L,After Understanding,14,2,13,No,No,Time,7
L6213,2,Civil,6.53,<3L,After Counselling,15,1,20,No,Yes,Difficulty,9
L6214,3,ECE,8.64,6-10L,Before Counselling,18,1,20,No,No,Job,1
L6215,4,ECE,7.76,3-6L,Before Counselling,10,1,16,Yes,No,Trust,5
L6216,1,Mechanical,7.39,3-6L,After Understanding,35,0,22,Yes,Yes,Difficulty,7
L6217,2,IT,8.34,3-6L,After Understanding,27,2,6,No,Yes,Trust,4
L6218,2,Mechanical,9.01,3-6L,After Application,43,2,12,No,No,Fee,4
L6219,1,ECE,9.86,6-10L,Before Counselling,1,3,19,No,Yes,Time,4
L6220,3,ECE,8.15,<3L,After Application,28,2,11,No,Yes,Difficulty,5
L6221,3,IT,9.37,<3L,After Understanding,34,3,14,No,Yes,Time,2
L6222,1,CSE,5.01,6-10L,Before Counselling,3,4,20,No,Yes,Difficulty,1
L6223,2,IT,7.65,6-10L,After Application,3,3,21,No,No,Trust,6
L6224,1,CSE,6.07,<3L,After Understanding,11,1,16,Yes,Yes,Job,2
L6225,3,ECE,5.47,<3L,After Application,4,0,19,No,Yes,Trust,7
L6226,1,Civil,7.66,3-6L,After Application,30,1,9,No,No,Job,8
L6227,4,Civil,8.73,<3L,After Understanding,39,4,24,No,No,Job,3
L6228,3,Mechanical,7.06,3-6L,After Application,32,0,4,Yes,Yes,Job,9
L6229,2,IT,8.35,<3L,After Application,16,4,12,Yes,Yes,Trust,7
L6230,3,IT,7.45,3-6L,Before Counselling,17,1,6,Yes,No,Trust,5
L6231,4,Civil,7.19,<3L,After Application,11,0,13,No,No,Time,4
L6232,3,CSE,6.45,3-6L,After Counselling,36,4,2,No,No,Difficulty,7
L6233,1,IT,6.91,3-6L,After Understanding,32,3,7,No,No,Job,6
L6234,2,CSE,6.75,3-6L,After Application,35,2,7,No,No,Fee,6
L6235,4,CSE,8.23,<3L,After Understanding,27,1,13,Yes,Yes,Fee,2
L6236,3,CSE,5.58,<3L,After Counselling,34,3,22,No,No,Job,4
L6237,3,CSE,5.46,<3L,After Understanding,5,4,16,No,No,Difficulty,8
L6238,4,Mechanical,8.3,3-6L,After Counselling,25,4,5,No,No,Trust,7
L6239,4,Mechanical,7.73,3-6L,After Counselling,28,0,19,No,No,Time,3
L6240,4,Civil,7.15,<3L,Before Counselling,18,3,13,Yes,No,Fee,4
L6241,1,Mechanical,5.76,6-10L,After Counselling,3,4,8,Yes,No,Difficulty,3
L6242,3,IT,7.06,6-10L,Before Counselling,28,0,6,No,No,Trust,9
L6243,3,Mechanical,8.95,3-6L,After Application,2,2,24,Yes,Yes,Job,7
L6244,3,IT,9.45,<3L,Before Counselling,34,2,24,Yes,No,Trust,8
L6245,3,IT,8.51,6-10L,Before Counselling,22,0,24,Yes,No,Trust,5
L6246,1,CSE,5.3,6-10L,After Application,22,3,4,No,No,Trust,5
L6247,3,Civil,8.35,10L+,After Understanding,30,0,6,No,No,Time,1
L6248,3,CSE,6.2,<3L,After Understanding,34,0,18,No,No,Fee,9
L6249,1,CSE,6.58,10L+,After Application,1,3,7,No,Yes,Fee,9
L6250,2,Mechanical,5.98,<3L,After Counselling,29,2,21,No,No,Time,4
L6251,1,Mechanical,8.88,3-6L,Before Counselling,19,4,3,No,Yes,Difficulty,1
L6252,2,IT,8.24,3-6L,After Understanding,19,2,20,No,No,Trust,3
L6253,1,Mechanical,8.06,3-6L,After Understanding,41,3,16,No,Yes,Job,5
L6254,2,Mechanical,8.34,3-6L,After Counselling,41,1,4,Yes,Yes,Time,6
L6255,3,ECE,6.18,<3L,After Understanding,29,3,2,No,Yes,Trust,9
L6256,3,IT,7.22,6-10L,After Understanding,43,2,24,No,No,Trust,8
L6257,3,IT,8.17,3-6L,After Understanding,33,2,20,Yes,No,Fee,8
L6258,4,ECE,8.18,10L+,After Application,17,3,8,Yes,No,Time,1
L6259,2,IT,8.96,<3L,After Understanding,38,3,11,No,No,Job,7
L6260,1,Civil,6.44,3-6L,After Understanding,1,3,10,Yes,No,Time,7
L6261,4,Civil,8.85,3-6L,After Application,41,2,17,Yes,No,Job,4
L6262,1,ECE,7.2,3-6L,After Understanding,33,0,16,No,Yes,Trust,8
L6263,4,Mechanical,8.35,6-10L,After Counselling,36,1,14,Yes,No,Job,7
L6264,4,Civil,7.28,<3L,Before Counselling,22,0,23,No,No,Trust,1
L6265,3,ECE,9.74,<3L,After Application,18,2,9,Yes,Yes,Job,5
L6266,4,Civil,5.9,6-10L,After Application,17,0,12,Yes,No,Fee,7
L6267,1,CSE,8.38,3-6L,After Understanding,32,3,2,No,No,Time,7
L6268,2,ECE,7.88,<3L,Before Counselling,20,4,9,No,No,Fee,4
L6269,3,IT,5.86,3-6L,After Counselling,23,3,13,No,No,Difficulty,1
L6270,2,Civil,5.33,3-6L,After Counselling,28,1,20,No,No,Time,9
L6271,4,IT,9.0,3-6L,Before Counselling,46,3,7,No,Yes,Time,5
L6272,1,ECE,5.79,<3L,Before Counselling,26,4,17,No,Yes,Job,8
L6273,3,Civil,5.93,3-6L,After Counselling,7,2,15,Yes,No,Trust,1
L6274,3,IT,9.89,3-6L,After Understanding,41,0,23,No,Yes,Job,4
L6275,3,Mechanical,8.59,6-10L,Before Counselling,20,3,8,No,No,Time,2
L6276,2,Mechanical,6.25,6-10L,Before Counselling,41,0,4,No,No,Fee,8
L6277,2,CSE,7.95,3-6L,After Understanding,47,1,11,Yes,No,Trust,5
L6278,4,ECE,7.67,<3L,After Application,11,0,2,No,Yes,Job,3
L6279,1,IT,9.22,<3L,Before Counselling,7,1,7,Yes,Yes,Fee,6
L6280,4,CSE,8.65,<3L,After Understanding,38,1,6,No,No,Job,8
L6281,3,ECE,9.16,<3L,After Counselling,27,3,16,No,Yes,Time,8
L6282,3,Mechanical,6.06,6-10L,After Application,9,4,19,No,Yes,Job,8
L6283,3,IT,8.2,6-10L,Before Counselling,4,0,5,Yes,Yes,Fee,7
L6284,2,Civil,5.2,3-6L,After Understanding,38,1,6,Yes,No,Fee,9
L6285,3,Mechanical,5.34,<3L,After Application,29,1,11,No,Yes,Fee,1
L6286,4,Civil,8.57,<3L,After Understanding,26,1,5,No,No,Job,2
L6287,2,Civil,5.12,6-10L,After Counselling,25,2,11,No,Yes,Time,4
L6288,4,IT,7.9,6-10L,Before Counselling,14,0,21,Yes,No,Difficulty,2
L6289,2,IT,9.2,<3L,After Understanding,37,0,23,Yes,No,Difficulty,1
L6290,1,Civil,6.9,3-6L,Before Counselling,28,1,5,Yes,No,Difficulty,8
L6291,2,CSE,5.22,<3L,After Understanding,8,0,13,No,No,Trust,6
L6292,4,Civil,8.57,<3L,Before Counselling,42,0,10,No,Yes,Time,4
L6293,2,Civil,9.65,<3L,Before Counselling,11,2,3,No,No,Time,4
L6294,4,IT,8.59,3-6L,After Application,35,1,6,No,No,Trust,8
L6295,4,ECE,7.89,<3L,After Understanding,31,0,17,No,No,Difficulty,8
L6296,2,Mechanical,6.15,<3L,After Understanding,34,4,20,Yes,No,Difficulty,7
L6297,1,IT,5.08,<3L,Before Counselling,46,1,15,No,Yes,Trust,3
L6298,3,CSE,8.47,<3L,Before Counselling,36,0,16,Yes,No,Fee,8
L6299,2,Mechanical,6.16,3-6L,After Application,17,2,20,No,No,Time,4
L6300,3,IT,9.29,<3L,After Counselling,21,4,19,No,No,Difficulty,9
L6301,2,IT,7.33,6-10L,After Understanding,26,3,12,No,Yes,Difficulty,7
L6302,2,ECE,7.65,<3L,Before Counselling,41,3,14,No,Yes,Trust,4
L6303,3,CSE,8.77,<3L,After Application,28,4,11,No,No,Job,5
L6304,2,CSE,8.9,<3L,Before Counselling,22,3,8,No,Yes,Time,5
L6305,2,IT,8.21,<3L,After Understanding,41,4,23,No,Yes,Time,1
L6306,2,ECE,9.69,<3L,After Application,3,0,2,No,Yes,Time,7
L6307,2,IT,9.91,<3L,After Application,28,3,19,No,No,Fee,4
L6308,3,Civil,9.73,6-10L,Before Counselling,36,3,5,No,No,Job,3
L6309,4,Civil,9.12,3-6L,Before Counselling,2,4,17,No,No,Time,5
L6310,2,ECE,8.53,6-10L,After Counselling,46,0,19,No,No,Fee,1
L6311,3,IT,8.32,<3L,After Counselling,20,0,22,No,No,Fee,2
L6312,3,ECE,5.52,3-6L,After Understanding,40,1,20,No,No,Fee,2
L6313,2,IT,6.36,<3L,After Understanding,36,1,16,No,Yes,Time,9
L6314,2,IT,5.03,6-10L,After Application,8,0,23,Yes,Yes,Time,3
L6315,4,Civil,5.69,10L+,After Understanding,39,4,11,Yes,Yes,Trust,1
L6316,3,Mechanical,7.2,6-10L,After Counselling,25,2,8,No,No,Trust,7
L6317,3,CSE,5.73,<3L,After Counselling,15,2,22,No,No,Job,2
L6318,3,CSE,9.51,<3L,After Counselling,30,1,2,Yes,Yes,Trust,8
L6319,1,ECE,9.03,<3L,Before Counselling,47,3,2,No,Yes,Time,4
L6320,3,CSE,5.36,<3L,After Counselling,34,2,2,No,No,Trust,6
L6321,3,Civil,6.24,<3L,After Counselling,4,3,20,No,No,Job,1
L6322,3,Mechanical,9.1,<3L,After Understanding,22,3,8,No,Yes,Time,7
L6323,2,IT,9.02,<3L,After Counselling,25,0,16,No,No,Difficulty,8
L6324,1,IT,9.73,3-6L,After Counselling,9,2,14,No,No,Difficulty,9
L6325,1,Civil,9.99,3-6L,Before Counselling,23,2,10,Yes,No,Difficulty,5
L6326,4,CSE,9.88,6-10L,After Counselling,39,3,15,No,No,Job,1
L6327,2,IT,7.05,<3L,After Understanding,12,3,7,No,No,Job,3
L6328,2,CSE,6.25,<3L,Before Counselling,14,0,8,No,No,Time,9
L6329,1,Civil,8.79,3-6L,After Application,7,4,15,No,No,Difficulty,6
L6330,1,IT,6.5,3-6L,After Counselling,31,2,12,No,No,Fee,5
L6331,3,ECE,9.03,<3L,After Counselling,6,2,4,No,Yes,Trust,9
L6332,3,Mechanical,7.67,6-10L,After Counselling,23,0,12,No,No,Difficulty,9
L6333,3,CSE,8.97,<3L,After Application,19,0,9,No,No,Difficulty,3
L6334,2,CSE,6.38,<3L,Before Counselling,21,4,7,No,No,Difficulty,5
L6335,3,CSE,7.54,3-6L,Before Counselling,19,3,4,No,No,Difficulty,9
L6336,1,CSE,7.82,<3L,After Counselling,47,2,13,No,No,Time,9
L6337,1,Civil,9.72,3-6L,After Application,19,3,19,No,Yes,Trust,7
L6338,2,Civil,6.33,<3L,After Understanding,44,2,12,Yes,No,Difficulty,1
L6339,2,Civil,9.68,<3L,After Application,34,0,8,No,No,Time,9
L6340,2,Civil,9.02,10L+,After Counselling,43,0,11,Yes,No,Difficulty,6
L6341,3,IT,8.65,<3L,After Application,13,0,17,No,Yes,Fee,8
L6342,3,Civil,8.93,3-6L,Before Counselling,36,4,17,No,No,Time,3
L6343,4,IT,8.03,<3L,Before Counselling,25,2,16,No,Yes,Fee,7
L6344,2,ECE,6.22,3-6L,Before Counselling,33,0,14,No,Yes,Difficulty,1
L6345,1,Civil,5.95,<3L,After Understanding,21,4,5,Yes,Yes,Trust,1
L6346,2,ECE,9.33,6-10L,After Application,34,3,5,No,No,Time,8
L6347,4,Civil,8.63,6-10L,After Counselling,46,4,7,Yes,No,Fee,2
L6348,3,ECE,6.07,<3L,After Counselling,25,4,19,Yes,Yes,Fee,1
L6349,3,Mechanical,8.08,<3L,Before Counselling,18,1,2,No,No,Trust,8
L6350,1,ECE,7.24,10L+,After Counselling,43,3,11,No,No,Time,9
L6351,3,IT,5.79,6-10L,After Understanding,11,1,4,No,No,Job,2
L6352,1,CSE,7.66,3-6L,After Application,19,2,15,No,Yes,Fee,3
L6353,3,ECE,6.41,3-6L,After Understanding,34,4,12,No,No,Time,5
L6354,4,CSE,5.48,6-10L,After Application,2,4,6,No,No,Job,2
L6355,4,Mechanical,7.33,<3L,After Application,30,4,3,No,No,Time,6
L6356,3,Mechanical,7.95,3-6L,After Application,45,4,10,No,No,Difficulty,2
L6357,2,IT,5.23,3-6L,After Counselling,38,1,18,No,No,Fee,4
L6358,4,IT,7.01,6-10L,After Counselling,15,2,20,Yes,No,Job,8
L6359,3,ECE,6.29,<3L,After Counselling,11,1,22,No,Yes,Trust,1
L6360,1,Civil,5.15,3-6L,After Counselling,24,4,18,Yes,Yes,Trust,4
L6361,2,Mechanical,5.63,3-6L,After Counselling,4,2,21,Yes,Yes,Difficulty,3
L6362,2,CSE,5.7,6-10L,After Counselling,19,3,11,No,No,Difficulty,1
L6363,2,Civil,5.91,3-6L,Before Counselling,29,1,18,No,No,Job,4
L6364,2,Mechanical,9.02,6-10L,Before Counselling,14,0,12,No,No,Fee,1
L6365,3,ECE,7.2,6-10L,Before Counselling,17,3,8,No,No,Fee,7
L6366,2,Mechanical,5.74,3-6L,After Understanding,8,3,2,No,Yes,Trust,9
L6367,1,IT,5.5,<3L,After Understanding,13,4,17,Yes,No,Difficulty,5
L6368,3,CSE,6.49,3-6L,After Understanding,23,4,4,Yes,No,Trust,4
L6369,4,CSE,8.99,6-10L,After Application,29,3,16,No,No,Job,1
L6370,3,IT,6.82,<3L,After Application,47,1,5,No,No,Trust,1
L6371,2,Civil,5.8,3-6L,After Understanding,11,2,5,No,No,Trust,7
L6372,4,IT,7.02,<3L,Before Counselling,16,1,24,No,No,Difficulty,9
L6373,4,CSE,7.78,<3L,After Counselling,44,1,6,No,No,Difficulty,3
L6374,2,ECE,5.15,3-6L,After Counselling,23,3,16,Yes,Yes,Fee,1
L6375,1,Civil,8.14,3-6L,After Counselling,12,1,12,No,No,Fee,5
L6376,3,Mechanical,6.98,3-6L,After Application,38,2,20,No,No,Fee,3
L6377,4,ECE,5.05,6-10L,After Understanding,24,3,9,Yes,No,Trust,1
L6378,4,Civil,8.37,<3L,Before Counselling,31,1,12,No,No,Trust,1
L6379,4,CSE,8.56,<3L,After Counselling,38,4,12,Yes,No,Time,6
L6380,3,CSE,8.14,6-10L,After Understanding,36,1,10,No,Yes,Job,7
L6381,3,ECE,6.71,3-6L,After Understanding,1,3,15,Yes,No,Time,9
L6382,1,Civil,7.65,<3L,After Application,26,3,15,No,No,Job,5
L6383,2,Mechanical,6.94,6-10L,After Application,17,4,14,No,No,Difficulty,1
L6384,2,Mechanical,8.5,6-10L,After Application,36,3,2,No,No,Trust,1
L6385,3,IT,7.92,3-6L,After Application,17,0,10,No,No,Time,9
L6386,3,ECE,5.41,6-10L,After Understanding,37,3,9,No,No,Trust,9
L6387,3,Civil,8.22,<3L,After Application,27,1,19,Yes,No,Time,2
L6388,2,ECE,8.44,<3L,After Counselling,25,2,4,No,No,Fee,2
L6389,3,Mechanical,6.85,6-10L,Before Counselling,30,1,24,No,No,Job,9
L6390,1,Civil,9.38,3-6L,After Application,41,3,4,No,No,Fee,5
L6391,2,CSE,9.22,<3L,After Counselling,25,0,3,No,Yes,Trust,7
L6392,3,CSE,5.88,3-6L,Before Counselling,38,1,5,No,No,Difficulty,5
L6393,3,Civil,9.52,3-6L,After Application,32,2,10,No,No,Difficulty,8
L6394,4,ECE,7.2,<3L,After Application,12,1,16,No,No,Fee,8
L6395,2,ECE,8.62,3-6L,Before Counselling,21,4,19,No,Yes,Time,7
L6396,2,CSE,9.07,<3L,After Counselling,42,0,18,No,No,Fee,1
L6397,2,CSE,7.53,<3L,After Counselling,34,3,24,No,Yes,Difficulty,1
L6398,2,Mechanical,7.0,3-6L,After Understanding,1,1,12,No,Yes,Fee,8
L6399,4,Civil,9.58,<3L,After Understanding,13,1,2,Yes,Yes,Job,7
L6400,3,ECE,6.15,<3L,After Application,21,1,7,No,No,Fee,5
L6401,4,Mechanical,6.28,6-10L,After Counselling,1,1,15,No,No,Time,2
L6402,2,ECE,6.81,3-6L,After Counselling,13,2,6,Yes,Yes,Trust,2
L6403,4,CSE,9.3,3-6L,After Application,31,4,4,No,Yes,Fee,9
L6404,1,Civil,9.69,<3L,Before Counselling,23,4,20,No,Yes,Job,7
L6405,4,IT,6.1,<3L,Before Counselling,3,0,2,No,No,Time,6
L6406,2,Civil,9.32,3-6L,After Understanding,11,0,5,No,No,Job,5
L6407,2,IT,6.29,<3L,After Application,29,2,17,No,Yes,Time,9
L6408,3,Mechanical,9.85,3-6L,Before Counselling,18,4,7,Yes,No,Difficulty,3
L6409,4,IT,7.99,3-6L,After Application,25,0,6,No,No,Difficulty,8
L6410,1,IT,5.04,3-6L,After Counselling,34,3,8,No,No,Trust,6
L6411,2,Mechanical,5.17,<3L,Before Counselling,18,4,11,Yes,No,Trust,9
L6412,4,Civil,5.74,<3L,Before Counselling,1,1,2,No,No,Time,9
L6413,2,Mechanical,5.94,10L+,Before Counselling,28,4,20,No,No,Job,5
L6414,1,CSE,8.84,10L+,After Counselling,4,3,15,No,No,Job,7
L6415,2,CSE,6.11,3-6L,After Understanding,21,1,5,Yes,No,Fee,6
L6416,2,IT,9.85,6-10L,After Application,6,4,16,No,No,Difficulty,2
L6417,4,Mechanical,8.18,3-6L,Before Counselling,21,1,7,Yes,No,Fee,8
L6418,3,Mechanical,8.46,<3L,After Counselling,37,1,21,No,Yes,Trust,8
L6419,3,Mechanical,6.09,<3L,Before Counselling,30,2,24,Yes,No,Difficulty,9
L6420,4,Civil,9.46,<3L,After Application,20,3,11,No,No,Job,1
L6421,2,ECE,8.34,3-6L,After Application,41,2,16,Yes,No,Difficulty,6
L6422,1,ECE,9.32,3-6L,Before Counselling,32,4,20,No,Yes,Trust,4
L6423,2,ECE,9.78,10L+,After Counselling,31,1,9,Yes,No,Difficulty,6
L6424,2,Civil,5.63,6-10L,Before Counselling,36,4,14,No,No,Trust,3
L6425,1,Mechanical,5.48,6-10L,After Counselling,25,4,24,Yes,No,Job,9
L6426,4,ECE,9.02,6-10L,After Understanding,5,2,20,No,Yes,Time,6
L6427,3,Mechanical,9.33,6-10L,Before Counselling,8,4,17,No,No,Difficulty,6
L6428,2,IT,7.92,<3L,After Counselling,17,3,22,Yes,No,Time,3
L6429,3,ECE,6.83,<3L,Before Counselling,15,1,19,Yes,No,Trust,5
L6430,3,IT,8.26,3-6L,After Application,20,0,10,No,No,Difficulty,9
L6431,4,Civil,6.53,3-6L,After Application,45,3,16,No,Yes,Job,8
L6432,4,CSE,6.19,<3L,Before Counselling,47,0,9,Yes,No,Difficulty,3
L6433,3,Civil,7.44,6-10L,Before Counselling,29,0,18,No,Yes,Job,1
L6434,3,Civil,6.08,10L+,After Counselling,36,2,5,No,No,Trust,6
L6435,3,Civil,7.42,3-6L,After Counselling,28,0,24,Yes,No,Time,7
L6436,3,ECE,9.78,3-6L,After Application,8,1,23,No,Yes,Fee,9
L6437,1,IT,9.2,6-10L,After Counselling,14,2,10,No,No,Fee,8
L6438,1,ECE,9.71,<3L,After Application,33,3,9,No,No,Difficulty,1
L6439,3,CSE,9.03,<3L,After Understanding,34,3,10,No,Yes,Time,4
L6440,2,Civil,6.77,6-10L,Before Counselling,29,3,5,Yes,No,Job,4
L6441,1,Mechanical,9.06,6-10L,After Counselling,22,4,9,No,Yes,Fee,1
L6442,3,CSE,9.61,3-6L,After Application,3,2,23,Yes,No,Time,6
L6443,1,IT,9.74,6-10L,After Application,23,2,18,No,No,Time,1
L6444,3,CSE,8.42,<3L,Before Counselling,3,2,7,No,No,Trust,2
L6445,3,ECE,6.06,3-6L,Before Counselling,6,1,11,Yes,Yes,Fee,2
L6446,4,Mechanical,5.2,3-6L,Before Counselling,40,2,3,No,No,Trust,5
L6447,2,ECE,5.74,<3L,After Counselling,23,1,13,Yes,No,Time,9
L6448,1,Civil,9.83,<3L,After Understanding,12,3,20,No,No,Fee,5
L6449,3,Civil,7.31,10L+,After Understanding,5,4,6,No,Yes,Job,1
L6450,4,CSE,9.27,<3L,After Understanding,5,0,17,No,No,Difficulty,4
L6451,4,Civil,7.33,<3L,After Understanding,3,4,6,Yes,No,Time,5
L6452,2,Civil,8.3,3-6L,After Application,4,4,2,No,Yes,Job,4
L6453,2,IT,5.12,<3L,After Counselling,24,4,11,No,Yes,Difficulty,3
L6454,4,IT,6.25,6-10L,After Understanding,5,0,3,No,No,Fee,9
L6455,1,ECE,7.18,<3L,After Understanding,31,1,17,No,No,Job,1
L6456,3,ECE,8.15,3-6L,After Counselling,35,3,10,Yes,Yes,Job,6
L6457,2,IT,5.86,<3L,After Counselling,42,0,8,Yes,Yes,Difficulty,6
L6458,1,CSE,8.82,6-10L,Before Counselling,19,3,14,No,Yes,Job,6
L6459,2,IT,6.82,3-6L,Before Counselling,8,1,5,No,No,Fee,5
L6460,2,ECE,9.09,<3L,After Understanding,28,3,8,No,Yes,Fee,3
L6461,3,Mechanical,5.49,10L+,After Application,38,1,11,Yes,No,Time,9
L6462,4,Civil,8.4,<3L,Before Counselling,23,0,13,No,No,Difficulty,6
L6463,2,Mechanical,6.47,3-6L,After Counselling,7,0,3,No,No,Trust,3
L6464,4,Mechanical,8.98,10L+,Before Counselling,38,3,6,Yes,No,Fee,5
L6465,1,Civil,7.01,3-6L,Before Counselling,13,3,16,No,No,Trust,1
L6466,3,IT,8.33,6-10L,After Counselling,45,4,12,Yes,No,Job,9
L6467,1,CSE,9.67,<3L,After Understanding,21,4,3,No,No,Difficulty,8
L6468,4,Mechanical,5.1,<3L,Before Counselling,37,3,16,No,No,Difficulty,8
L6469,3,CSE,5.06,<3L,Before Counselling,6,4,20,Yes,Yes,Fee,7
L6470,3,ECE,8.85,10L+,After Understanding,10,3,6,Yes,No,Fee,6
L6471,4,Mechanical,8.23,10L+,Before Counselling,27,2,17,Yes,No,Difficulty,2
L6472,3,ECE,6.46,<3L,After Application,26,4,22,Yes,Yes,Trust,7
L6473,4,IT,7.47,<3L,After Understanding,42,3,9,No,No,Difficulty,3
L6474,3,Mechanical,5.21,<3L,After Application,28,2,8,Yes,No,Time,5
L6475,4,ECE,5.96,<3L,After Counselling,16,4,4,No,Yes,Difficulty,4
L6476,3,ECE,7.12,<3L,After Application,28,0,22,No,Yes,Trust,1
L6477,1,IT,9.17,6-10L,After Counselling,3,3,9,No,Yes,Job,7
L6478,3,CSE,7.4,6-10L,After Understanding,1,0,6,Yes,Yes,Trust,1
L6479,1,CSE,7.93,6-10L,After Counselling,3,4,15,Yes,No,Difficulty,4
L6480,3,Mechanical,9.37,3-6L,After Counselling,30,2,3,Yes,No,Difficulty,8
L6481,2,IT,6.54,6-10L,After Counselling,19,3,11,No,No,Job,9
L6482,3,Mechanical,8.5,6-10L,After Counselling,33,2,19,No,No,Time,9
L6483,1,CSE,9.31,3-6L,After Application,8,0,18,No,Yes,Fee,8
L6484,1,IT,6.01,<3L,After Counselling,19,3,7,Yes,No,Trust,5
L6485,2,Civil,6.78,<3L,After Counselling,36,0,18,Yes,No,Trust,6
L6486,4,IT,9.9,3-6L,Before Counselling,37,0,18,No,No,Difficulty,2
L6487,2,IT,9.92,10L+,Before Counselling,5,2,23,Yes,No,Trust,9
L6488,2,Civil,6.12,3-6L,Before Counselling,34,4,20,No,No,Job,2
L6489,3,ECE,5.33,10L+,After Counselling,38,0,17,Yes,No,Time,1
L6490,3,ECE,6.35,<3L,Before Counselling,27,0,24,No,Yes,Difficulty,5
L6491,2,ECE,6.99,6-10L,After Application,39,1,3,Yes,Yes,Fee,8
L6492,2,CSE,7.21,6-10L,After Understanding,47,2,6,No,Yes,Job,3
L6493,2,IT,8.09,3-6L,After Understanding,42,0,13,No,No,Fee,6
L6494,4,Civil,9.5,10L+,After Understanding,42,1,2,No,Yes,Trust,9
L6495,1,CSE,6.65,3-6L,Before Counselling,24,2,6,No,No,Trust,8
L6496,2,Civil,9.25,<3L,After Counselling,31,3,9,No,Yes,Time,6
L6497,1,CSE,5.47,<3L,After Understanding,22,4,11,Yes,No,Fee,2
L6498,2,CSE,5.21,3-6L,After Application,23,2,4,No,Yes,Job,4
L6499,3,CSE,7.52,10L+,Before Counselling,41,0,7,No,No,Fee,7
L6500,2,Civil,5.3,<3L,Before Counselling,24,1,14,No,No,Fee,9
L6501,1,Mechanical,6.96,3-6L,After Application,40,1,21,No,No,Fee,2
L6502,2,CSE,9.48,6-10L,After Counselling,32,3,9,No,No,Fee,7
L6503,1,ECE,6.21,<3L,After Counselling,33,1,19,No,No,Trust,8
L6504,1,IT,8.53,<3L,After Application,28,0,6,No,Yes,Time,7
L6505,4,Mechanical,6.51,<3L,After Application,17,2,7,No,Yes,Job,5
L6506,3,Mechanical,5.22,<3L,Before Counselling,26,3,3,No,No,Difficulty,5
L6507,4,Civil,7.78,<3L,After Application,18,4,8,No,No,Trust,9
L6508,4,Mechanical,9.17,<3L,After Counselling,15,4,17,Yes,Yes,Trust,1
L6509,3,Civil,7.05,<3L,After Counselling,38,0,11,No,Yes,Job,7
L6510,1,Civil,8.09,3-6L,After Counselling,22,3,21,Yes,No,Job,2
L6511,3,ECE,9.5,3-6L,After Counselling,18,3,11,Yes,No,Time,5
L6512,4,CSE,8.95,6-10L,After Counselling,21,0,3,Yes,No,Difficulty,6
L6513,3,Mechanical,5.97,3-6L,Before Counselling,19,3,9,Yes,Yes,Trust,4
L6514,3,CSE,8.67,10L+,After Application,2,1,3,No,No,Time,4
L6515,2,CSE,7.51,6-10L,After Application,30,1,3,No,Yes,Trust,5
L6516,4,CSE,8.73,10L+,After Understanding,25,0,14,Yes,Yes,Time,4
L6517,3,Civil,7.47,<3L,Before Counselling,26,0,5,No,Yes,Time,3
L6518,4,CSE,5.64,6-10L,Before Counselling,39,1,8,Yes,No,Difficulty,9
L6519,1,Mechanical,7.85,6-10L,Before Counselling,17,2,15,No,No,Fee,1
L6520,2,Civil,7.46,<3L,Before Counselling,47,0,21,No,No,Trust,6
L6521,2,Mechanical,7.59,<3L,Before Counselling,16,1,6,No,No,Time,1
L6522,3,Civil,9.39,3-6L,After Counselling,27,2,2,No,No,Time,5
L6523,1,IT,9.47,<3L,After Understanding,3,2,2,No,No,Job,3
L6524,1,IT,7.27,<3L,After Counselling,42,1,20,No,Yes,Fee,5
L6525,4,IT,7.28,3-6L,After Understanding,38,1,7,No,Yes,Job,8
L6526,1,IT,7.58,3-6L,Before Counselling,29,3,17,No,Yes,Fee,8
L6527,4,Civil,7.6,10L+,Before Counselling,2,2,13,No,Yes,Difficulty,9
L6528,2,CSE,9.75,3-6L,After Application,43,4,2,No,Yes,Difficulty,4
L6529,4,ECE,8.25,3-6L,Before Counselling,40,3,13,No,No,Job,2
L6530,3,ECE,6.39,<3L,Before Counselling,14,3,21,No,Yes,Job,8
L6531,4,IT,7.66,3-6L,Before Counselling,12,2,19,No,Yes,Fee,8
L6532,4,CSE,8.14,3-6L,Before Counselling,24,2,3,No,No,Fee,9
L6533,1,Mechanical,8.2,6-10L,Before Counselling,28,2,19,No,Yes,Job,7
L6534,1,CSE,7.93,<3L,After Understanding,39,0,11,No,Yes,Job,2
L6535,2,Mechanical,5.89,3-6L,After Application,18,1,11,No,No,Time,8
L6536,3,ECE,5.17,3-6L,Before Counselling,25,1,24,No,No,Trust,7
L6537,4,CSE,6.69,6-10L,Before Counselling,37,1,24,No,Yes,Job,6
L6538,2,CSE,7.14,10L+,Before Counselling,6,2,7,No,Yes,Fee,6
L6539,3,ECE,5.31,<3L,After Understanding,45,3,3,No,No,Time,9
L6540,1,CSE,9.07,3-6L,After Understanding,30,2,17,No,Yes,Difficulty,5
L6541,4,Mechanical,6.72,6-10L,After Application,31,2,6,No,No,Difficulty,8
L6542,4,CSE,9.57,6-10L,Before Counselling,34,3,7,No,Yes,Difficulty,9
L6543,2,Mechanical,5.77,3-6L,After Application,19,4,23,No,No,Time,6
L6544,2,IT,5.28,<3L,After Counselling,28,0,23,Yes,No,Job,6
L6545,1,CSE,7.41,<3L,After Understanding,8,4,23,No,Yes,Trust,1
L6546,3,Mechanical,5.95,3-6L,Before Counselling,11,2,2,Yes,No,Difficulty,9
L6547,3,ECE,9.69,3-6L,After Understanding,16,1,5,No,No,Job,9
L6548,1,IT,5.05,<3L,After Application,26,1,18,No,No,Difficulty,4
L6549,2,CSE,7.06,<3L,After Counselling,1,3,14,Yes,No,Difficulty,3
L6550,2,Mechanical,9.63,3-6L,Before Counselling,31,2,13,Yes,No,Difficulty,3
L6551,3,CSE,6.92,10L+,After Understanding,27,3,14,No,No,Fee,2
L6552,3,Mechanical,5.47,10L+,After Counselling,44,3,20,No,Yes,Time,8
L6553,1,CSE,6.51,3-6L,After Application,9,0,17,No,Yes,Time,2
L6554,3,IT,7.49,6-10L,After Application,26,3,12,No,Yes,Fee,7
L6555,3,IT,5.93,<3L,After Understanding,6,2,19,Yes,Yes,Difficulty,5
L6556,2,CSE,7.33,3-6L,After Understanding,7,0,19,Yes,No,Time,6
L6557,1,CSE,9.18,<3L,Before Counselling,13,1,23,No,No,Time,8
L6558,3,Civil,9.36,6-10L,After Application,10,0,2,No,Yes,Time,5
L6559,4,CSE,5.25,10L+,Before Counselling,43,2,5,Yes,Yes,Difficulty,4
L6560,2,CSE,5.8,6-10L,After Understanding,46,4,10,Yes,No,Difficulty,4
L6561,2,IT,6.38,3-6L,After Counselling,31,0,4,No,No,Time,8
L6562,1,CSE,7.97,6-10L,Before Counselling,37,4,9,Yes,No,Trust,4
L6563,3,ECE,6.8,10L+,After Application,18,0,10,Yes,No,Job,1
L6564,1,CSE,9.22,<3L,After Understanding,11,0,19,Yes,No,Job,5
L6565,2,Civil,8.58,6-10L,After Understanding,10,3,6,Yes,No,Difficulty,1
L6566,3,Mechanical,5.5,<3L,Before Counselling,28,4,23,No,Yes,Trust,1
L6567,3,IT,8.12,6-10L,Before Counselling,21,4,6,No,Yes,Trust,2
L6568,2,ECE,5.57,<3L,After Understanding,25,0,23,No,Yes,Trust,8
L6569,2,Mechanical,6.28,<3L,Before Counselling,6,2,6,Yes,No,Fee,8
L6570,3,ECE,5.89,6-10L,After Understanding,42,2,24,Yes,Yes,Fee,8
L6571,1,IT,5.87,<3L,After Application,11,4,17,No,No,Time,2
L6572,1,Civil,8.08,<3L,After Counselling,33,3,6,No,Yes,Trust,3
L6573,4,IT,7.82,3-6L,Before Counselling,5,3,6,No,No,Job,3
L6574,1,ECE,5.88,6-10L,After Application,34,2,13,No,Yes,Fee,4
L6575,3,ECE,9.95,<3L,After Application,32,3,8,No,No,Difficulty,2
L6576,4,IT,7.11,6-10L,Before Counselling,43,0,4,No,Yes,Difficulty,1
L6577,2,CSE,5.49,6-10L,After Application,46,0,24,No,No,Trust,7
L6578,2,IT,5.6,3-6L,After Understanding,24,4,9,No,No,Time,8
L6579,3,Civil,7.92,3-6L,Before Counselling,13,1,22,No,Yes,Trust,9
L6580,4,IT,9.9,<3L,After Counselling,43,2,21,No,No,Difficulty,4
L6581,4,Mechanical,7.86,<3L,After Understanding,6,2,19,No,No,Difficulty,1
L6582,3,CSE,9.75,<3L,After Application,34,1,6,No,No,Time,5
L6583,1,Mechanical,7.22,<3L,After Application,25,3,7,No,No,Fee,5
L6584,3,IT,7.18,<3L,After Counselling,41,0,23,No,No,Time,2
L6585,2,CSE,7.5,<3L,After Counselling,23,0,23,No,Yes,Job,5
L6586,2,Mechanical,8.49,6-10L,After Application,46,2,7,No,No,Difficulty,5
L6587,1,Mechanical,6.84,3-6L,After Counselling,13,2,7,No,No,Job,9
L6588,1,CSE,9.32,10L+,After Counselling,28,3,12,Yes,No,Difficulty,4
L6589,3,CSE,5.15,<3L,After Application,44,3,14,No,No,Difficulty,1
L6590,2,ECE,7.2,<3L,After Understanding,44,2,15,Yes,No,Trust,7
L6591,2,CSE,7.55,3-6L,Before Counselling,13,3,18,No,No,Difficulty,5
L6592,2,IT,8.04,<3L,After Application,7,1,2,No,No,Difficulty,9
L6593,4,Civil,6.38,6-10L,After Counselling,17,0,11,No,No,Difficulty,3
L6594,3,ECE,7.14,3-6L,After Counselling,9,2,3,No,No,Difficulty,4
L6595,2,CSE,7.42,3-6L,After Understanding,14,1,14,No,Yes,Trust,2
L6596,1,Civil,8.43,<3L,After Application,30,1,18,No,Yes,Trust,6
L6597,2,ECE,8.87,<3L,After Application,41,4,20,No,No,Job,3
L6598,4,IT,8.69,3-6L,After Counselling,38,2,4,Yes,No,Job,6
L6599,3,Civil,6.71,<3L,After Application,30,4,5,No,Yes,Job,2
L6600,3,CSE,10.0,<3L,After Counselling,33,1,7,No,No,Time,7
L6601,3,CSE,9.24,3-6L,After Counselling,25,2,14,No,Yes,Trust,9
L6602,2,IT,6.3,<3L,After Counselling,31,4,24,No,No,Trust,8
L6603,4,ECE,5.98,6-10L,Before Counselling,23,0,15,No,No,Fee,2
L6604,3,Civil,6.57,<3L,After Counselling,27,2,10,No,No,Fee,2
L6605,1,IT,7.26,<3L,After Understanding,33,4,16,Yes,Yes,Fee,1
L6606,1,ECE,9.25,<3L,After Application,47,3,7,Yes,Yes,Job,6
L6607,3,Mechanical,8.89,<3L,Before Counselling,20,2,21,Yes,No,Difficulty,5
L6608,4,Mechanical,9.26,<3L,After Application,28,3,12,Yes,No,Time,2
L6609,2,ECE,6.36,<3L,After Understanding,8,2,23,No,Yes,Trust,3
L6610,4,CSE,7.97,<3L,Before Counselling,22,4,8,No,Yes,Job,9
L6611,3,CSE,6.42,<3L,After Application,35,4,19,Yes,Yes,Time,8
L6612,2,Mechanical,5.55,6-10L,Before Counselling,31,2,18,No,No,Trust,8
L6613,1,CSE,8.42,6-10L,After Counselling,44,1,15,No,No,Time,2
L6614,1,CSE,5.71,<3L,After Counselling,24,4,9,Yes,No,Time,4
L6615,3,ECE,8.34,<3L,After Application,15,2,9,Yes,No,Trust,9
L6616,1,ECE,8.24,3-6L,After Understanding,45,2,8,No,No,Time,8
L6617,2,CSE,9.05,6-10L,Before Counselling,31,0,10,No,No,Fee,4
L6618,3,ECE,5.7,10L+,Before Counselling,5,3,13,Yes,No,Fee,7
L6619,3,Civil,8.92,<3L,After Application,22,0,4,No,No,Time,8
L6620,1,Mechanical,10.0,3-6L,After Counselling,17,3,2,Yes,No,Job,8
L6621,2,Civil,9.26,6-10L,Before Counselling,28,3,16,Yes,Yes,Difficulty,7
L6622,2,Civil,8.76,6-10L,After Counselling,3,0,10,Yes,Yes,Trust,6
L6623,3,CSE,8.31,<3L,After Counselling,19,1,18,Yes,No,Job,2
L6624,4,CSE,7.11,3-6L,After Understanding,38,2,13,No,No,Difficulty,8
L6625,1,Civil,8.65,<3L,After Counselling,27,4,18,No,No,Trust,2
L6626,4,Civil,8.62,<3L,After Counselling,17,2,14,Yes,No,Difficulty,3
L6627,3,IT,8.16,3-6L,Before Counselling,32,0,14,Yes,No,Trust,3
L6628,3,IT,8.98,<3L,After Understanding,37,1,16,No,Yes,Fee,2
L6629,3,Mechanical,7.24,6-10L,After Understanding,21,4,22,Yes,No,Job,9
L6630,2,Civil,5.61,6-10L,After Application,37,4,19,No,Yes,Difficulty,7
L6631,1,ECE,7.8,6-10L,After Application,11,1,16,No,Yes,Fee,9
L6632,3,IT,6.33,<3L,After Application,1,4,19,No,No,Job,2
L6633,3,CSE,6.92,<3L,After Understanding,30,4,6,Yes,No,Time,7
L6634,3,Civil,5.09,<3L,After Counselling,26,1,8,Yes,No,Job,6
L6635,2,ECE,6.91,3-6L,After Understanding,45,0,7,No,No,Job,3
L6636,4,ECE,9.04,3-6L,After Counselling,43,0,6,No,No,Fee,3
L6637,3,ECE,7.71,<3L,After Application,36,4,20,No,No,Fee,8
L6638,1,CSE,5.05,3-6L,After Application,26,0,10,No,No,Difficulty,8
L6639,2,IT,7.35,3-6L,After Counselling,42,0,12,No,Yes,Difficulty,2
L6640,3,ECE,6.46,<3L,After Counselling,27,4,4,No,No,Time,1
L6641,3,IT,7.39,3-6L,After Application,26,4,8,No,Yes,Fee,2
L6642,2,Mechanical,7.02,3-6L,After Counselling,43,0,4,Yes,Yes,Fee,5
L6643,4,CSE,9.66,6-10L,After Understanding,18,3,7,No,Yes,Job,8
L6644,2,IT,5.21,3-6L,After Application,33,1,20,No,No,Job,4
L6645,2,IT,8.42,<3L,After Understanding,36,0,17,Yes,No,Time,6
L6646,4,ECE,9.26,3-6L,After Application,37,0,9,No,Yes,Job,4
L6647,4,ECE,9.8,6-10L,Before Counselling,34,3,20,Yes,No,Job,8
L6648,3,CSE,5.89,<3L,After Understanding,26,2,22,No,No,Difficulty,4
L6649,4,IT,7.66,6-10L,Before Counselling,22,2,20,No,Yes,Time,3
L6650,1,Civil,5.22,<3L,After Application,24,1,17,Yes,No,Difficulty,1
L6651,4,ECE,7.5,3-6L,After Understanding,12,4,9,No,No,Time,4
L6652,2,ECE,5.63,10L+,After Understanding,11,0,11,Yes,No,Difficulty,8
L6653,1,Mechanical,9.19,3-6L,After Understanding,21,3,10,No,Yes,Difficulty,5
L6654,2,CSE,5.57,3-6L,After Counselling,16,4,17,No,No,Time,7
L6655,2,IT,7.57,<3L,After Understanding,36,4,23,No,No,Job,6
L6656,2,IT,7.61,<3L,After Understanding,7,2,15,No,No,Trust,7
L6657,2,IT,9.86,3-6L,Before Counselling,28,0,11,No,No,Fee,7
L6658,1,ECE,8.27,3-6L,After Understanding,24,1,5,Yes,No,Time,8
L6659,2,CSE,6.44,<3L,After Counselling,13,3,11,Yes,Yes,Trust,9
L6660,3,IT,6.2,10L+,After Understanding,14,0,21,Yes,No,Difficulty,3
L6661,2,Civil,5.64,<3L,Before Counselling,43,4,22,No,No,Job,9
L6662,2,Mechanical,8.78,3-6L,After Understanding,31,4,16,Yes,Yes,Difficulty,1
L6663,3,Mechanical,8.45,3-6L,After Understanding,8,1,20,Yes,Yes,Time,4
L6664,4,IT,8.05,3-6L,Before Counselling,1,2,12,No,No,Trust,5
L6665,3,ECE,5.2,3-6L,After Application,40,1,21,Yes,No,Difficulty,4
L6666,2,Mechanical,8.81,<3L,After Understanding,17,1,15,No,No,Job,6
L6667,3,Mechanical,8.21,10L+,After Application,41,0,16,No,No,Time,8
L6668,1,Mechanical,9.82,3-6L,Before Counselling,13,2,5,Yes,No,Time,4
L6669,1,Mechanical,7.94,3-6L,Before Counselling,47,4,18,No,No,Difficulty,7
L6670,2,IT,6.52,3-6L,After Application,27,2,2,No,No,Job,7
L6671,4,CSE,6.91,<3L,After Counselling,13,0,20,No,No,Time,8
L6672,2,CSE,5.88,6-10L,After Counselling,40,0,6,No,No,Time,9
L6673,1,ECE,8.61,3-6L,Before Counselling,27,1,19,No,No,Difficulty,6
L6674,1,Civil,8.54,3-6L,After Counselling,32,0,18,No,No,Trust,1
L6675,4,CSE,6.0,6-10L,After Counselling,12,2,24,No,No,Fee,2
L6676,3,Civil,5.79,6-10L,Before Counselling,43,1,11,No,No,Job,1
L6677,2,CSE,5.39,<3L,After Understanding,13,1,10,Yes,No,Time,1
L6678,3,CSE,9.56,6-10L,After Understanding,16,1,5,No,Yes,Time,6
L6679,3,ECE,6.17,<3L,After Understanding,34,2,21,No,No,Time,1
L6680,3,Mechanical,6.72,3-6L,After Counselling,6,1,20,No,No,Trust,6
L6681,2,ECE,6.4,<3L,After Application,18,3,4,No,No,Fee,6
L6682,4,CSE,7.07,<3L,After Counselling,17,3,19,No,Yes,Difficulty,8
L6683,2,Mechanical,8.57,<3L,After Understanding,47,2,4,No,No,Job,3
L6684,3,Mechanical,9.35,<3L,Before Counselling,39,4,22,No,Yes,Trust,6
L6685,1,Mechanical,5.91,<3L,Before Counselling,14,4,9,No,No,Time,9
L6686,2,Civil,8.43,3-6L,Before Counselling,7,1,6,Yes,No,Fee,8
L6687,2,CSE,6.76,<3L,After Counselling,6,2,2,No,No,Fee,6
L6688,3,IT,9.9,6-10L,After Application,12,1,19,No,No,Fee,4
L6689,1,ECE,6.49,<3L,After Understanding,34,1,15,No,No,Difficulty,9
L6690,3,Civil,5.04,<3L,Before Counselling,1,3,8,No,No,Job,7
L6691,2,ECE,7.58,3-6L,After Understanding,29,0,10,No,Yes,Time,2
L6692,3,IT,5.75,<3L,After Understanding,28,2,15,Yes,No,Trust,4
L6693,4,Mechanical,5.22,<3L,After Counselling,5,0,17,No,Yes,Trust,2
L6694,3,IT,8.49,10L+,Before Counselling,21,3,17,No,No,Trust,8
L6695,3,ECE,8.66,<3L,After Counselling,39,0,23,No,Yes,Trust,8
L6696,3,IT,7.3,6-10L,After Understanding,47,3,7,Yes,Yes,Time,7
L6697,2,CSE,8.38,<3L,After Understanding,38,4,8,Yes,Yes,Job,6
L6698,4,IT,7.69,6-10L,After Understanding,34,3,2,No,No,Time,7
L6699,2,CSE,8.15,<3L,Before Counselling,21,2,12,No,No,Trust,4
L6700,3,IT,7.98,10L+,Before Counselling,24,4,10,Yes,Yes,Job,3
L6701,3,CSE,8.33,<3L,Before Counselling,13,1,2,No,No,Difficulty,1
L6702,2,CSE,6.0,<3L,After Understanding,45,2,19,No,No,Job,8
L6703,2,IT,6.34,3-6L,After Understanding,46,2,11,No,No,Difficulty,2
L6704,2,Civil,7.2,3-6L,After Application,23,2,14,Yes,No,Time,6
L6705,4,Mechanical,7.23,<3L,Before Counselling,32,0,24,No,Yes,Difficulty,8
L6706,4,Mechanical,8.87,<3L,After Understanding,8,0,6,No,No,Difficulty,4
L6707,3,Mechanical,6.84,6-10L,After Understanding,47,1,9,No,No,Job,2
L6708,3,CSE,5.81,<3L,After Application,11,0,14,Yes,No,Time,3
L6709,4,Mechanical,6.26,3-6L,After Application,13,2,17,No,No,Job,7
L6710,1,CSE,6.07,3-6L,After Understanding,20,3,8,No,Yes,Fee,4
L6711,2,Civil,8.66,3-6L,Before Counselling,1,1,9,No,No,Difficulty,2
L6712,3,IT,7.35,<3L,After Counselling,2,1,19,No,Yes,Job,7
L6713,4,IT,8.54,3-6L,After Counselling,11,2,10,No,No,Time,4
L6714,4,CSE,7.08,<3L,After Counselling,46,4,23,No,No,Job,7
L6715,2,CSE,9.45,<3L,Before Counselling,30,0,12,No,No,Fee,8
L6716,1,Civil,9.92,3-6L,After Understanding,5,4,23,Yes,No,Difficulty,6
L6717,2,Mechanical,8.35,10L+,After Counselling,7,2,23,Yes,No,Fee,8
L6718,2,Civil,9.32,<3L,After Counselling,24,4,18,No,No,Fee,7
L6719,2,IT,7.54,<3L,Before Counselling,31,2,15,Yes,No,Difficulty,2
L6720,3,IT,9.67,3-6L,After Understanding,30,0,24,Yes,No,Fee,2
L6721,1,Mechanical,9.16,<3L,After Understanding,43,0,3,Yes,Yes,Difficulty,6
L6722,4,IT,9.96,3-6L,Before Counselling,15,1,16,No,No,Difficulty,9
L6723,2,CSE,8.12,10L+,After Counselling,36,4,19,Yes,No,Trust,6
L6724,3,IT,8.9,10L+,After Understanding,10,4,6,No,Yes,Time,9
L6725,1,ECE,7.71,<3L,After Understanding,1,4,23,No,No,Job,7
L6726,2,Mechanical,6.3,3-6L,After Counselling,7,4,2,No,No,Job,8
L6727,1,Mechanical,6.77,10L+,Before Counselling,44,3,17,Yes,No,Time,3
L6728,4,Mechanical,9.47,<3L,After Counselling,26,1,13,Yes,No,Fee,4
L6729,4,ECE,5.28,3-6L,After Application,43,1,15,Yes,Yes,Time,1
L6730,2,Civil,7.96,<3L,After Understanding,43,3,18,Yes,No,Difficulty,9
L6731,2,CSE,6.86,<3L,Before Counselling,30,4,2,Yes,Yes,Difficulty,3
L6732,4,Mechanical,6.93,10L+,After Counselling,1,3,15,No,No,Job,1
L6733,2,IT,9.42,6-10L,After Counselling,15,4,16,No,Yes,Trust,9
L6734,1,CSE,9.27,<3L,Before Counselling,20,3,24,No,No,Fee,9
L6735,3,IT,7.99,6-10L,After Understanding,22,1,13,No,Yes,Time,2
L6736,4,CSE,6.36,3-6L,Before Counselling,25,3,18,No,No,Difficulty,7
L6737,1,CSE,7.38,6-10L,After Application,36,2,10,No,No,Difficulty,2
L6738,2,IT,7.04,<3L,Before Counselling,37,4,4,No,No,Trust,5
L6739,4,IT,6.77,<3L,After Application,46,3,13,Yes,No,Difficulty,2
L6740,1,CSE,5.51,<3L,After Understanding,45,4,14,No,No,Time,7
L6741,1,Mechanical,7.72,3-6L,After Counselling,27,0,3,No,Yes,Job,2
L6742,3,IT,6.51,<3L,After Application,19,4,23,No,No,Job,6
L6743,4,ECE,8.3,<3L,After Application,19,3,16,No,Yes,Fee,8
L6744,2,ECE,6.6,10L+,Before Counselling,16,4,3,Yes,Yes,Time,5
L6745,4,CSE,7.16,10L+,Before Counselling,21,2,6,No,No,Difficulty,3
L6746,3,Civil,5.26,3-6L,After Counselling,33,2,22,Yes,No,Difficulty,9
L6747,1,CSE,9.96,6-10L,After Understanding,42,3,10,No,Yes,Time,9
L6748,4,CSE,7.54,10L+,After Application,31,3,15,No,Yes,Job,7
L6749,2,Mechanical,5.12,3-6L,After Counselling,34,4,14,No,No,Difficulty,3
L6750,2,Mechanical,7.71,3-6L,After Application,15,1,5,No,No,Difficulty,1
L6751,3,Civil,9.35,6-10L,After Counselling,36,2,9,No,No,Time,3
L6752,2,Civil,8.86,3-6L,Before Counselling,26,2,24,No,No,Fee,6
L6753,1,Civil,8.5,<3L,Before Counselling,30,0,8,No,No,Time,9
L6754,1,Civil,5.7,<3L,After Understanding,31,0,18,Yes,No,Difficulty,1
L6755,2,Civil,8.29,3-6L,Before Counselling,25,1,23,No,No,Time,7
L6756,4,CSE,8.83,10L+,After Counselling,4,2,7,No,No,Time,3
L6757,3,CSE,7.86,3-6L,After Application,12,3,9,No,No,Fee,7
L6758,4,ECE,9.46,6-10L,After Counselling,19,2,23,No,No,Job,2
L6759,2,ECE,6.38,6-10L,After Understanding,9,3,9,Yes,No,Time,3
L6760,2,IT,6.21,<3L,Before Counselling,25,3,14,No,Yes,Time,1
L6761,1,CSE,9.35,6-10L,Before Counselling,47,1,23,No,Yes,Fee,9
L6762,1,Civil,8.13,<3L,After Application,41,2,9,No,No,Difficulty,9
L6763,2,IT,5.01,3-6L,After Understanding,7,4,6,No,No,Trust,9
L6764,3,Mechanical,6.77,6-10L,After Understanding,27,2,10,No,No,Trust,4
L6765,4,CSE,9.29,3-6L,Before Counselling,47,2,21,No,No,Difficulty,6
L6766,4,ECE,5.14,6-10L,After Understanding,43,0,23,Yes,No,Difficulty,7
L6767,2,CSE,5.02,<3L,After Counselling,6,1,3,No,No,Difficulty,7
L6768,4,CSE,6.41,6-10L,After Understanding,35,4,4,No,Yes,Job,5
L6769,2,CSE,9.57,<3L,After Counselling,32,4,5,Yes,Yes,Job,4
L6770,1,CSE,9.51,3-6L,After Counselling,14,4,20,No,Yes,Fee,1
L6771,4,Mechanical,7.59,3-6L,After Counselling,6,3,8,No,No,Difficulty,9
L6772,3,ECE,7.77,3-6L,Before Counselling,18,1,10,No,No,Time,4
L6773,1,CSE,6.66,<3L,After Counselling,31,0,7,Yes,No,Difficulty,4
L6774,2,Mechanical,6.22,<3L,After Application,16,3,4,Yes,Yes,Difficulty,3
L6775,2,IT,9.08,3-6L,After Understanding,3,4,15,No,No,Time,9
L6776,3,CSE,5.53,3-6L,After Counselling,31,3,14,No,No,Fee,2
L6777,2,Mechanical,7.44,3-6L,After Application,38,3,14,No,No,Difficulty,2
L6778,4,Civil,8.17,3-6L,Before Counselling,17,4,2,No,No,Time,2
L6779,1,IT,5.52,10L+,Before Counselling,5,4,16,No,No,Trust,4
L6780,2,ECE,7.6,10L+,Before Counselling,16,0,6,No,No,Trust,3
L6781,2,CSE,7.89,<3L,Before Counselling,17,1,22,Yes,No,Time,1
L6782,3,CSE,8.71,<3L,After Understanding,31,2,3,No,Yes,Difficulty,4
L6783,2,Mechanical,6.17,3-6L,Before Counselling,16,2,6,No,No,Job,2
L6784,3,ECE,6.47,<3L,After Understanding,21,2,18,Yes,Yes,Job,9
L6785,4,Civil,7.85,<3L,After Application,41,0,2,No,No,Difficulty,9
L6786,4,IT,9.92,<3L,Before Counselling,39,3,5,No,No,Time,2
L6787,4,ECE,6.09,<3L,Before Counselling,37,4,16,No,No,Fee,8
L6788,4,CSE,9.93,3-6L,After Application,41,1,16,No,No,Job,6
L6789,3,Mechanical,8.57,<3L,After Application,10,2,23,No,No,Trust,8
L6790,4,Civil,9.13,<3L,After Understanding,32,1,17,No,No,Fee,8
L6791,2,Mechanical,5.45,6-10L,After Counselling,25,1,14,Yes,No,Trust,9
L6792,2,IT,6.5,6-10L,After Understanding,33,4,15,No,No,Difficulty,1
L6793,2,ECE,5.29,6-10L,After Counselling,39,0,3,No,No,Fee,2
L6794,2,Mechanical,6.86,<3L,After Understanding,37,4,22,No,Yes,Difficulty,3
L6795,2,Mechanical,9.91,<3L,After Counselling,38,0,11,Yes,No,Job,5
L6796,4,CSE,5.53,<3L,Before Counselling,38,3,6,Yes,No,Difficulty,8
L6797,2,Mechanical,7.81,<3L,After Counselling,28,1,4,No,No,Job,8
L6798,1,Civil,5.03,<3L,After Application,15,2,21,No,Yes,Job,8
L6799,3,ECE,8.56,6-10L,After Application,8,1,12,Yes,No,Time,6
L6800,1,IT,5.99,10L+,After Counselling,1,4,14,No,No,Difficulty,2
L6801,1,Mechanical,5.65,6-10L,Before Counselling,10,0,3,No,No,Fee,5
L6802,2,Civil,6.69,6-10L,Before Counselling,35,3,8,Yes,No,Fee,4
L6803,2,IT,8.86,3-6L,After Counselling,33,3,4,No,No,Time,3
L6804,2,Civil,5.53,6-10L,After Counselling,16,0,14,No,No,Difficulty,5
L6805,3,Mechanical,6.15,10L+,After Application,14,0,7,Yes,No,Time,7
L6806,3,Mechanical,5.04,3-6L,After Application,5,0,10,No,No,Job,9
L6807,2,ECE,9.84,<3L,After Understanding,16,3,24,No,No,Difficulty,1
L6808,2,CSE,7.96,<3L,Before Counselling,21,1,21,No,No,Fee,5
L6809,2,Civil,8.6,3-6L,Before Counselling,11,1,3,No,Yes,Job,4
L6810,3,CSE,8.26,<3L,Before Counselling,7,3,13,Yes,No,Time,1
L6811,1,CSE,5.72,10L+,After Understanding,8,2,16,No,No,Time,7
L6812,1,IT,7.97,3-6L,After Understanding,17,4,24,Yes,Yes,Time,2
L6813,3,IT,5.66,3-6L,After Application,30,3,17,No,No,Difficulty,7
L6814,2,Civil,7.01,<3L,After Application,14,2,4,No,Yes,Time,7
L6815,1,CSE,7.84,3-6L,After Counselling,44,4,15,Yes,Yes,Job,6
L6816,2,ECE,7.79,3-6L,After Understanding,33,1,24,Yes,Yes,Difficulty,9
L6817,4,CSE,5.6,6-10L,After Understanding,24,0,2,No,No,Difficulty,7
L6818,4,IT,5.17,<3L,After Understanding,7,4,17,No,No,Job,8
L6819,3,CSE,8.99,10L+,Before Counselling,38,0,24,No,Yes,Fee,4
L6820,2,Mechanical,8.63,3-6L,After Application,15,2,7,No,No,Difficulty,4
L6821,3,Mechanical,5.41,3-6L,After Counselling,43,3,16,No,Yes,Job,7
L6822,4,ECE,5.64,10L+,After Understanding,25,3,16,No,Yes,Difficulty,4
L6823,4,Civil,9.46,10L+,After Understanding,17,0,4,Yes,No,Fee,4
L6824,2,CSE,8.85,<3L,After Understanding,33,4,5,Yes,No,Fee,2
L6825,4,Mechanical,9.98,6-10L,Before Counselling,2,4,18,Yes,No,Trust,2
L6826,1,Civil,6.27,<3L,After Counselling,39,2,14,Yes,Yes,Difficulty,5
L6827,2,Mechanical,7.44,3-6L,After Counselling,10,3,3,Yes,No,Difficulty,7
L6828,3,Civil,6.18,<3L,After Understanding,14,0,2,Yes,Yes,Job,6
L6829,2,Civil,8.11,3-6L,After Counselling,12,1,21,No,No,Job,1
L6830,4,Mechanical,5.58,3-6L,Before Counselling,17,3,7,No,No,Trust,9
L6831,1,IT,5.64,3-6L,After Understanding,14,3,6,Yes,Yes,Job,2
L6832,3,Civil,5.36,3-6L,After Application,10,2,7,No,No,Fee,3
L6833,4,CSE,8.47,3-6L,After Application,44,3,19,Yes,No,Time,4
L6834,4,Mechanical,7.47,<3L,After Counselling,39,2,22,No,No,Difficulty,7
L6835,1,IT,8.09,6-10L,After Application,40,2,2,Yes,Yes,Trust,7
L6836,2,Mechanical,9.4,3-6L,After Application,29,1,14,No,Yes,Difficulty,2
L6837,3,ECE,8.7,3-6L,After Understanding,45,4,7,No,No,Trust,6
L6838,1,CSE,7.31,10L+,Before Counselling,6,3,21,No,No,Time,9
L6839,4,ECE,9.92,<3L,After Understanding,40,2,13,Yes,No,Trust,9
L6840,4,Civil,7.28,3-6L,Before Counselling,31,2,11,Yes,Yes,Trust,3
L6841,1,Civil,5.56,3-6L,After Understanding,37,4,20,No,Yes,Time,3
L6842,1,ECE,9.96,<3L,After Application,9,4,4,No,No,Job,8
L6843,1,ECE,5.11,<3L,After Understanding,43,2,16,No,Yes,Fee,1
L6844,4,Civil,7.75,6-10L,After Counselling,45,3,15,No,No,Trust,5
L6845,1,IT,6.55,<3L,After Counselling,33,3,5,No,No,Fee,5
L6846,2,CSE,7.52,3-6L,Before Counselling,7,3,8,Yes,Yes,Trust,7
L6847,2,Mechanical,7.79,3-6L,Before Counselling,38,4,11,No,No,Time,9
L6848,3,ECE,6.2,3-6L,Before Counselling,8,3,15,No,No,Fee,2
L6849,1,CSE,7.78,6-10L,After Counselling,34,3,3,No,Yes,Difficulty,8
L6850,2,Mechanical,8.78,6-10L,After Understanding,17,3,2,No,No,Fee,6
L6851,4,Mechanical,6.33,<3L,After Application,17,4,17,No,Yes,Time,5
L6852,4,ECE,6.92,6-10L,Before Counselling,30,0,17,No,No,Job,1
L6853,3,IT,6.34,6-10L,After Understanding,18,0,14,No,Yes,Job,2
L6854,1,IT,9.1,<3L,After Understanding,39,3,2,No,Yes,Fee,5
L6855,2,CSE,8.62,10L+,After Counselling,15,0,7,Yes,Yes,Time,8
L6856,3,CSE,9.36,6-10L,After Counselling,45,3,5,No,No,Job,9
L6857,2,Civil,5.85,<3L,After Application,20,4,3,Yes,No,Job,7
L6858,4,IT,5.37,3-6L,After Understanding,25,3,8,No,No,Job,2
L6859,3,CSE,5.6,6-10L,Before Counselling,14,1,15,Yes,No,Fee,3
L6860,1,Civil,5.81,3-6L,After Counselling,27,2,24,No,No,Job,9
L6861,4,Mechanical,7.67,6-10L,After Understanding,47,4,2,No,No,Time,8
L6862,4,CSE,9.85,3-6L,After Counselling,35,1,11,No,No,Time,6
L6863,1,Civil,6.79,3-6L,After Understanding,28,1,7,No,Yes,Difficulty,3
L6864,3,IT,9.79,<3L,After Counselling,6,2,9,No,No,Job,1
L6865,2,Mechanical,5.19,3-6L,Before Counselling,41,1,10,No,No,Difficulty,6
L6866,2,CSE,9.63,3-6L,After Application,31,2,12,Yes,No,Difficulty,6
L6867,1,IT,5.91,6-10L,Before Counselling,14,3,7,No,No,Job,7
L6868,3,Mechanical,9.56,3-6L,After Counselling,16,4,9,Yes,No,Difficulty,9
L6869,4,ECE,5.28,<3L,After Counselling,44,4,17,No,No,Job,1
L6870,3,IT,9.74,<3L,After Counselling,36,4,18,No,No,Trust,8
L6871,1,ECE,6.0,3-6L,Before Counselling,5,2,8,No,No,Time,6
L6872,3,CSE,6.51,6-10L,After Counselling,32,2,9,No,Yes,Trust,2
L6873,2,Civil,7.45,6-10L,Before Counselling,11,1,9,No,No,Fee,7
L6874,4,CSE,6.9,3-6L,After Counselling,22,4,11,No,Yes,Fee,9
L6875,2,IT,8.34,<3L,After Application,43,1,23,No,Yes,Difficulty,1
L6876,1,ECE,9.87,<3L,After Application,40,3,10,No,No,Trust,8
L6877,1,ECE,8.03,<3L,After Counselling,28,1,20,No,Yes,Trust,6
L6878,3,Mechanical,8.61,6-10L,After Understanding,6,4,11,No,Yes,Job,2
L6879,2,CSE,5.44,<3L,Before Counselling,39,2,18,No,No,Difficulty,2
L6880,3,CSE,8.14,3-6L,After Counselling,6,1,10,No,Yes,Time,1
L6881,2,IT,7.27,3-6L,Before Counselling,46,1,15,Yes,No,Trust,1
L6882,2,ECE,9.43,10L+,After Understanding,20,2,3,No,No,Trust,2
L6883,2,IT,6.94,10L+,After Application,38,2,4,No,No,Job,6
L6884,4,IT,8.4,10L+,Before Counselling,4,4,21,Yes,No,Job,6
L6885,4,ECE,6.14,6-10L,Before Counselling,25,3,10,No,No,Time,3
L6886,2,IT,6.3,6-10L,Before Counselling,13,4,20,No,No,Difficulty,4
L6887,2,ECE,6.88,6-10L,Before Counselling,12,1,19,No,Yes,Job,9
L6888,1,IT,6.52,6-10L,Before Counselling,9,4,19,No,Yes,Fee,2
L6889,3,Civil,6.27,10L+,After Application,3,4,12,No,No,Trust,5
L6890,2,IT,5.25,3-6L,Before Counselling,32,2,10,No,No,Fee,1
L6891,4,IT,9.18,3-6L,Before Counselling,11,3,13,No,Yes,Fee,9
L6892,4,Civil,5.32,3-6L,After Application,5,3,9,Yes,Yes,Trust,4
L6893,2,CSE,9.44,3-6L,After Counselling,35,4,19,No,Yes,Trust,2
L6894,2,ECE,5.63,6-10L,After Counselling,24,2,9,No,Yes,Job,9
L6895,4,Mechanical,5.33,6-10L,Before Counselling,41,2,5,Yes,No,Difficulty,7
L6896,4,Civil,7.82,3-6L,After Application,6,1,7,No,No,Trust,7
L6897,1,CSE,7.51,<3L,Before Counselling,18,0,22,Yes,Yes,Difficulty,7
L6898,2,IT,7.46,10L+,After Counselling,38,1,17,No,Yes,Trust,3
L6899,2,CSE,7.87,<3L,After Application,6,1,22,No,Yes,Fee,7
L6900,2,Civil,6.44,<3L,After Understanding,22,1,14,No,No,Fee,6
L6901,1,IT,8.31,6-10L,After Application,42,0,17,No,Yes,Time,8
L6902,1,CSE,7.51,<3L,After Counselling,43,2,24,Yes,No,Job,5
L6903,3,Mechanical,6.67,<3L,After Application,14,2,22,No,No,Job,7
L6904,2,ECE,9.13,<3L,After Understanding,12,3,21,No,Yes,Trust,3
L6905,1,ECE,8.64,<3L,After Application,25,3,19,No,No,Trust,1
L6906,2,Civil,6.97,3-6L,Before Counselling,20,4,22,Yes,No,Job,7
L6907,4,IT,9.24,<3L,Before Counselling,18,4,9,Yes,No,Time,3
L6908,4,IT,9.6,3-6L,After Counselling,24,4,2,Yes,No,Trust,7
L6909,2,ECE,7.68,<3L,After Application,15,3,7,No,No,Difficulty,6
L6910,2,CSE,6.07,6-10L,After Counselling,31,3,19,Yes,No,Trust,9
L6911,4,IT,9.58,<3L,After Application,42,1,3,No,Yes,Difficulty,1
L6912,2,Mechanical,5.95,<3L,After Counselling,1,2,9,Yes,No,Difficulty,9
L6913,2,Mechanical,5.24,<3L,After Application,15,3,7,Yes,No,Fee,2
L6914,2,IT,6.64,3-6L,Before Counselling,34,0,7,Yes,No,Fee,2
L6915,1,IT,8.63,3-6L,After Counselling,2,1,23,No,No,Time,2
L6916,2,ECE,9.62,3-6L,After Counselling,36,0,15,No,Yes,Fee,9
L6917,4,Civil,8.19,10L+,After Understanding,23,0,4,No,No,Difficulty,7
L6918,3,ECE,9.76,10L+,After Application,24,2,19,Yes,No,Time,1
L6919,2,Civil,5.46,3-6L,Before Counselling,46,0,6,Yes,Yes,Fee,1
L6920,4,Mechanical,5.3,<3L,Before Counselling,32,0,23,No,No,Fee,7
L6921,1,Civil,8.02,3-6L,Before Counselling,46,0,17,No,Yes,Difficulty,1
L6922,2,ECE,9.83,<3L,After Counselling,13,0,19,No,Yes,Trust,7
L6923,3,IT,7.51,6-10L,Before Counselling,33,1,10,No,Yes,Time,2
L6924,3,Civil,5.26,<3L,After Counselling,42,1,23,Yes,No,Fee,8
L6925,1,ECE,6.11,6-10L,After Understanding,14,2,2,No,No,Difficulty,3
L6926,2,Mechanical,6.22,10L+,Before Counselling,17,2,12,Yes,No,Fee,8
L6927,3,Civil,6.69,3-6L,After Understanding,16,0,9,No,No,Trust,3
L6928,3,Mechanical,5.22,3-6L,After Application,32,4,9,No,No,Job,4
L6929,3,Mechanical,9.52,3-6L,After Application,15,0,14,No,Yes,Time,3
L6930,2,CSE,7.58,<3L,After Understanding,43,0,9,No,Yes,Time,8
L6931,1,Civil,8.35,10L+,After Application,31,2,17,No,Yes,Difficulty,4
L6932,2,ECE,5.34,3-6L,Before Counselling,12,3,22,Yes,Yes,Difficulty,9
L6933,1,Civil,5.27,<3L,Before Counselling,33,2,19,No,No,Fee,1
L6934,4,Civil,7.93,6-10L,After Counselling,3,1,10,No,No,Time,4
L6935,2,Mechanical,9.44,<3L,After Understanding,11,2,13,No,Yes,Fee,4
L6936,2,Mechanical,7.64,<3L,After Understanding,43,3,23,No,No,Job,2
L6937,3,Mechanical,9.39,3-6L,After Counselling,5,0,4,No,Yes,Time,7
L6938,2,Mechanical,9.05,3-6L,Before Counselling,47,3,2,No,Yes,Job,3
L6939,2,ECE,5.38,3-6L,After Understanding,27,2,22,No,Yes,Fee,6
L6940,4,IT,6.01,3-6L,After Counselling,16,4,21,Yes,No,Trust,5
L6941,4,CSE,8.29,<3L,After Understanding,35,1,21,Yes,No,Job,9
L6942,3,Mechanical,7.22,3-6L,After Understanding,40,3,10,No,No,Trust,4
L6943,1,Mechanical,6.45,<3L,After Counselling,16,2,23,Yes,No,Time,5
L6944,3,CSE,7.09,10L+,After Understanding,16,0,9,No,No,Trust,7
L6945,3,Mechanical,7.23,<3L,After Application,22,2,14,No,No,Trust,8
L6946,1,IT,9.55,<3L,After Counselling,4,0,18,Yes,Yes,Fee,6
L6947,2,Civil,5.52,10L+,After Counselling,32,4,24,No,No,Fee,1
L6948,4,CSE,6.4,10L+,After Application,27,1,8,Yes,Yes,Fee,7
L6949,1,ECE,7.69,6-10L,After Understanding,15,3,16,Yes,No,Fee,2
L6950,3,CSE,8.49,<3L,After Application,19,2,15,No,No,Time,9
L6951,2,IT,8.15,3-6L,After Understanding,26,2,17,Yes,No,Fee,4
L6952,2,ECE,9.71,3-6L,Before Counselling,15,3,18,No,No,Time,8
L6953,1,Civil,8.98,6-10L,After Application,45,0,17,No,No,Time,4
L6954,4,Mechanical,7.79,<3L,After Application,10,1,19,No,No,Trust,7
L6955,2,CSE,6.07,<3L,After Application,34,4,15,No,Yes,Time,9
L6956,3,ECE,7.25,3-6L,Before Counselling,38,3,7,No,No,Fee,6
L6957,3,CSE,8.47,<3L,After Understanding,26,1,21,No,No,Difficulty,1
L6958,3,Civil,9.19,3-6L,Before Counselling,8,2,22,Yes,No,Trust,8
L6959,4,CSE,9.8,6-10L,After Application,16,1,16,Yes,Yes,Time,2
L6960,3,ECE,8.03,6-10L,Before Counselling,29,4,6,No,No,Trust,7
L6961,2,IT,7.63,3-6L,After Application,32,1,18,No,Yes,Time,6
L6962,4,ECE,5.09,6-10L,After Counselling,21,2,2,Yes,No,Time,9
L6963,3,CSE,5.36,<3L,After Understanding,32,4,14,Yes,No,Trust,2
L6964,2,Civil,5.78,<3L,After Application,45,4,8,No,No,Trust,2
L6965,1,Mechanical,5.27,3-6L,Before Counselling,12,4,20,No,No,Job,9
L6966,4,Mechanical,7.0,<3L,Before Counselling,39,2,22,No,No,Job,6
L6967,2,Civil,6.68,<3L,Before Counselling,10,0,6,Yes,No,Fee,3
L6968,3,CSE,8.19,<3L,After Understanding,6,2,10,No,No,Time,2
L6969,2,Civil,7.68,10L+,After Counselling,37,0,5,No,No,Trust,1
L6970,1,CSE,7.98,10L+,After Understanding,18,0,8,Yes,No,Difficulty,5
L6971,3,ECE,7.36,3-6L,After Counselling,31,2,14,No,Yes,Trust,1
L6972,1,IT,6.39,<3L,Before Counselling,35,1,9,No,No,Job,7
L6973,2,CSE,9.76,<3L,After Understanding,3,2,24,No,No,Trust,3
L6974,3,Mechanical,5.43,<3L,After Counselling,5,4,5,No,No,Difficulty,1
L6975,2,Mechanical,9.69,<3L,Before Counselling,34,1,9,Yes,Yes,Trust,4
L6976,3,IT,6.56,<3L,Before Counselling,33,3,17,No,No,Trust,5
L6977,4,CSE,7.56,3-6L,After Understanding,36,3,14,Yes,No,Difficulty,6
L6978,3,IT,5.54,3-6L,After Counselling,10,3,11,No,Yes,Job,8
L6979,1,ECE,5.35,<3L,Before Counselling,45,4,15,No,No,Trust,5
L6980,1,IT,7.15,6-10L,Before Counselling,3,4,21,Yes,No,Job,1
L6981,3,ECE,8.71,6-10L,Before Counselling,11,0,11,Yes,Yes,Difficulty,4
L6982,4,Mechanical,6.35,3-6L,After Application,3,4,14,Yes,No,Trust,3
L6983,4,ECE,7.81,<3L,After Counselling,28,0,9,Yes,Yes,Trust,8
L6984,4,CSE,6.39,10L+,After Counselling,42,3,21,Yes,No,Time,7
L6985,2,CSE,6.94,3-6L,After Application,28,2,6,No,No,Fee,3
L6986,2,CSE,9.53,<3L,Before Counselling,9,2,22,Yes,No,Difficulty,1
L6987,2,CSE,9.28,3-6L,After Application,26,4,22,No,Yes,Job,1
L6988,1,Civil,7.58,3-6L,After Application,29,3,20,No,Yes,Difficulty,4
L6989,1,ECE,6.19,3-6L,After Application,10,3,14,No,No,Time,5
L6990,4,CSE,5.97,3-6L,After Counselling,27,0,3,Yes,No,Difficulty,7
L6991,2,IT,9.77,3-6L,Before Counselling,45,0,17,No,No,Fee,1
L6992,2,IT,6.01,6-10L,Before Counselling,32,3,15,No,No,Difficulty,4
L6993,1,Civil,9.04,3-6L,After Counselling,18,4,18,No,Yes,Job,4
L6994,4,ECE,6.84,<3L,After Counselling,18,4,4,No,Yes,Job,3
L6995,3,ECE,9.93,<3L,After Application,22,3,17,No,No,Fee,5
L6996,3,ECE,6.84,<3L,After Application,17,2,10,No,Yes,Time,5
L6997,4,Civil,6.76,3-6L,After Understanding,25,2,8,No,No,Trust,2
L6998,2,ECE,8.19,<3L,After Understanding,26,0,3,No,No,Trust,5
L6999,3,ECE,9.81,3-6L,After Counselling,5,3,12,No,Yes,Fee,6
L7000,1,CSE,9.88,<3L,After Application,9,2,12,Yes,No,Fee,1
L7001,1,ECE,8.54,6-10L,After Counselling,44,4,15,No,Yes,Job,4
L7002,4,CSE,8.77,6-10L,After Application,44,1,17,No,Yes,Fee,9
L7003,3,CSE,7.82,<3L,After Application,24,1,9,No,No,Job,6
L7004,2,ECE,8.78,3-6L,After Counselling,7,3,24,No,No,Difficulty,8
L7005,2,IT,9.3,10L+,After Counselling,20,0,23,No,No,Job,8
L7006,3,Mechanical,7.43,<3L,Before Counselling,44,1,16,Yes,No,Job,6
L7007,1,IT,8.1,10L+,Before Counselling,41,4,17,No,No,Difficulty,8
L7008,2,ECE,7.69,3-6L,After Understanding,8,4,3,No,No,Job,1
L7009,2,ECE,7.81,3-6L,After Counselling,19,4,5,No,No,Trust,3
L7010,2,IT,9.45,<3L,After Understanding,35,1,2,Yes,No,Job,5
L7011,4,ECE,6.78,6-10L,After Counselling,43,2,8,No,No,Fee,7
L7012,2,CSE,6.04,3-6L,After Counselling,44,4,12,Yes,No,Job,9
L7013,1,Civil,7.28,6-10L,After Counselling,25,0,19,No,No,Difficulty,4
L7014,3,ECE,6.04,6-10L,Before Counselling,17,3,23,No,No,Fee,8
L7015,4,ECE,7.49,3-6L,After Understanding,39,3,6,No,Yes,Difficulty,1
L7016,2,IT,9.52,<3L,After Counselling,25,3,6,No,Yes,Difficulty,4
L7017,1,CSE,8.09,<3L,After Understanding,35,2,21,No,No,Trust,5
L7018,2,IT,9.28,<3L,After Understanding,39,3,18,Yes,Yes,Time,3
L7019,3,IT,5.83,6-10L,Before Counselling,39,3,5,No,No,Trust,1
L7020,3,ECE,9.5,<3L,Before Counselling,46,1,10,Yes,No,Difficulty,6
L7021,4,CSE,8.01,<3L,After Counselling,2,2,15,No,Yes,Difficulty,6
L7022,4,ECE,5.16,<3L,After Application,16,2,10,No,No,Difficulty,3
L7023,3,ECE,8.17,6-10L,After Understanding,42,1,24,No,No,Difficulty,6
L7024,3,ECE,9.76,3-6L,Before Counselling,14,0,14,Yes,Yes,Difficulty,8
L7025,2,ECE,5.4,10L+,After Understanding,29,3,17,Yes,No,Trust,1
L7026,1,Civil,7.91,6-10L,After Application,39,0,21,No,No,Time,5
L7027,4,Mechanical,9.58,6-10L,After Understanding,2,1,14,No,No,Difficulty,3
L7028,2,CSE,5.05,<3L,After Counselling,10,1,10,Yes,No,Time,7
L7029,1,Civil,8.15,<3L,After Understanding,2,1,22,No,Yes,Fee,1
L7030,3,Mechanical,7.37,<3L,Before Counselling,27,1,13,Yes,Yes,Job,8
L7031,2,Mechanical,6.73,3-6L,After Counselling,13,4,13,No,Yes,Difficulty,6
L7032,3,Mechanical,8.14,6-10L,After Counselling,2,1,11,No,No,Difficulty,6
L7033,3,Civil,5.26,<3L,After Application,42,0,3,Yes,No,Difficulty,8
L7034,2,CSE,8.77,<3L,After Counselling,14,1,23,No,No,Job,3
L7035,4,IT,5.02,3-6L,Before Counselling,17,0,6,Yes,No,Time,6
L7036,2,Mechanical,6.53,<3L,After Application,44,1,12,No,No,Trust,9
L7037,2,IT,7.52,3-6L,After Counselling,38,1,3,No,No,Difficulty,1
L7038,3,IT,6.89,<3L,After Application,36,4,22,No,No,Job,8
L7039,3,ECE,6.54,3-6L,After Understanding,34,1,11,No,No,Fee,4
L7040,3,IT,9.15,3-6L,After Counselling,29,3,9,No,Yes,Job,4
L7041,2,ECE,9.67,3-6L,Before Counselling,47,4,21,No,No,Difficulty,8
L7042,3,CSE,9.37,<3L,Before Counselling,23,4,11,No,No,Time,8
L7043,1,CSE,7.61,<3L,After Counselling,23,3,12,Yes,No,Time,9
L7044,4,ECE,9.42,6-10L,After Understanding,16,4,10,No,No,Fee,8
L7045,2,CSE,9.6,6-10L,After Application,44,1,8,No,Yes,Difficulty,1
L7046,3,Mechanical,7.05,3-6L,Before Counselling,7,3,13,No,Yes,Fee,2
L7047,1,CSE,6.42,3-6L,Before Counselling,45,1,8,No,Yes,Fee,8
L7048,2,ECE,5.49,<3L,After Application,1,4,17,Yes,No,Difficulty,5
L7049,2,Mechanical,7.4,6-10L,After Application,19,2,20,Yes,Yes,Time,4
L7050,4,IT,9.73,6-10L,Before Counselling,45,3,17,No,No,Time,2
L7051,3,IT,7.8,3-6L,After Application,33,0,16,No,No,Time,2
L7052,4,IT,8.34,10L+,After Counselling,34,4,15,No,Yes,Time,6
L7053,2,ECE,5.56,<3L,Before Counselling,1,2,14,No,No,Time,2
L7054,2,IT,5.72,3-6L,Before Counselling,12,4,4,No,No,Fee,5
L7055,1,CSE,7.32,10L+,Before Counselling,25,1,14,No,No,Trust,9
L7056,4,IT,9.76,<3L,After Counselling,23,1,8,No,Yes,Difficulty,4
L7057,2,Civil,6.8,<3L,Before Counselling,25,1,3,No,Yes,Trust,6
L7058,4,Civil,9.39,6-10L,After Application,31,2,11,No,No,Fee,4
L7059,4,IT,5.6,<3L,Before Counselling,24,1,16,No,No,Difficulty,8
L7060,4,IT,8.09,6-10L,After Counselling,10,4,4,Yes,No,Fee,7
L7061,3,Civil,8.0,<3L,After Counselling,2,4,7,No,No,Difficulty,1
L7062,3,IT,9.3,3-6L,After Understanding,33,4,15,No,Yes,Job,2
L7063,3,Mechanical,5.02,<3L,Before Counselling,37,3,5,No,No,Fee,7
L7064,1,Civil,5.95,<3L,After Counselling,23,4,16,No,No,Fee,9
L7065,3,ECE,6.1,6-10L,After Understanding,2,1,6,No,No,Job,1
L7066,1,Civil,9.75,6-10L,Before Counselling,4,3,7,Yes,No,Time,6
L7067,2,CSE,5.77,<3L,After Counselling,23,3,20,No,No,Job,3
L7068,1,Mechanical,5.18,<3L,After Counselling,46,3,19,No,No,Job,5
L7069,1,ECE,7.67,6-10L,Before Counselling,41,3,21,No,No,Trust,7
L7070,2,IT,7.64,6-10L,Before Counselling,38,2,7,No,No,Trust,2
L7071,2,CSE,9.22,6-10L,After Understanding,23,4,5,No,No,Time,4
L7072,3,CSE,9.74,3-6L,Before Counselling,12,2,13,Yes,No,Trust,1
L7073,1,Mechanical,7.69,<3L,Before Counselling,44,0,15,Yes,Yes,Time,4
L7074,3,ECE,9.65,6-10L,After Application,24,2,8,Yes,Yes,Job,3
L7075,1,CSE,8.63,6-10L,Before Counselling,29,3,3,No,No,Trust,3
L7076,3,ECE,6.32,3-6L,After Counselling,41,4,3,No,Yes,Time,1
L7077,3,ECE,9.64,3-6L,After Understanding,28,4,22,Yes,Yes,Time,4
L7078,3,CSE,8.34,3-6L,After Understanding,15,1,21,Yes,Yes,Trust,4
L7079,3,ECE,7.07,6-10L,After Understanding,10,2,5,No,No,Difficulty,8
L7080,2,Mechanical,8.4,6-10L,After Counselling,34,4,21,Yes,No,Trust,7
L7081,3,CSE,7.01,6-10L,Before Counselling,29,0,24,No,No,Time,4
L7082,2,Mechanical,5.57,3-6L,After Counselling,31,0,4,No,No,Difficulty,1
L7083,2,Mechanical,8.59,3-6L,After Application,23,2,3,No,Yes,Trust,8
L7084,3,ECE,9.12,6-10L,After Understanding,18,1,22,No,Yes,Job,1
L7085,1,ECE,8.64,<3L,Before Counselling,7,0,7,No,No,Fee,6
L7086,3,CSE,6.15,3-6L,Before Counselling,27,1,15,No,Yes,Trust,3
L7087,3,IT,9.78,3-6L,After Understanding,9,2,9,No,No,Trust,6
L7088,2,CSE,5.13,10L+,After Application,20,4,12,No,No,Fee,7
L7089,1,Mechanical,6.66,<3L,After Application,21,1,20,No,No,Difficulty,2
L7090,1,ECE,6.3,<3L,Before Counselling,28,0,16,No,Yes,Fee,3
L7091,4,Mechanical,5.24,<3L,After Counselling,3,1,21,No,No,Difficulty,5
L7092,3,Civil,7.03,<3L,After Understanding,45,4,21,No,No,Time,1
L7093,1,Civil,8.12,<3L,After Counselling,10,4,21,No,No,Difficulty,3
L7094,2,Mechanical,9.41,3-6L,Before Counselling,17,0,24,No,No,Job,5
L7095,3,IT,9.95,6-10L,After Understanding,35,1,21,Yes,No,Fee,5
L7096,4,IT,9.04,3-6L,After Application,21,1,15,Yes,Yes,Job,1
L7097,1,CSE,7.34,<3L,After Application,9,3,24,No,Yes,Job,9
L7098,2,CSE,8.62,6-10L,After Application,17,0,5,Yes,Yes,Fee,1
L7099,4,CSE,9.22,3-6L,Before Counselling,32,1,11,Yes,No,Difficulty,1
L7100,1,ECE,7.33,<3L,After Application,38,2,9,Yes,Yes,Job,4
L7101,2,IT,8.93,<3L,After Understanding,28,3,6,Yes,No,Job,5
L7102,4,Mechanical,7.41,6-10L,After Understanding,18,0,19,No,No,Difficulty,4
L7103,3,Civil,6.93,6-10L,After Understanding,6,4,18,Yes,No,Job,9
L7104,2,IT,7.63,3-6L,After Understanding,6,0,6,No,No,Trust,2
L7105,1,IT,8.38,<3L,After Application,17,2,4,Yes,No,Fee,7
L7106,1,IT,8.63,6-10L,After Understanding,10,2,11,No,No,Difficulty,2
L7107,2,CSE,6.78,<3L,Before Counselling,2,4,22,No,Yes,Trust,5
L7108,4,ECE,7.86,6-10L,After Understanding,33,4,5,No,No,Trust,4
L7109,2,Mechanical,9.55,3-6L,After Application,43,4,20,No,No,Difficulty,3
L7110,3,CSE,9.88,<3L,After Application,25,3,24,No,Yes,Time,9
L7111,4,ECE,6.14,<3L,After Counselling,38,2,6,No,Yes,Job,1
L7112,2,IT,5.96,<3L,After Understanding,1,4,2,Yes,No,Job,8
L7113,1,ECE,8.38,<3L,After Application,16,2,5,No,No,Time,8
L7114,3,CSE,7.07,<3L,After Counselling,26,3,2,No,Yes,Time,1
L7115,4,IT,5.12,3-6L,Before Counselling,41,3,16,Yes,No,Time,9
L7116,4,CSE,6.73,3-6L,After Understanding,12,2,4,No,No,Job,3
L7117,1,Mechanical,9.03,3-6L,After Application,9,4,11,No,No,Fee,6
L7118,3,IT,8.99,3-6L,After Application,13,0,6,Yes,No,Job,8
L7119,3,ECE,7.47,6-10L,After Understanding,7,1,23,No,Yes,Fee,4
L7120,4,CSE,7.36,10L+,After Counselling,1,2,12,Yes,Yes,Job,9
L7121,1,Civil,7.9,<3L,After Understanding,31,3,18,Yes,Yes,Fee,5
L7122,3,ECE,6.1,3-6L,Before Counselling,35,4,10,No,No,Fee,4
L7123,4,ECE,7.63,<3L,Before Counselling,24,1,14,Yes,No,Trust,5
L7124,2,IT,5.06,<3L,After Understanding,3,2,15,Yes,No,Job,9
L7125,2,ECE,7.38,3-6L,After Counselling,19,0,10,No,Yes,Fee,7
L7126,1,CSE,6.68,3-6L,Before Counselling,4,0,18,No,No,Trust,5
L7127,2,Civil,8.37,6-10L,After Understanding,28,3,8,No,No,Job,1
L7128,2,Mechanical,8.19,3-6L,After Counselling,44,3,17,No,Yes,Fee,8
L7129,4,Civil,6.9,<3L,After Counselling,30,3,21,No,No,Trust,6
L7130,2,CSE,5.04,6-10L,After Application,36,2,14,No,Yes,Time,9
L7131,2,IT,6.26,<3L,Before Counselling,42,0,15,No,Yes,Fee,9
L7132,3,CSE,8.17,<3L,After Understanding,4,0,19,No,No,Trust,7
L7133,1,ECE,5.36,<3L,Before Counselling,23,3,12,Yes,Yes,Fee,2
L7134,2,IT,5.54,10L+,After Counselling,11,3,3,No,No,Job,4
L7135,3,Mechanical,8.24,3-6L,After Application,4,4,23,No,No,Trust,9
L7136,4,Mechanical,8.78,3-6L,Before Counselling,11,0,7,No,No,Job,3
L7137,3,CSE,6.61,6-10L,After Understanding,24,3,6,Yes,Yes,Trust,8
L7138,3,ECE,7.45,3-6L,Before Counselling,20,3,4,No,Yes,Fee,1
L7139,1,Mechanical,9.73,6-10L,After Counselling,45,3,8,Yes,No,Job,8
L7140,4,Civil,9.73,3-6L,After Application,17,4,4,Yes,Yes,Difficulty,7
L7141,1,IT,6.54,10L+,Before Counselling,13,0,14,Yes,No,Difficulty,3
L7142,3,Civil,9.05,6-10L,After Counselling,17,0,24,No,Yes,Difficulty,2
L7143,2,Mechanical,7.97,3-6L,After Counselling,15,0,3,Yes,No,Difficulty,4
L7144,4,Mechanical,9.88,<3L,After Application,4,4,3,No,Yes,Trust,1
L7145,3,CSE,7.39,10L+,After Counselling,18,2,19,No,Yes,Job,9
L7146,3,CSE,8.87,3-6L,Before Counselling,43,4,5,Yes,No,Trust,8
L7147,2,IT,8.84,3-6L,After Understanding,9,1,18,No,No,Job,8
L7148,2,CSE,7.49,6-10L,After Application,3,4,12,Yes,No,Difficulty,8
L7149,3,ECE,8.98,3-6L,After Counselling,27,1,8,No,Yes,Time,9
L7150,3,IT,6.31,<3L,Before Counselling,18,3,3,No,Yes,Fee,3
L7151,1,ECE,5.61,<3L,After Application,17,1,16,No,Yes,Difficulty,7
L7152,4,CSE,7.13,3-6L,After Counselling,10,4,15,Yes,No,Difficulty,1
L7153,4,IT,9.72,<3L,Before Counselling,37,2,15,No,Yes,Time,1
L7154,2,Mechanical,7.5,3-6L,After Counselling,29,0,7,No,No,Trust,8
L7155,4,Civil,8.18,6-10L,Before Counselling,47,4,6,No,No,Trust,7
L7156,3,Mechanical,8.12,<3L,After Counselling,5,0,15,No,No,Job,9
L7157,2,ECE,5.66,<3L,After Application,47,1,22,No,No,Fee,6
L7158,2,Mechanical,6.95,6-10L,After Application,6,3,5,Yes,No,Job,9
L7159,3,Mechanical,8.53,3-6L,After Application,40,3,15,No,No,Difficulty,8
L7160,3,Civil,9.86,<3L,After Counselling,35,4,6,No,No,Trust,1
L7161,2,Civil,5.84,6-10L,After Counselling,5,1,13,Yes,Yes,Difficulty,8
L7162,3,Mechanical,7.05,3-6L,After Application,15,1,14,No,No,Difficulty,5
L7163,3,Civil,5.48,<3L,After Application,27,0,13,Yes,No,Trust,9
L7164,3,Mechanical,6.21,<3L,After Understanding,44,1,18,No,Yes,Difficulty,9
L7165,1,IT,6.88,<3L,Before Counselling,39,2,19,No,No,Difficulty,1
L7166,4,Mechanical,7.7,6-10L,After Understanding,33,3,13,No,No,Fee,3
L7167,2,CSE,6.15,3-6L,Before Counselling,24,2,24,No,No,Job,3
L7168,2,Civil,6.14,3-6L,After Counselling,21,2,10,No,No,Fee,3
L7169,2,Civil,8.89,6-10L,Before Counselling,2,0,20,No,No,Time,6
L7170,2,ECE,9.81,<3L,Before Counselling,19,1,23,No,No,Fee,8
L7171,4,ECE,6.62,<3L,After Counselling,45,0,22,No,Yes,Job,3
L7172,2,CSE,8.44,<3L,After Counselling,18,3,16,Yes,No,Fee,3
L7173,3,Civil,6.29,<3L,After Counselling,10,0,10,Yes,Yes,Time,6
L7174,1,Civil,9.64,3-6L,After Application,45,2,14,No,Yes,Difficulty,7
L7175,2,ECE,8.36,3-6L,After Application,37,0,16,No,No,Difficulty,7
L7176,4,ECE,9.01,<3L,Before Counselling,23,1,13,No,Yes,Fee,8
L7177,3,Mechanical,5.25,<3L,After Counselling,45,0,11,No,No,Time,5
L7178,2,Civil,7.99,<3L,After Application,41,1,4,Yes,No,Job,6
L7179,3,Civil,7.64,10L+,After Counselling,1,2,11,No,Yes,Time,6
L7180,2,Mechanical,6.46,3-6L,Before Counselling,6,1,19,Yes,No,Fee,9
L7181,2,Civil,6.31,3-6L,After Application,1,1,11,No,No,Trust,9
L7182,3,CSE,7.9,<3L,After Application,18,1,5,Yes,Yes,Trust,3
L7183,3,ECE,8.53,3-6L,After Understanding,27,1,4,No,No,Time,5
L7184,2,ECE,5.17,<3L,Before Counselling,40,3,21,No,No,Fee,7
L7185,4,ECE,7.84,10L+,After Application,38,4,19,No,No,Time,1
L7186,3,IT,5.85,6-10L,Before Counselling,45,3,18,Yes,No,Fee,3
L7187,2,CSE,5.7,3-6L,Before Counselling,17,0,6,Yes,Yes,Job,7
L7188,3,CSE,8.12,3-6L,After Counselling,26,3,21,Yes,No,Trust,3
L7189,3,Mechanical,6.55,3-6L,Before Counselling,13,3,11,No,Yes,Difficulty,6
L7190,3,IT,7.2,<3L,After Understanding,10,1,3,Yes,Yes,Trust,8
L7191,2,Civil,6.8,<3L,After Application,38,0,23,Yes,No,Difficulty,8
L7192,3,CSE,8.24,3-6L,Before Counselling,26,0,22,No,No,Fee,8
L7193,1,IT,7.35,<3L,Before Counselling,31,2,2,Yes,Yes,Difficulty,1
L7194,4,IT,9.82,<3L,After Counselling,23,1,17,No,No,Job,3
L7195,3,CSE,6.76,3-6L,After Counselling,20,3,11,Yes,Yes,Fee,5
L7196,1,Mechanical,8.7,10L+,After Understanding,23,2,4,No,No,Trust,6
L7197,3,IT,6.29,10L+,Before Counselling,45,2,5,No,No,Trust,3
L7198,4,ECE,7.54,<3L,Before Counselling,27,3,2,No,No,Time,7
L7199,4,IT,7.76,<3L,Before Counselling,15,0,13,No,No,Difficulty,6
L7200,2,Civil,6.65,3-6L,Before Counselling,38,1,14,No,Yes,Fee,6
L7201,1,CSE,7.36,6-10L,After Application,11,1,9,No,No,Difficulty,2
L7202,3,Civil,6.4,10L+,Before Counselling,8,3,20,Yes,No,Job,6
L7203,1,Mechanical,5.03,6-10L,Before Counselling,14,1,6,Yes,No,Job,5
L7204,4,ECE,6.08,3-6L,After Application,13,4,13,Yes,No,Time,3
L7205,1,CSE,8.5,<3L,After Counselling,22,2,20,No,No,Fee,1
L7206,2,IT,8.85,<3L,After Understanding,34,2,5,No,No,Fee,9
L7207,2,ECE,6.4,<3L,Before Counselling,1,4,16,No,Yes,Difficulty,8
L7208,2,IT,7.04,3-6L,After Application,37,1,14,No,No,Time,6
L7209,3,Mechanical,5.19,<3L,Before Counselling,32,0,14,No,No,Trust,7
L7210,2,CSE,6.19,6-10L,After Counselling,11,4,4,No,No,Fee,2
L7211,1,Mechanical,8.9,6-10L,After Application,10,4,9,No,Yes,Fee,6
L7212,2,Mechanical,8.03,<3L,After Application,30,2,23,No,No,Fee,5
L7213,3,Mechanical,6.03,10L+,After Application,12,0,7,No,No,Time,1
L7214,1,Mechanical,6.29,3-6L,Before Counselling,42,0,18,No,Yes,Job,2
L7215,3,IT,9.08,10L+,After Counselling,41,1,12,Yes,No,Trust,9
L7216,3,Civil,6.05,10L+,After Understanding,34,0,8,No,Yes,Job,7
L7217,3,IT,6.67,<3L,After Application,25,1,16,Yes,Yes,Difficulty,5
L7218,4,ECE,8.32,<3L,Before Counselling,36,3,5,No,Yes,Fee,9
L7219,4,Mechanical,7.81,<3L,After Understanding,4,4,9,Yes,Yes,Difficulty,7
L7220,4,ECE,7.3,6-10L,After Application,21,4,3,No,No,Difficulty,7
L7221,2,IT,9.5,3-6L,Before Counselling,30,1,12,No,Yes,Fee,5
L7222,1,Mechanical,6.1,10L+,After Understanding,38,1,9,No,No,Time,5
L7223,2,IT,8.71,<3L,After Understanding,12,1,23,Yes,No,Difficulty,3
L7224,4,Mechanical,5.8,3-6L,After Application,39,4,20,No,No,Time,4
L7225,4,IT,8.08,10L+,Before Counselling,25,1,6,No,Yes,Job,6
L7226,4,CSE,9.35,3-6L,After Understanding,19,4,19,Yes,No,Trust,6
L7227,1,Civil,7.29,<3L,After Counselling,2,4,7,No,No,Trust,7
L7228,4,Civil,8.62,3-6L,After Counselling,22,2,20,Yes,No,Trust,6
L7229,2,Mechanical,9.1,<3L,After Understanding,30,2,21,No,Yes,Trust,6
L7230,1,CSE,5.68,<3L,After Application,36,3,6,No,Yes,Time,5
L7231,2,ECE,8.53,<3L,After Application,3,3,14,No,No,Job,6
L7232,1,CSE,9.6,<3L,After Application,23,0,24,No,No,Time,3
L7233,3,Mechanical,7.88,6-10L,After Understanding,4,1,13,Yes,No,Difficulty,8
L7234,2,CSE,5.93,<3L,After Application,28,4,10,No,No,Fee,6
L7235,2,ECE,5.63,6-10L,After Application,14,0,6,No,Yes,Difficulty,3
L7236,3,Mechanical,6.3,<3L,After Counselling,6,2,18,No,No,Time,8
L7237,4,Civil,5.52,<3L,Before Counselling,6,4,19,Yes,No,Difficulty,1
L7238,3,CSE,7.57,<3L,After Counselling,41,0,4,No,No,Difficulty,1
L7239,2,Civil,5.35,<3L,After Understanding,37,2,20,Yes,No,Difficulty,5
L7240,4,Civil,6.12,<3L,After Counselling,7,3,16,No,Yes,Job,4
L7241,4,IT,7.2,3-6L,Before Counselling,13,1,18,Yes,Yes,Job,7
L7242,1,ECE,7.37,10L+,After Counselling,1,1,10,Yes,Yes,Fee,2
L7243,3,CSE,7.83,<3L,After Application,24,0,5,No,No,Trust,2
L7244,2,Civil,8.53,<3L,Before Counselling,34,2,10,No,No,Time,6
L7245,1,Civil,5.24,<3L,After Understanding,10,0,5,No,No,Time,2
L7246,3,ECE,5.4,6-10L,After Counselling,6,2,4,Yes,No,Job,5
L7247,4,Civil,5.3,3-6L,After Counselling,4,2,10,No,No,Job,8
L7248,1,Civil,7.12,6-10L,After Application,8,1,12,No,No,Fee,9
L7249,4,Civil,5.21,<3L,Before Counselling,46,3,12,Yes,No,Time,2
L7250,4,Civil,8.73,<3L,After Application,15,3,21,No,Yes,Time,3
L7251,4,IT,6.12,<3L,After Counselling,45,4,9,No,No,Fee,3
L7252,2,IT,9.7,6-10L,After Counselling,12,2,3,No,Yes,Fee,2
L7253,4,Mechanical,7.43,<3L,Before Counselling,39,1,17,No,Yes,Difficulty,6
L7254,2,CSE,7.23,3-6L,After Counselling,47,2,24,No,No,Fee,7
L7255,3,ECE,8.9,3-6L,Before Counselling,6,4,3,No,No,Difficulty,1
L7256,1,Mechanical,8.57,3-6L,After Understanding,21,1,22,No,No,Time,4
L7257,1,IT,8.04,<3L,After Counselling,46,2,22,No,No,Difficulty,2
L7258,3,IT,9.68,3-6L,Before Counselling,32,3,21,No,Yes,Trust,1
L7259,2,IT,7.11,<3L,Before Counselling,32,3,6,No,No,Job,8
L7260,2,Mechanical,9.04,10L+,After Application,27,4,10,No,No,Difficulty,8
L7261,1,IT,6.9,<3L,After Counselling,47,3,3,No,No,Trust,4
L7262,3,Mechanical,9.19,<3L,After Application,11,2,10,No,No,Fee,6
L7263,1,IT,6.3,<3L,Before Counselling,22,4,12,No,Yes,Fee,4
L7264,4,Civil,6.45,6-10L,After Understanding,36,0,9,No,No,Fee,8
L7265,1,Civil,8.39,<3L,After Understanding,23,4,8,No,No,Fee,6
L7266,1,CSE,6.06,3-6L,After Counselling,37,3,7,No,Yes,Trust,9
L7267,2,IT,6.15,<3L,After Understanding,23,1,21,No,Yes,Job,7
L7268,2,CSE,6.53,<3L,After Counselling,27,4,16,Yes,No,Difficulty,7
L7269,2,Mechanical,8.39,3-6L,After Counselling,34,2,16,Yes,Yes,Job,7
L7270,2,CSE,9.45,<3L,Before Counselling,20,4,8,No,No,Difficulty,4
L7271,4,IT,8.37,3-6L,Before Counselling,15,3,23,No,Yes,Job,7
L7272,3,Mechanical,9.14,6-10L,Before Counselling,42,4,9,No,No,Trust,9
L7273,1,Mechanical,7.72,6-10L,After Application,4,2,18,Yes,No,Trust,4
L7274,2,Civil,5.34,<3L,Before Counselling,29,2,20,Yes,No,Fee,9
L7275,4,Mechanical,5.5,3-6L,After Counselling,40,3,3,Yes,No,Time,1
L7276,2,Mechanical,7.77,10L+,Before Counselling,11,2,10,No,Yes,Trust,3
L7277,1,CSE,6.64,6-10L,After Application,7,3,3,Yes,No,Trust,1
L7278,3,Mechanical,6.1,<3L,Before Counselling,11,4,14,No,Yes,Fee,3
L7279,3,ECE,7.33,3-6L,After Understanding,42,4,13,No,No,Time,5
L7280,3,Civil,8.33,10L+,After Counselling,33,0,24,No,No,Trust,5
L7281,1,Civil,6.92,3-6L,After Understanding,30,3,5,No,Yes,Trust,5
L7282,1,Mechanical,9.01,6-10L,After Understanding,32,1,20,No,No,Job,1
L7283,3,CSE,8.69,3-6L,After Application,40,3,9,No,Yes,Difficulty,4
L7284,2,Civil,8.67,<3L,After Understanding,37,4,14,No,No,Difficulty,6
L7285,3,Civil,9.93,<3L,Before Counselling,13,4,15,No,Yes,Job,5
L7286,3,ECE,6.48,<3L,After Counselling,7,2,8,Yes,No,Difficulty,4
L7287,2,Mechanical,8.22,<3L,After Understanding,24,0,2,Yes,No,Fee,1
L7288,4,Civil,9.28,6-10L,After Understanding,11,1,12,No,No,Time,5
L7289,4,Civil,7.9,3-6L,After Counselling,31,0,24,No,No,Trust,2
L7290,3,Civil,8.95,6-10L,Before Counselling,44,3,18,Yes,No,Difficulty,4
L7291,1,Civil,7.07,3-6L,After Understanding,14,3,18,No,No,Trust,4
L7292,1,CSE,7.95,<3L,After Counselling,44,4,16,No,No,Job,8
L7293,2,IT,5.28,<3L,Before Counselling,26,2,22,No,Yes,Job,2
L7294,1,ECE,9.93,10L+,Before Counselling,1,1,11,No,Yes,Difficulty,2
L7295,4,CSE,9.0,3-6L,Before Counselling,6,2,17,No,No,Job,5
L7296,1,ECE,9.34,3-6L,After Application,31,1,6,Yes,No,Difficulty,3
L7297,2,Civil,8.47,10L+,Before Counselling,43,0,3,No,Yes,Fee,5
L7298,2,ECE,5.93,<3L,Before Counselling,43,4,8,No,No,Difficulty,2
L7299,3,Mechanical,5.16,6-10L,After Counselling,12,2,4,No,Yes,Job,4
L7300,1,Mechanical,9.32,6-10L,After Application,1,3,16,No,Yes,Fee,9
L7301,2,IT,6.98,<3L,Before Counselling,6,4,12,No,No,Fee,7
L7302,2,IT,6.32,<3L,After Understanding,29,1,2,No,No,Difficulty,9
L7303,4,ECE,7.81,10L+,After Application,30,4,24,Yes,Yes,Trust,1
L7304,1,CSE,7.1,3-6L,After Counselling,13,3,17,No,No,Trust,7
L7305,4,CSE,8.26,<3L,After Application,30,3,12,Yes,Yes,Job,4
L7306,4,Civil,7.42,3-6L,After Understanding,12,1,21,No,Yes,Difficulty,4
L7307,2,CSE,8.49,3-6L,After Application,10,4,21,No,No,Trust,1
L7308,3,IT,9.27,6-10L,After Understanding,39,2,20,Yes,Yes,Difficulty,8
L7309,1,CSE,5.98,10L+,Before Counselling,10,4,8,No,No,Trust,7
L7310,4,Civil,6.65,10L+,Before Counselling,18,3,19,Yes,No,Fee,2
L7311,3,Mechanical,7.18,10L+,After Application,6,1,24,No,No,Difficulty,8
L7312,2,CSE,9.81,<3L,After Application,8,0,11,No,No,Trust,4
L7313,2,CSE,6.83,6-10L,After Counselling,20,0,9,No,No,Time,3
L7314,1,IT,6.91,<3L,After Counselling,41,4,3,No,No,Job,5
L7315,4,ECE,8.27,<3L,After Understanding,16,3,8,No,Yes,Job,5
L7316,1,Mechanical,7.1,6-10L,Before Counselling,2,4,9,No,No,Difficulty,4
L7317,3,ECE,9.76,3-6L,After Application,11,1,20,Yes,No,Time,6
L7318,2,Civil,9.47,10L+,Before Counselling,24,2,7,Yes,No,Fee,5
L7319,4,Civil,7.57,<3L,After Application,19,0,2,No,Yes,Job,2
L7320,2,ECE,8.22,6-10L,After Understanding,4,4,24,Yes,Yes,Difficulty,7
L7321,3,IT,5.29,<3L,Before Counselling,3,3,12,No,Yes,Job,9
L7322,2,IT,8.48,<3L,After Counselling,15,0,21,No,Yes,Difficulty,2
L7323,3,IT,8.54,3-6L,After Understanding,40,0,5,No,Yes,Time,2
L7324,1,Mechanical,6.8,<3L,Before Counselling,4,2,13,No,No,Trust,2
L7325,1,Civil,6.1,3-6L,After Understanding,43,4,10,Yes,No,Trust,7
L7326,2,Civil,9.58,10L+,After Application,17,2,24,No,No,Trust,6
L7327,3,Civil,7.13,3-6L,Before Counselling,9,3,9,No,No,Trust,4
L7328,1,Mechanical,8.27,<3L,Before Counselling,25,3,7,Yes,Yes,Fee,8
L7329,3,Civil,5.17,<3L,Before Counselling,1,4,19,Yes,Yes,Difficulty,2
L7330,2,ECE,7.07,3-6L,After Counselling,40,0,20,No,No,Fee,6
L7331,4,CSE,9.09,3-6L,After Understanding,2,1,21,No,No,Trust,1
L7332,4,Mechanical,6.94,3-6L,After Counselling,45,2,19,No,No,Trust,5
L7333,3,CSE,8.02,<3L,After Counselling,33,0,2,No,Yes,Time,8
L7334,2,ECE,6.05,6-10L,After Understanding,22,3,10,Yes,No,Job,1
L7335,2,IT,7.08,<3L,After Understanding,42,3,14,No,Yes,Trust,2
L7336,1,IT,9.64,3-6L,Before Counselling,12,0,13,No,Yes,Fee,1
L7337,2,IT,7.83,3-6L,Before Counselling,27,0,19,Yes,No,Fee,4
L7338,3,Mechanical,9.51,<3L,After Understanding,11,3,22,No,No,Fee,9
L7339,3,IT,9.51,6-10L,Before Counselling,42,2,8,Yes,No,Time,4
L7340,4,Mechanical,9.72,3-6L,After Application,14,2,12,No,Yes,Fee,7
L7341,2,Mechanical,9.48,3-6L,Before Counselling,14,0,19,No,Yes,Difficulty,5
L7342,3,CSE,5.02,3-6L,After Understanding,40,4,23,Yes,Yes,Difficulty,9
L7343,2,IT,9.67,10L+,After Counselling,43,3,11,Yes,No,Time,5
L7344,3,Civil,5.69,3-6L,After Understanding,22,1,9,No,No,Difficulty,6
L7345,2,IT,5.2,<3L,After Understanding,9,3,15,No,No,Time,6
L7346,2,IT,5.28,<3L,After Counselling,15,2,15,No,No,Time,1
L7347,2,IT,6.74,<3L,After Application,33,2,14,No,Yes,Time,3
L7348,3,Civil,8.1,<3L,Before Counselling,19,1,8,Yes,No,Difficulty,2
L7349,4,Civil,7.01,10L+,After Application,31,2,16,No,Yes,Trust,7
L7350,2,Mechanical,5.13,3-6L,After Counselling,18,1,7,No,No,Difficulty,4
L7351,1,Civil,7.38,6-10L,After Application,12,2,13,No,No,Time,9
L7352,2,Mechanical,7.21,<3L,After Counselling,40,1,12,No,No,Job,3
L7353,3,CSE,8.78,3-6L,After Understanding,37,4,19,No,Yes,Difficulty,7
L7354,1,Mechanical,6.4,10L+,After Application,45,3,5,No,No,Job,5
L7355,3,IT,6.09,<3L,Before Counselling,1,2,5,No,No,Difficulty,2
L7356,4,ECE,6.28,3-6L,Before Counselling,34,0,14,No,No,Time,1
L7357,4,ECE,6.52,10L+,After Counselling,7,1,8,No,Yes,Difficulty,5
L7358,1,IT,8.0,10L+,After Understanding,2,1,24,No,No,Fee,3
L7359,4,Mechanical,7.36,6-10L,After Application,22,1,20,No,Yes,Fee,7
L7360,3,IT,6.68,6-10L,After Application,4,2,5,No,No,Time,9
L7361,2,Civil,6.87,3-6L,After Counselling,45,3,2,Yes,No,Trust,4
L7362,3,Mechanical,6.85,<3L,After Application,46,0,9,No,Yes,Job,9
L7363,4,IT,9.86,6-10L,Before Counselling,20,1,13,No,No,Difficulty,6
L7364,2,Civil,6.16,10L+,Before Counselling,3,1,13,No,No,Time,1
L7365,2,Civil,9.09,3-6L,After Application,9,1,21,Yes,Yes,Job,7
L7366,2,Mechanical,8.54,<3L,After Application,18,1,12,No,No,Difficulty,3
L7367,3,CSE,5.03,3-6L,After Understanding,16,0,22,No,Yes,Difficulty,2
L7368,1,CSE,9.97,3-6L,After Understanding,9,1,22,No,No,Trust,1
L7369,4,Civil,8.78,<3L,After Application,19,0,18,No,Yes,Job,9
L7370,3,CSE,8.41,6-10L,After Application,6,0,18,No,Yes,Difficulty,4
L7371,3,Civil,7.03,3-6L,After Counselling,44,1,24,No,Yes,Trust,4
L7372,1,CSE,7.78,3-6L,After Understanding,15,4,13,Yes,No,Fee,3
L7373,3,Civil,6.27,<3L,After Application,6,0,13,Yes,No,Trust,1
L7374,1,Civil,5.18,<3L,After Counselling,5,4,18,Yes,No,Job,4
L7375,1,Civil,9.18,3-6L,After Understanding,29,0,10,No,Yes,Trust,1
L7376,3,Civil,9.48,3-6L,After Counselling,46,2,23,Yes,Yes,Fee,8
L7377,2,ECE,5.81,<3L,After Application,27,1,14,No,No,Fee,6
L7378,3,CSE,8.94,<3L,Before Counselling,45,2,18,No,Yes,Job,2
L7379,1,Civil,8.71,<3L,Before Counselling,41,0,2,No,No,Time,2
L7380,2,IT,5.89,3-6L,Before Counselling,26,2,22,No,No,Trust,7
L7381,1,Mechanical,7.11,10L+,Before Counselling,28,1,4,No,Yes,Job,3
L7382,4,IT,7.11,6-10L,After Application,32,1,9,No,Yes,Difficulty,2
L7383,3,IT,8.8,6-10L,Before Counselling,25,0,9,No,Yes,Trust,1
L7384,3,ECE,9.19,3-6L,Before Counselling,7,0,9,No,Yes,Fee,2
L7385,2,CSE,5.47,3-6L,After Application,30,4,7,Yes,Yes,Trust,2
L7386,1,ECE,7.81,<3L,After Understanding,31,3,16,No,No,Job,5
L7387,4,CSE,8.81,6-10L,After Understanding,12,2,22,No,No,Time,4
L7388,2,Civil,8.93,3-6L,After Understanding,9,4,6,No,Yes,Time,5
L7389,2,ECE,5.74,6-10L,After Counselling,34,2,7,Yes,No,Difficulty,6
L7390,3,Mechanical,7.63,3-6L,After Understanding,3,1,23,Yes,No,Job,8
L7391,1,CSE,9.29,<3L,After Application,37,0,24,Yes,No,Trust,6
L7392,4,ECE,6.59,<3L,After Understanding,28,2,7,No,No,Fee,9
L7393,3,Mechanical,7.13,6-10L,After Counselling,46,3,11,No,Yes,Trust,5
L7394,2,IT,9.02,<3L,After Counselling,22,1,24,No,No,Trust,6
L7395,1,Civil,5.45,<3L,Before Counselling,26,1,20,No,Yes,Fee,4
L7396,1,Civil,9.3,10L+,After Application,19,4,3,Yes,Yes,Difficulty,4
L7397,4,IT,6.56,3-6L,After Understanding,21,3,8,No,No,Time,5
L7398,3,ECE,5.01,<3L,After Understanding,37,1,20,No,Yes,Time,1
L7399,2,IT,6.17,<3L,After Application,10,3,14,No,No,Trust,2
L7400,1,Mechanical,5.45,<3L,After Application,16,0,5,No,No,Job,4
L7401,3,CSE,5.46,3-6L,After Application,24,3,12,No,No,Time,7
L7402,3,ECE,8.46,6-10L,After Application,25,4,19,No,No,Difficulty,2
L7403,2,CSE,6.07,<3L,After Application,26,4,22,No,No,Difficulty,2
L7404,2,IT,9.67,6-10L,After Application,1,2,22,No,No,Fee,4
L7405,2,Civil,7.58,<3L,After Application,4,0,12,Yes,No,Job,4
L7406,3,CSE,7.3,<3L,After Counselling,37,0,14,No,No,Time,9
L7407,4,CSE,7.17,10L+,Before Counselling,43,3,11,No,No,Job,9
L7408,1,Civil,8.46,<3L,After Understanding,14,4,18,No,No,Time,5
L7409,3,CSE,7.26,6-10L,After Counselling,24,4,5,No,No,Fee,1
L7410,2,CSE,5.64,6-10L,After Counselling,27,4,4,Yes,No,Job,8
L7411,2,Civil,9.4,<3L,After Understanding,43,0,8,No,Yes,Job,6
L7412,2,Civil,7.14,3-6L,After Counselling,27,4,17,No,No,Time,5
L7413,4,IT,5.37,3-6L,After Application,24,2,22,Yes,No,Trust,1
L7414,2,IT,7.65,10L+,After Counselling,40,1,7,No,Yes,Time,6
L7415,3,CSE,8.24,3-6L,After Understanding,1,4,19,No,No,Job,5
L7416,2,ECE,6.38,3-6L,Before Counselling,39,2,2,Yes,No,Fee,3
L7417,1,IT,9.0,<3L,After Understanding,13,2,20,No,Yes,Fee,7
L7418,1,IT,8.35,3-6L,Before Counselling,20,1,11,Yes,Yes,Trust,4
L7419,3,ECE,8.25,<3L,After Application,38,0,4,No,No,Trust,2
L7420,1,ECE,7.1,<3L,After Counselling,36,4,24,No,Yes,Job,1
L7421,3,Civil,9.81,10L+,After Understanding,12,2,12,No,No,Trust,2
L7422,2,IT,6.37,<3L,After Understanding,5,2,8,Yes,Yes,Fee,7
L7423,2,Mechanical,7.89,<3L,Before Counselling,5,1,7,Yes,No,Job,9
L7424,2,Mechanical,6.55,3-6L,After Counselling,17,2,15,Yes,No,Trust,1
L7425,2,CSE,8.72,6-10L,After Understanding,38,4,21,Yes,No,Fee,1
L7426,1,IT,5.24,<3L,After Understanding,10,0,9,Yes,Yes,Trust,1
L7427,2,Mechanical,5.23,<3L,After Counselling,16,2,12,Yes,No,Fee,2
L7428,3,IT,9.05,<3L,After Application,24,0,3,No,Yes,Job,8
L7429,3,IT,7.17,<3L,Before Counselling,29,2,8,No,Yes,Fee,2
L7430,2,Mechanical,6.71,3-6L,After Understanding,14,2,18,Yes,Yes,Difficulty,4
L7431,2,IT,8.04,3-6L,After Counselling,10,4,6,Yes,No,Time,2
L7432,1,ECE,8.51,3-6L,After Application,29,0,7,Yes,Yes,Fee,6
L7433,2,CSE,6.01,3-6L,After Understanding,28,3,23,No,No,Difficulty,6
L7434,1,Civil,5.93,6-10L,After Application,17,4,18,Yes,No,Trust,8
L7435,4,Mechanical,9.79,3-6L,After Understanding,5,0,24,Yes,No,Time,2
L7436,2,Civil,7.95,10L+,After Understanding,2,0,16,No,Yes,Fee,1
L7437,2,CSE,6.95,3-6L,After Application,36,0,4,No,Yes,Fee,1
L7438,2,ECE,9.01,6-10L,Before Counselling,40,3,19,No,Yes,Job,5
L7439,1,ECE,7.63,3-6L,After Application,46,4,16,Yes,No,Fee,5
L7440,3,ECE,6.21,3-6L,After Counselling,45,3,24,No,Yes,Time,2
L7441,1,ECE,6.03,6-10L,After Understanding,39,2,5,No,Yes,Trust,6
L7442,1,Mechanical,6.98,<3L,After Application,9,1,24,No,No,Job,2
L7443,3,Mechanical,9.3,3-6L,After Application,36,3,22,No,No,Time,7
L7444,2,IT,5.31,6-10L,After Understanding,5,2,11,No,No,Fee,3
L7445,3,IT,6.09,6-10L,After Understanding,15,3,12,Yes,No,Time,2
L7446,3,CSE,9.47,3-6L,After Application,9,0,24,No,No,Time,6
L7447,2,IT,5.61,3-6L,Before Counselling,25,1,2,Yes,Yes,Trust,1
L7448,3,CSE,8.15,<3L,After Understanding,28,1,11,No,No,Fee,5
L7449,1,CSE,6.07,10L+,After Application,27,2,23,No,Yes,Difficulty,6
L7450,3,CSE,8.03,<3L,After Counselling,46,3,16,No,No,Job,8
L7451,2,ECE,6.92,6-10L,Before Counselling,47,3,9,No,No,Trust,3
L7452,2,Civil,5.51,<3L,After Counselling,33,3,10,No,No,Job,7
L7453,3,Civil,7.91,<3L,After Understanding,33,2,2,No,No,Fee,1
L7454,4,Mechanical,8.42,<3L,After Understanding,38,3,22,No,No,Job,6
L7455,4,CSE,8.4,3-6L,Before Counselling,8,1,13,No,Yes,Time,1
L7456,3,ECE,8.19,<3L,After Understanding,4,1,17,No,No,Time,7
L7457,2,IT,7.5,<3L,After Counselling,43,4,8,Yes,Yes,Time,8
L7458,2,IT,7.6,<3L,After Application,36,3,13,Yes,No,Difficulty,6
L7459,2,Mechanical,8.18,<3L,After Application,43,3,13,Yes,No,Time,1
L7460,2,Mechanical,8.45,<3L,After Counselling,31,1,12,No,No,Time,8
L7461,2,CSE,8.27,<3L,After Counselling,10,1,17,No,Yes,Fee,2
L7462,4,CSE,7.93,6-10L,After Understanding,41,0,9,No,No,Time,9
L7463,2,IT,5.78,3-6L,After Understanding,42,0,20,Yes,Yes,Difficulty,1
L7464,2,IT,6.05,3-6L,Before Counselling,8,4,9,No,Yes,Difficulty,6
L7465,2,IT,6.3,10L+,After Application,30,1,6,Yes,Yes,Trust,5
L7466,4,IT,9.6,3-6L,Before Counselling,14,4,18,No,No,Difficulty,5
L7467,3,Civil,8.8,10L+,After Counselling,45,3,17,No,No,Time,6
L7468,3,CSE,7.76,<3L,After Counselling,35,3,5,No,No,Job,6
L7469,2,CSE,6.26,3-6L,Before Counselling,46,1,19,Yes,No,Trust,8
L7470,4,IT,5.55,<3L,Before Counselling,46,2,13,No,Yes,Difficulty,4
L7471,1,ECE,9.49,3-6L,After Application,3,4,22,No,Yes,Trust,9
L7472,4,IT,9.46,3-6L,After Counselling,29,2,5,No,Yes,Fee,8
L7473,3,Mechanical,5.55,<3L,Before Counselling,16,3,19,No,No,Time,1
L7474,2,ECE,8.99,6-10L,After Application,10,4,8,No,Yes,Time,4
L7475,2,Mechanical,7.23,3-6L,After Understanding,4,3,3,No,Yes,Trust,8
L7476,3,ECE,6.62,<3L,After Understanding,4,0,3,Yes,No,Difficulty,8
L7477,1,Mechanical,8.7,3-6L,After Application,2,1,14,No,Yes,Job,4
L7478,4,IT,8.07,6-10L,Before Counselling,11,0,5,No,No,Difficulty,8
L7479,2,IT,8.9,<3L,After Application,15,4,6,No,Yes,Trust,3
L7480,2,ECE,5.37,<3L,After Application,11,0,13,No,No,Difficulty,3
L7481,1,Mechanical,6.59,6-10L,Before Counselling,23,4,12,No,No,Trust,9
L7482,2,Civil,6.6,10L+,After Understanding,38,2,4,Yes,No,Time,7
L7483,2,ECE,6.65,<3L,After Application,30,1,12,No,No,Time,6
L7484,2,ECE,7.51,10L+,After Understanding,1,2,10,Yes,No,Time,2
L7485,3,CSE,6.42,<3L,After Application,45,3,23,No,No,Trust,9
L7486,2,ECE,7.22,10L+,After Counselling,33,1,9,Yes,No,Time,1
L7487,4,Civil,6.84,3-6L,Before Counselling,45,0,22,Yes,Yes,Fee,1
L7488,3,IT,8.68,6-10L,After Understanding,37,4,9,Yes,Yes,Job,8
L7489,4,Mechanical,8.02,6-10L,Before Counselling,23,1,11,No,No,Trust,3
L7490,1,CSE,8.27,<3L,After Understanding,18,3,7,No,No,Time,9
L7491,2,Mechanical,6.05,<3L,After Understanding,10,2,24,Yes,No,Fee,7
L7492,2,IT,6.63,3-6L,Before Counselling,17,3,19,Yes,Yes,Difficulty,7
L7493,3,ECE,5.11,<3L,After Application,7,0,7,No,No,Job,1
L7494,4,Civil,5.54,3-6L,After Application,15,4,22,No,No,Job,1
L7495,1,CSE,6.33,10L+,After Counselling,27,4,13,No,No,Time,7
L7496,1,Civil,5.33,<3L,After Understanding,9,0,17,Yes,Yes,Trust,9
L7497,4,Civil,8.01,3-6L,Before Counselling,21,4,22,No,Yes,Trust,2
L7498,2,Civil,9.99,<3L,After Understanding,37,1,17,No,Yes,Fee,7
L7499,3,Civil,5.5,3-6L,After Application,29,1,24,No,No,Trust,8
L7500,3,IT,9.11,<3L,Before Counselling,42,0,5,No,No,Time,2
L7501,4,Civil,5.59,<3L,Before Counselling,45,0,19,No,Yes,Job,1
L7502,1,Civil,8.35,6-10L,After Understanding,33,3,14,No,No,Job,7
L7503,1,IT,8.22,6-10L,After Counselling,6,4,4,No,No,Job,1
L7504,3,Mechanical,9.51,6-10L,After Application,25,2,13,No,Yes,Time,2
L7505,4,IT,5.57,6-10L,After Application,35,0,21,No,No,Difficulty,5
L7506,2,ECE,6.58,3-6L,After Understanding,17,3,20,Yes,Yes,Time,3
L7507,2,IT,5.45,6-10L,After Understanding,44,0,24,Yes,No,Job,5
L7508,3,Mechanical,7.04,<3L,After Counselling,27,0,6,No,No,Job,8
L7509,4,ECE,9.56,<3L,After Application,43,1,20,No,Yes,Trust,5
L7510,4,ECE,8.91,<3L,After Counselling,40,4,20,Yes,No,Job,3
L7511,4,CSE,8.61,<3L,Before Counselling,25,0,13,Yes,Yes,Fee,2
L7512,1,Civil,7.67,<3L,Before Counselling,12,4,6,Yes,No,Time,5
L7513,1,ECE,9.42,<3L,After Counselling,43,3,3,No,No,Trust,1
L7514,3,ECE,7.25,3-6L,After Counselling,37,0,17,Yes,No,Trust,6
L7515,4,Mechanical,5.75,<3L,After Understanding,40,2,22,No,No,Difficulty,4
L7516,2,ECE,9.19,6-10L,After Application,44,1,5,Yes,Yes,Difficulty,5
L7517,2,Mechanical,6.4,3-6L,After Application,38,2,23,No,No,Job,9
L7518,3,Civil,5.27,10L+,After Application,41,1,16,Yes,Yes,Fee,5
L7519,1,CSE,5.63,<3L,After Counselling,25,0,11,No,No,Fee,3
L7520,2,CSE,8.05,3-6L,After Understanding,2,0,23,No,No,Trust,8
L7521,3,Civil,8.04,3-6L,After Understanding,1,4,7,No,No,Time,8
L7522,3,Civil,6.3,10L+,After Understanding,3,1,8,No,No,Difficulty,1
L7523,3,IT,8.64,<3L,After Counselling,29,3,3,No,No,Trust,8
L7524,2,ECE,8.87,<3L,After Counselling,14,2,5,No,Yes,Difficulty,9
L7525,3,ECE,9.6,<3L,After Understanding,45,3,16,No,No,Difficulty,5
L7526,3,ECE,7.92,<3L,After Counselling,34,1,14,Yes,Yes,Fee,5
L7527,3,Mechanical,8.9,3-6L,Before Counselling,22,3,10,No,Yes,Trust,8
L7528,3,IT,8.77,6-10L,After Application,36,1,6,Yes,No,Fee,1
L7529,2,ECE,6.29,<3L,After Application,15,4,18,Yes,Yes,Fee,2
L7530,1,Mechanical,6.55,<3L,After Application,37,4,7,No,No,Trust,9
L7531,1,Mechanical,7.39,<3L,Before Counselling,10,3,15,No,No,Time,6
L7532,2,CSE,5.1,<3L,After Understanding,9,3,6,No,No,Difficulty,3
L7533,3,Mechanical,6.49,10L+,After Application,35,1,3,No,No,Fee,6
L7534,4,Civil,7.37,6-10L,After Counselling,46,4,15,No,No,Time,9
L7535,3,Mechanical,5.54,<3L,Before Counselling,42,3,20,No,No,Job,7
L7536,3,Civil,5.63,<3L,After Understanding,17,1,20,Yes,No,Trust,9
L7537,2,Civil,7.32,10L+,Before Counselling,47,1,24,No,No,Job,7
L7538,2,CSE,8.65,<3L,After Application,18,3,14,Yes,Yes,Job,1
L7539,2,CSE,9.17,3-6L,After Understanding,25,2,22,No,No,Trust,9
L7540,1,Mechanical,7.73,10L+,After Application,35,0,13,Yes,No,Difficulty,4
L7541,1,CSE,7.37,3-6L,After Understanding,16,1,2,Yes,No,Time,2
L7542,3,CSE,6.92,<3L,After Application,45,4,4,No,No,Job,9
L7543,4,ECE,5.96,<3L,After Understanding,25,0,11,No,No,Job,5
L7544,1,Mechanical,5.73,10L+,Before Counselling,16,1,9,Yes,No,Time,2
L7545,1,Mechanical,8.96,<3L,After Understanding,41,2,14,No,No,Job,9
L7546,3,Mechanical,7.33,<3L,After Understanding,24,0,20,No,No,Trust,7
L7547,2,CSE,8.95,6-10L,Before Counselling,12,4,4,No,Yes,Time,7
L7548,4,CSE,8.52,6-10L,After Understanding,35,0,4,No,No,Fee,1
L7549,3,Civil,5.97,3-6L,Before Counselling,9,3,19,No,Yes,Fee,5
L7550,4,IT,7.55,<3L,After Application,37,1,4,Yes,Yes,Difficulty,4
L7551,2,IT,7.22,3-6L,After Application,32,3,13,No,Yes,Job,5
L7552,3,IT,7.12,<3L,After Application,19,2,3,No,No,Trust,7
L7553,2,ECE,7.71,<3L,After Understanding,22,0,9,No,No,Time,6
L7554,3,CSE,9.91,6-10L,After Counselling,45,3,22,No,Yes,Job,7
L7555,2,Civil,9.06,<3L,After Counselling,34,2,15,No,No,Trust,4
L7556,1,Civil,9.52,<3L,After Application,19,3,20,No,Yes,Trust,1
L7557,3,IT,5.15,<3L,Before Counselling,12,4,12,No,No,Fee,7
L7558,3,ECE,5.7,3-6L,After Understanding,18,3,17,No,Yes,Fee,1
L7559,4,ECE,5.42,6-10L,Before Counselling,5,1,15,No,No,Trust,6
L7560,3,IT,6.32,6-10L,After Understanding,26,3,9,No,No,Job,1
L7561,3,IT,7.21,3-6L,Before Counselling,27,3,21,No,No,Time,2
L7562,1,CSE,8.21,3-6L,After Application,20,3,15,No,No,Difficulty,3
L7563,3,ECE,7.5,3-6L,After Counselling,8,3,13,No,No,Job,3
L7564,3,Civil,9.52,<3L,Before Counselling,16,3,18,No,No,Trust,7
L7565,4,IT,9.7,<3L,After Application,2,0,24,Yes,No,Time,9
L7566,4,CSE,5.82,3-6L,After Counselling,45,0,13,No,Yes,Difficulty,2
L7567,1,Civil,9.26,<3L,After Counselling,1,4,22,Yes,Yes,Trust,5
L7568,4,ECE,7.41,<3L,After Counselling,5,0,13,No,No,Time,6
L7569,1,IT,7.27,3-6L,Before Counselling,31,2,13,No,Yes,Time,8
L7570,2,IT,8.92,3-6L,Before Counselling,23,1,8,No,Yes,Difficulty,6
L7571,3,CSE,5.47,3-6L,After Counselling,21,3,11,No,Yes,Trust,6
L7572,1,CSE,9.41,6-10L,Before Counselling,12,3,17,No,No,Fee,6
L7573,3,ECE,8.35,3-6L,After Application,4,3,4,Yes,No,Job,4
L7574,1,IT,9.38,10L+,After Understanding,37,4,4,No,Yes,Difficulty,7
L7575,1,CSE,9.97,<3L,After Counselling,11,4,2,No,Yes,Job,6
L7576,3,IT,7.59,3-6L,After Understanding,42,2,6,No,No,Difficulty,1
L7577,3,ECE,5.47,<3L,After Counselling,40,3,9,No,Yes,Fee,7
L7578,4,IT,5.83,<3L,After Understanding,9,4,18,No,Yes,Job,1
L7579,3,Civil,6.62,6-10L,After Counselling,26,3,17,No,No,Time,6
L7580,3,IT,5.52,<3L,After Application,39,0,17,No,Yes,Time,2
L7581,2,Mechanical,9.08,<3L,After Counselling,27,3,19,No,Yes,Job,5
L7582,1,Mechanical,6.48,3-6L,After Application,29,2,19,No,No,Trust,1
L7583,1,ECE,9.88,<3L,After Counselling,46,2,15,Yes,No,Time,7
L7584,3,ECE,8.51,3-6L,Before Counselling,43,4,13,No,Yes,Difficulty,1
L7585,3,ECE,5.87,<3L,After Understanding,25,3,11,No,Yes,Trust,7
L7586,2,Civil,7.38,<3L,After Application,18,2,3,No,No,Difficulty,8
L7587,3,Civil,7.33,6-10L,After Counselling,30,0,22,No,Yes,Fee,4
L7588,3,IT,7.46,3-6L,Before Counselling,8,4,24,No,No,Time,3
L7589,1,CSE,7.68,3-6L,After Counselling,2,0,4,Yes,No,Fee,1
L7590,1,Mechanical,5.16,3-6L,After Understanding,22,2,2,No,Yes,Trust,7
L7591,4,Mechanical,8.43,6-10L,After Counselling,21,4,10,No,No,Difficulty,2
L7592,3,Mechanical,7.44,6-10L,Before Counselling,39,3,5,No,No,Time,4
L7593,4,IT,8.95,<3L,After Counselling,26,1,22,No,No,Job,4
L7594,1,IT,9.08,<3L,After Counselling,29,3,17,No,No,Fee,8
L7595,4,ECE,6.15,<3L,After Application,5,3,5,No,Yes,Time,2
L7596,2,CSE,5.24,<3L,After Application,46,0,18,No,No,Job,3
L7597,1,ECE,8.52,<3L,After Counselling,14,3,16,No,No,Trust,1
L7598,4,IT,9.89,<3L,After Counselling,35,1,5,No,No,Job,7
L7599,2,Civil,7.23,6-10L,Before Counselling,6,4,5,Yes,No,Trust,8
L7600,3,ECE,6.3,3-6L,After Counselling,23,4,13,No,No,Fee,2
L7601,1,IT,5.78,<3L,After Understanding,17,1,4,No,No,Job,2
L7602,3,IT,6.44,3-6L,After Application,24,0,21,No,No,Difficulty,1
L7603,4,Civil,6.64,6-10L,After Understanding,40,1,24,No,Yes,Difficulty,1
L7604,2,Civil,7.12,<3L,After Counselling,29,4,6,No,Yes,Difficulty,4
L7605,3,Civil,8.28,3-6L,Before Counselling,30,1,20,Yes,No,Trust,4
L7606,1,CSE,6.37,<3L,After Understanding,24,0,7,No,Yes,Job,8
L7607,3,IT,5.25,3-6L,After Counselling,35,3,10,No,Yes,Time,5
L7608,2,Civil,6.87,<3L,After Application,47,3,4,No,Yes,Job,4
L7609,2,CSE,9.28,3-6L,After Counselling,37,4,3,Yes,No,Job,9
L7610,2,Mechanical,7.49,3-6L,After Application,2,0,22,Yes,No,Fee,6
L7611,1,Mechanical,9.82,3-6L,Before Counselling,21,3,11,Yes,Yes,Time,1
L7612,4,Mechanical,7.52,3-6L,After Application,40,3,6,No,No,Difficulty,7
L7613,2,IT,6.38,3-6L,After Counselling,41,3,8,No,No,Trust,8
L7614,2,CSE,5.97,<3L,Before Counselling,5,2,16,No,No,Time,4
L7615,2,CSE,8.47,3-6L,After Application,35,3,3,No,No,Difficulty,3
L7616,2,Mechanical,7.68,6-10L,After Application,44,2,11,No,No,Trust,1
L7617,3,ECE,8.02,6-10L,After Understanding,35,1,12,No,No,Time,8
L7618,4,Mechanical,8.78,10L+,After Application,19,4,22,Yes,Yes,Trust,9
L7619,2,IT,8.63,<3L,After Counselling,16,4,9,Yes,Yes,Trust,1
L7620,4,Mechanical,5.22,<3L,Before Counselling,25,2,24,No,No,Difficulty,9
L7621,3,Mechanical,9.01,3-6L,After Counselling,16,0,22,Yes,Yes,Fee,4
L7622,1,CSE,7.66,<3L,After Application,31,2,13,No,No,Difficulty,5
L7623,3,Mechanical,6.96,<3L,After Counselling,33,3,5,Yes,No,Time,5
L7624,3,Civil,7.69,3-6L,After Understanding,17,0,14,Yes,No,Difficulty,6
L7625,3,Civil,8.06,<3L,After Counselling,21,4,19,Yes,No,Difficulty,2
L7626,4,ECE,5.75,<3L,Before Counselling,35,1,19,Yes,Yes,Difficulty,2
L7627,2,IT,7.09,10L+,Before Counselling,23,1,4,No,No,Time,5
L7628,4,IT,6.68,<3L,After Application,16,2,4,No,No,Time,5
L7629,3,CSE,6.75,<3L,Before Counselling,38,2,8,No,No,Trust,1
L7630,2,IT,5.46,<3L,After Counselling,14,2,23,No,No,Trust,9
L7631,3,ECE,5.8,6-10L,After Application,40,2,18,No,Yes,Time,2
L7632,2,Civil,5.81,6-10L,After Counselling,41,4,7,No,Yes,Trust,7
L7633,4,CSE,6.87,<3L,After Understanding,33,3,17,No,No,Difficulty,2
L7634,3,Civil,9.47,<3L,After Counselling,21,4,6,Yes,No,Job,8
L7635,1,ECE,6.03,6-10L,Before Counselling,17,1,23,Yes,Yes,Job,6
L7636,2,CSE,7.08,<3L,Before Counselling,4,1,18,No,No,Trust,8
L7637,3,Mechanical,6.56,10L+,After Understanding,16,1,12,No,No,Trust,7
L7638,1,IT,8.94,3-6L,After Application,30,3,23,No,Yes,Fee,7
L7639,1,ECE,5.25,<3L,Before Counselling,44,3,13,No,Yes,Difficulty,8
L7640,2,CSE,5.98,6-10L,Before Counselling,45,0,13,Yes,No,Difficulty,9
L7641,2,Civil,6.05,<3L,Before Counselling,34,3,5,No,No,Fee,8
L7642,2,CSE,9.96,<3L,After Understanding,22,1,10,No,Yes,Fee,5
L7643,2,Mechanical,7.85,<3L,After Understanding,44,3,15,No,Yes,Job,3
L7644,1,ECE,5.69,6-10L,Before Counselling,42,3,13,No,Yes,Difficulty,9
L7645,3,CSE,6.36,<3L,After Application,29,3,11,No,No,Difficulty,8
L7646,3,ECE,5.84,<3L,Before Counselling,47,2,9,No,Yes,Time,6
L7647,2,ECE,5.62,<3L,After Counselling,5,3,24,No,No,Difficulty,2
L7648,2,Civil,8.99,6-10L,After Counselling,1,2,4,No,No,Job,3
L7649,3,IT,7.48,<3L,After Application,40,1,14,Yes,Yes,Job,1
L7650,1,Mechanical,8.16,<3L,Before Counselling,25,0,17,No,No,Fee,7
L7651,1,CSE,6.66,3-6L,After Application,6,4,14,No,No,Job,8
L7652,1,IT,7.77,6-10L,After Counselling,23,0,14,No,No,Job,7
L7653,4,Civil,6.29,6-10L,Before Counselling,33,4,20,No,No,Time,7
L7654,3,IT,6.54,<3L,Before Counselling,14,1,23,No,No,Job,5
L7655,3,ECE,8.26,6-10L,After Counselling,42,2,19,No,No,Trust,9
L7656,3,ECE,5.75,3-6L,After Application,36,3,9,No,Yes,Trust,2
L7657,3,Mechanical,8.09,<3L,After Application,18,2,2,Yes,Yes,Fee,5
L7658,2,CSE,9.26,6-10L,After Understanding,40,4,18,Yes,No,Difficulty,8
L7659,3,CSE,5.6,3-6L,After Understanding,44,3,10,No,Yes,Difficulty,8
L7660,1,Civil,9.49,3-6L,After Understanding,10,4,11,No,Yes,Time,9
L7661,3,Mechanical,5.4,10L+,After Application,45,4,10,No,No,Job,2
L7662,3,CSE,6.74,3-6L,Before Counselling,39,3,13,No,No,Job,8
L7663,3,ECE,8.05,<3L,Before Counselling,12,0,11,Yes,No,Job,6
L7664,2,Mechanical,7.8,6-10L,After Understanding,38,0,9,Yes,No,Job,3
L7665,2,IT,5.48,<3L,After Application,23,4,5,No,No,Job,7
L7666,3,Mechanical,8.99,3-6L,After Understanding,7,1,15,No,No,Trust,2
L7667,3,Mechanical,9.87,<3L,After Application,45,2,8,No,No,Time,2
L7668,4,CSE,5.91,<3L,After Application,46,0,11,Yes,No,Fee,2
L7669,2,Civil,9.48,3-6L,After Understanding,25,3,11,Yes,Yes,Fee,3
L7670,3,Civil,7.78,3-6L,Before Counselling,13,4,16,No,No,Trust,7
L7671,3,CSE,9.68,3-6L,Before Counselling,38,2,16,No,No,Job,2
L7672,4,CSE,5.88,6-10L,After Application,19,2,3,Yes,No,Job,6
L7673,3,CSE,8.96,<3L,After Counselling,45,4,17,No,Yes,Difficulty,8
L7674,3,Civil,5.3,3-6L,After Counselling,22,2,11,Yes,No,Fee,8
L7675,3,CSE,9.42,6-10L,After Counselling,41,1,16,Yes,No,Difficulty,4
L7676,3,IT,8.37,6-10L,After Understanding,11,4,20,Yes,No,Fee,5
L7677,4,IT,6.85,3-6L,Before Counselling,42,2,11,Yes,No,Difficulty,2
L7678,1,ECE,5.95,<3L,After Counselling,3,2,21,No,No,Job,1
L7679,1,IT,9.08,3-6L,After Counselling,19,0,16,No,Yes,Job,5
L7680,4,Mechanical,8.02,3-6L,After Counselling,27,2,22,Yes,No,Job,9
L7681,3,ECE,6.8,<3L,After Counselling,7,2,3,Yes,No,Time,4
L7682,3,IT,7.22,3-6L,After Understanding,37,0,15,No,Yes,Difficulty,1
L7683,2,Mechanical,9.13,<3L,Before Counselling,27,4,16,Yes,No,Time,1
L7684,1,IT,6.69,10L+,Before Counselling,47,0,23,Yes,Yes,Time,4
L7685,3,Mechanical,5.45,6-10L,Before Counselling,34,3,11,Yes,No,Difficulty,2
L7686,3,CSE,9.56,<3L,After Counselling,11,3,10,Yes,No,Job,4
L7687,2,Mechanical,6.94,<3L,After Application,38,1,20,No,Yes,Trust,3
L7688,2,CSE,6.74,6-10L,After Understanding,5,2,7,No,No,Fee,3
L7689,4,Mechanical,6.02,6-10L,After Understanding,7,3,9,No,No,Difficulty,3
L7690,1,Mechanical,9.49,10L+,After Understanding,36,4,3,No,Yes,Job,1
L7691,4,IT,6.09,<3L,Before Counselling,5,4,2,No,No,Time,7
L7692,2,Mechanical,8.18,<3L,Before Counselling,5,3,14,Yes,Yes,Job,5
L7693,3,IT,9.4,10L+,After Understanding,27,0,7,No,No,Difficulty,7
L7694,4,Mechanical,5.17,<3L,After Counselling,29,1,4,No,Yes,Difficulty,3
L7695,3,Civil,9.14,6-10L,After Application,27,0,3,No,No,Fee,9
L7696,2,ECE,7.05,<3L,Before Counselling,32,1,11,No,No,Fee,1
L7697,3,IT,8.29,6-10L,Before Counselling,25,3,9,Yes,No,Difficulty,5
L7698,2,IT,6.86,<3L,After Counselling,42,0,10,No,Yes,Fee,9
L7699,2,CSE,8.48,3-6L,After Counselling,34,3,8,Yes,Yes,Time,2
L7700,4,Civil,6.27,3-6L,Before Counselling,15,1,14,No,Yes,Job,9
L7701,3,CSE,5.11,10L+,After Counselling,41,4,8,Yes,No,Trust,7
L7702,3,Civil,9.74,<3L,After Counselling,34,0,20,No,Yes,Job,7
L7703,2,Civil,5.08,<3L,After Counselling,35,3,2,No,Yes,Job,4
L7704,1,Mechanical,9.12,<3L,After Application,20,1,14,Yes,No,Difficulty,3
L7705,1,CSE,5.85,6-10L,After Application,24,4,18,No,Yes,Trust,6
L7706,3,ECE,6.96,3-6L,After Application,34,0,13,No,No,Fee,1
L7707,3,Civil,9.11,3-6L,After Counselling,34,1,22,No,Yes,Fee,3
L7708,3,Civil,6.03,<3L,After Counselling,46,0,15,Yes,No,Job,9
L7709,4,IT,9.33,3-6L,After Application,27,0,17,No,No,Difficulty,4
L7710,1,Mechanical,7.49,<3L,After Application,21,2,13,Yes,Yes,Trust,5
L7711,2,ECE,6.83,<3L,After Understanding,33,3,23,No,Yes,Difficulty,6
L7712,2,Civil,8.31,6-10L,Before Counselling,39,2,17,No,No,Trust,8
L7713,2,IT,6.71,<3L,After Application,40,0,3,No,Yes,Trust,3
L7714,1,CSE,6.74,3-6L,After Understanding,44,1,23,No,Yes,Fee,9
L7715,4,Civil,8.67,6-10L,After Understanding,36,3,21,No,Yes,Job,8
L7716,2,IT,6.55,10L+,After Application,25,1,20,No,No,Fee,9
L7717,4,CSE,6.0,6-10L,After Understanding,7,1,8,No,Yes,Difficulty,5
L7718,2,Mechanical,9.04,<3L,After Application,10,4,13,No,No,Fee,7
L7719,4,CSE,9.03,3-6L,Before Counselling,10,0,15,No,Yes,Job,6
L7720,3,Civil,7.49,<3L,Before Counselling,38,1,19,No,No,Time,2
L7721,4,ECE,7.63,<3L,Before Counselling,24,0,8,Yes,No,Fee,3
L7722,1,CSE,8.48,3-6L,After Application,44,2,6,No,No,Difficulty,6
L7723,3,ECE,7.55,6-10L,After Understanding,10,2,2,No,Yes,Job,8
L7724,4,ECE,7.09,<3L,After Application,45,1,8,No,Yes,Difficulty,3
L7725,1,CSE,9.97,<3L,Before Counselling,26,0,17,No,No,Trust,1
L7726,1,Mechanical,5.74,3-6L,After Understanding,30,4,17,No,No,Job,6
L7727,2,CSE,7.96,<3L,After Counselling,27,3,18,No,No,Trust,9
L7728,4,IT,9.43,3-6L,Before Counselling,44,2,5,No,Yes,Job,3
L7729,3,ECE,8.44,<3L,After Application,19,2,17,No,No,Time,9
L7730,3,Civil,9.4,<3L,After Application,1,4,5,No,No,Time,3
L7731,1,ECE,6.68,3-6L,After Application,33,1,6,No,Yes,Job,2
L7732,1,Civil,6.36,6-10L,After Counselling,11,2,6,No,No,Trust,3
L7733,4,IT,9.26,3-6L,After Understanding,34,2,21,No,No,Trust,4
L7734,1,IT,6.97,6-10L,After Application,38,3,12,No,Yes,Difficulty,6
L7735,3,IT,8.55,<3L,After Application,16,4,15,Yes,No,Job,9
L7736,4,CSE,5.74,6-10L,After Application,1,4,18,Yes,No,Trust,2
L7737,2,ECE,8.78,<3L,Before Counselling,41,0,10,Yes,Yes,Job,9
L7738,3,Civil,7.74,6-10L,Before Counselling,28,4,22,No,No,Time,9
L7739,1,IT,6.34,3-6L,After Counselling,15,3,18,No,Yes,Trust,8
L7740,3,IT,7.47,<3L,After Understanding,16,4,20,No,Yes,Trust,6
L7741,1,Civil,8.48,<3L,After Understanding,46,0,2,No,No,Time,5
L7742,3,ECE,5.06,3-6L,After Application,32,3,14,No,No,Difficulty,2
L7743,2,ECE,8.19,<3L,After Application,39,2,24,No,Yes,Job,5
L7744,2,Civil,7.71,10L+,Before Counselling,1,1,11,No,No,Job,7
L7745,3,Mechanical,6.1,<3L,Before Counselling,9,2,11,Yes,No,Job,2
L7746,1,ECE,8.76,<3L,Before Counselling,29,0,8,No,Yes,Job,2
L7747,3,Civil,6.52,<3L,Before Counselling,25,3,7,Yes,No,Fee,6
L7748,2,Civil,6.38,<3L,After Application,11,2,8,No,No,Time,6
L7749,3,IT,7.36,3-6L,Before Counselling,42,0,6,No,No,Difficulty,1
L7750,1,Civil,8.38,3-6L,After Understanding,11,2,8,Yes,No,Time,3
L7751,3,CSE,9.64,6-10L,Before Counselling,6,1,16,Yes,No,Job,2
L7752,1,IT,5.71,<3L,After Counselling,34,2,11,Yes,Yes,Fee,6
L7753,2,IT,6.98,10L+,Before Counselling,44,2,21,Yes,Yes,Fee,1
L7754,2,ECE,5.33,<3L,After Application,14,2,14,No,Yes,Time,4
L7755,3,Mechanical,8.79,10L+,After Application,8,0,10,No,Yes,Trust,4
L7756,2,ECE,7.24,<3L,After Application,25,3,7,No,Yes,Difficulty,1
L7757,4,CSE,8.53,6-10L,Before Counselling,4,4,21,Yes,No,Fee,8
L7758,4,IT,6.61,3-6L,After Understanding,31,0,22,No,No,Job,7
L7759,1,IT,9.22,<3L,After Application,21,4,8,No,Yes,Trust,9
L7760,3,Civil,7.67,<3L,After Understanding,45,4,7,No,No,Difficulty,3
L7761,1,Mechanical,9.72,3-6L,After Application,32,2,17,Yes,No,Job,7
L7762,2,Mechanical,5.39,<3L,After Application,14,1,3,No,Yes,Time,4
L7763,3,Civil,7.57,3-6L,After Understanding,28,4,16,No,No,Fee,3
L7764,3,CSE,8.83,3-6L,After Counselling,25,4,4,No,No,Time,3
L7765,3,Mechanical,8.0,6-10L,After Application,28,2,14,No,Yes,Trust,4
L7766,2,IT,5.12,10L+,After Understanding,15,1,18,No,No,Fee,2
L7767,2,CSE,9.86,<3L,After Application,46,2,20,No,No,Job,7
L7768,1,ECE,6.49,<3L,Before Counselling,44,4,12,Yes,No,Trust,1
L7769,3,ECE,6.25,<3L,After Understanding,22,0,3,No,No,Difficulty,6
L7770,3,CSE,7.43,6-10L,After Application,47,4,11,No,No,Job,6
L7771,3,IT,7.71,10L+,After Counselling,6,0,13,Yes,No,Difficulty,3
L7772,2,ECE,8.83,10L+,Before Counselling,2,3,14,No,Yes,Fee,2
L7773,2,IT,6.97,10L+,After Application,6,1,7,Yes,Yes,Difficulty,9
L7774,2,Civil,7.2,6-10L,Before Counselling,23,3,5,No,No,Fee,2
L7775,1,Mechanical,7.67,10L+,After Counselling,26,2,13,No,No,Difficulty,1
L7776,2,CSE,6.97,<3L,After Understanding,11,4,16,No,No,Time,3
L7777,4,Mechanical,9.57,10L+,After Application,1,3,20,No,Yes,Time,4
L7778,4,Civil,9.26,6-10L,After Understanding,28,1,9,No,No,Trust,7
L7779,3,ECE,7.27,<3L,After Application,22,0,6,No,Yes,Difficulty,4
L7780,2,IT,5.0,<3L,After Application,41,0,5,No,No,Fee,7
L7781,1,IT,9.5,<3L,After Understanding,13,2,14,No,Yes,Job,9
L7782,4,Civil,5.62,6-10L,After Understanding,41,2,7,No,Yes,Fee,9
L7783,1,CSE,6.22,3-6L,After Application,47,4,21,No,No,Time,9
L7784,4,Mechanical,5.76,<3L,After Counselling,36,3,17,No,No,Job,4
L7785,2,ECE,5.9,6-10L,After Counselling,22,4,11,No,Yes,Difficulty,6
L7786,2,CSE,9.01,<3L,After Application,4,0,6,No,No,Time,1
L7787,4,Civil,7.9,6-10L,After Understanding,44,0,16,No,No,Difficulty,5
L7788,1,Civil,9.78,6-10L,After Counselling,41,3,12,No,Yes,Time,3
L7789,3,IT,6.16,10L+,After Application,18,4,21,No,No,Difficulty,6
L7790,3,ECE,7.43,<3L,Before Counselling,38,2,10,Yes,Yes,Time,6
L7791,2,CSE,9.89,10L+,After Application,17,3,19,Yes,Yes,Trust,6
L7792,2,IT,9.13,<3L,After Understanding,25,2,2,Yes,No,Fee,9
L7793,3,ECE,8.64,3-6L,After Application,17,3,24,Yes,Yes,Fee,6
L7794,3,Mechanical,5.94,3-6L,Before Counselling,29,2,10,No,No,Difficulty,1
L7795,1,Mechanical,8.85,3-6L,Before Counselling,45,1,10,No,No,Difficulty,6
L7796,4,IT,6.74,10L+,After Application,44,0,16,Yes,Yes,Job,2
L7797,1,CSE,7.65,3-6L,Before Counselling,46,3,5,No,No,Job,5
L7798,2,ECE,8.05,10L+,After Application,8,1,5,No,No,Fee,3
L7799,2,Mechanical,8.05,<3L,After Understanding,29,3,2,No,No,Fee,2
L7800,1,Mechanical,8.63,<3L,After Understanding,15,0,2,No,No,Trust,2
L7801,1,CSE,8.31,3-6L,After Understanding,41,0,2,No,Yes,Difficulty,6
L7802,4,IT,5.34,<3L,After Counselling,33,2,23,Yes,No,Difficulty,1
L7803,2,Civil,7.29,10L+,After Application,10,0,7,Yes,Yes,Fee,5
L7804,1,ECE,8.32,6-10L,After Understanding,37,0,12,No,No,Difficulty,4
L7805,1,Mechanical,6.48,3-6L,After Application,11,0,17,Yes,No,Job,1
L7806,3,Civil,6.57,6-10L,Before Counselling,35,4,6,Yes,Yes,Difficulty,9
L7807,4,CSE,5.62,3-6L,After Understanding,34,4,11,No,No,Job,4
L7808,2,IT,7.09,<3L,After Counselling,32,0,17,No,No,Time,2
L7809,1,ECE,9.93,3-6L,After Understanding,22,4,12,No,No,Difficulty,7
L7810,2,CSE,6.43,3-6L,After Counselling,4,3,19,No,Yes,Time,1
L7811,1,IT,7.66,10L+,Before Counselling,2,1,23,No,No,Fee,2
L7812,1,CSE,8.72,<3L,After Application,33,1,15,No,No,Difficulty,3
L7813,2,Mechanical,5.07,3-6L,Before Counselling,9,4,14,Yes,No,Trust,4
L7814,2,Mechanical,9.5,<3L,Before Counselling,35,1,2,Yes,No,Trust,2
L7815,3,Civil,6.93,<3L,Before Counselling,38,4,4,Yes,No,Time,7
L7816,2,CSE,9.35,3-6L,Before Counselling,31,2,16,Yes,No,Trust,8
L7817,4,Mechanical,5.19,<3L,Before Counselling,14,0,13,Yes,No,Job,6
L7818,4,IT,5.73,6-10L,After Application,31,1,6,No,No,Fee,1
L7819,3,Civil,6.61,3-6L,After Counselling,33,0,17,No,No,Job,5
L7820,2,ECE,6.73,<3L,Before Counselling,44,1,15,No,No,Fee,5
L7821,2,CSE,9.24,3-6L,After Understanding,16,3,11,Yes,Yes,Trust,5
L7822,2,Mechanical,5.06,<3L,After Counselling,20,3,6,No,Yes,Fee,8
L7823,3,IT,8.21,6-10L,After Counselling,14,4,8,No,Yes,Job,5
L7824,2,CSE,5.66,<3L,After Understanding,35,0,22,No,No,Time,4
L7825,4,IT,9.12,<3L,After Understanding,46,4,17,No,No,Time,8
L7826,4,Civil,8.89,3-6L,After Understanding,45,2,16,No,Yes,Difficulty,4
L7827,2,Mechanical,7.5,10L+,After Understanding,33,4,7,No,No,Job,6
L7828,3,Mechanical,6.06,6-10L,After Understanding,29,4,8,No,Yes,Job,4
L7829,1,Civil,8.17,<3L,Before Counselling,8,4,19,No,Yes,Time,1
L7830,2,IT,5.78,<3L,After Counselling,34,1,20,Yes,No,Trust,4
L7831,2,CSE,5.95,3-6L,After Understanding,47,1,20,Yes,No,Time,7
L7832,2,IT,8.13,6-10L,After Understanding,14,2,18,No,No,Difficulty,1
L7833,4,CSE,9.96,<3L,After Application,14,0,15,No,Yes,Difficulty,8
L7834,1,Civil,9.46,3-6L,After Counselling,15,3,10,Yes,No,Job,1
L7835,2,ECE,7.97,<3L,After Counselling,42,0,17,No,No,Job,2
L7836,3,CSE,7.69,<3L,Before Counselling,20,3,11,No,No,Difficulty,7
L7837,3,Mechanical,9.99,3-6L,After Counselling,28,1,10,No,No,Job,4
L7838,2,Mechanical,7.74,<3L,After Understanding,4,4,13,No,Yes,Fee,3
L7839,4,Mechanical,7.1,<3L,After Application,7,2,10,No,Yes,Difficulty,5
L7840,3,IT,9.55,<3L,After Counselling,2,2,17,No,Yes,Difficulty,5
L7841,2,IT,6.17,3-6L,After Application,9,2,17,No,No,Job,3
L7842,1,IT,5.49,<3L,After Understanding,23,0,22,Yes,No,Fee,1
L7843,2,Mechanical,8.17,3-6L,After Application,36,1,24,No,Yes,Difficulty,4
L7844,4,CSE,5.48,10L+,After Counselling,12,1,3,No,No,Fee,6
L7845,3,Mechanical,6.87,<3L,After Counselling,23,4,8,Yes,Yes,Difficulty,4
L7846,4,CSE,7.12,3-6L,Before Counselling,31,0,21,Yes,No,Fee,1
L7847,2,IT,7.74,6-10L,After Understanding,42,4,8,No,Yes,Time,2
L7848,1,ECE,9.96,<3L,Before Counselling,11,3,8,No,No,Difficulty,8
L7849,1,IT,6.1,<3L,Before Counselling,1,1,20,Yes,No,Fee,5
L7850,2,Civil,6.88,<3L,After Understanding,13,2,4,Yes,No,Time,3
L7851,3,CSE,5.66,3-6L,After Counselling,39,4,11,No,Yes,Job,2
L7852,3,ECE,8.04,3-6L,After Application,29,3,7,No,No,Trust,6
L7853,2,IT,8.64,<3L,Before Counselling,6,2,3,Yes,Yes,Fee,6
L7854,2,ECE,7.41,6-10L,After Counselling,31,2,21,No,No,Time,4
L7855,2,Mechanical,6.23,6-10L,After Counselling,9,4,19,Yes,Yes,Difficulty,4
L7856,2,CSE,8.1,<3L,Before Counselling,18,4,10,Yes,Yes,Time,4
L7857,2,Civil,7.7,6-10L,Before Counselling,3,4,16,No,No,Trust,3
L7858,1,Mechanical,5.86,<3L,Before Counselling,32,1,15,Yes,Yes,Trust,1
L7859,1,ECE,7.03,3-6L,After Counselling,45,0,10,Yes,No,Trust,9
L7860,1,IT,7.18,<3L,After Understanding,3,4,3,No,No,Job,9
L7861,1,CSE,9.91,3-6L,After Understanding,45,1,11,No,No,Fee,7
L7862,1,Civil,9.25,<3L,Before Counselling,30,0,5,No,No,Difficulty,3
L7863,3,IT,8.67,3-6L,After Application,6,3,2,No,No,Fee,2
L7864,2,Civil,9.44,<3L,After Counselling,27,0,23,No,Yes,Fee,4
L7865,4,CSE,8.68,6-10L,After Application,2,1,12,Yes,No,Job,9
L7866,1,ECE,9.52,<3L,Before Counselling,20,1,17,No,No,Difficulty,9
L7867,2,Civil,5.27,<3L,After Counselling,17,0,12,Yes,Yes,Job,7
L7868,2,CSE,7.28,<3L,After Understanding,33,0,14,No,Yes,Difficulty,4
L7869,1,Civil,8.73,<3L,After Understanding,17,1,15,No,No,Time,9
L7870,4,IT,7.92,6-10L,After Application,37,1,2,No,Yes,Difficulty,6
L7871,1,Civil,5.88,10L+,Before Counselling,29,3,24,No,No,Job,2
L7872,4,IT,6.7,6-10L,After Application,9,1,10,No,No,Time,5
L7873,4,IT,6.59,6-10L,Before Counselling,4,1,19,Yes,Yes,Difficulty,4
L7874,3,CSE,6.31,<3L,After Understanding,46,2,12,No,No,Trust,2
L7875,3,Mechanical,6.72,<3L,After Counselling,40,2,4,Yes,Yes,Job,2
L7876,3,Civil,7.57,3-6L,After Understanding,13,2,22,No,Yes,Time,6
L7877,2,ECE,9.27,10L+,After Application,6,4,5,Yes,No,Trust,6
L7878,3,IT,8.71,3-6L,After Counselling,46,4,23,No,No,Time,9
L7879,1,Mechanical,9.18,<3L,Before Counselling,9,1,12,No,Yes,Difficulty,9
L7880,1,IT,9.42,<3L,After Understanding,26,2,8,No,No,Difficulty,6
L7881,2,Mechanical,7.08,<3L,Before Counselling,39,3,10,No,No,Time,1
L7882,3,Mechanical,6.73,<3L,After Understanding,41,3,6,No,Yes,Time,3
L7883,4,ECE,5.29,6-10L,Before Counselling,47,3,3,No,No,Difficulty,2
L7884,1,Mechanical,9.65,<3L,After Understanding,42,1,13,No,No,Fee,7
L7885,4,ECE,5.33,6-10L,After Understanding,14,2,5,Yes,Yes,Time,1
L7886,2,CSE,8.71,10L+,Before Counselling,34,1,14,No,No,Fee,4
L7887,2,IT,6.89,6-10L,After Understanding,4,1,3,No,Yes,Difficulty,1
L7888,2,ECE,9.74,10L+,After Understanding,21,3,16,Yes,No,Trust,3
L7889,2,IT,7.1,<3L,After Understanding,31,2,2,No,Yes,Trust,4
L7890,1,Civil,9.08,10L+,After Application,47,4,19,Yes,No,Job,6
L7891,3,CSE,6.41,<3L,After Understanding,43,0,24,No,No,Job,1
L7892,4,Civil,6.5,6-10L,Before Counselling,21,1,3,Yes,No,Difficulty,1
L7893,2,Civil,7.98,<3L,Before Counselling,43,2,5,No,Yes,Time,6
L7894,2,Mechanical,9.99,3-6L,After Application,29,0,22,No,No,Trust,9
L7895,4,Mechanical,7.59,<3L,After Understanding,24,0,20,Yes,No,Time,6
L7896,3,Civil,9.68,<3L,After Application,45,4,21,No,Yes,Fee,2
L7897,2,Mechanical,8.93,10L+,After Application,16,4,11,No,No,Difficulty,2
L7898,2,IT,8.98,6-10L,After Understanding,9,1,14,No,Yes,Job,2
L7899,4,Mechanical,7.18,3-6L,Before Counselling,21,1,20,Yes,No,Difficulty,5
L7900,3,Civil,6.93,3-6L,After Understanding,2,2,9,Yes,No,Job,1
L7901,2,Mechanical,5.96,6-10L,After Application,2,4,11,Yes,No,Difficulty,5
L7902,2,Mechanical,9.82,<3L,After Counselling,37,4,9,Yes,Yes,Difficulty,8
L7903,4,ECE,9.8,6-10L,After Application,37,2,20,No,No,Job,9
L7904,1,ECE,8.74,3-6L,Before Counselling,5,4,10,No,No,Fee,7
L7905,4,Civil,6.48,3-6L,After Understanding,46,3,10,No,No,Difficulty,2
L7906,1,IT,6.23,10L+,After Counselling,6,0,24,Yes,Yes,Trust,5
L7907,3,CSE,9.94,3-6L,After Application,8,3,14,No,No,Difficulty,4
L7908,2,CSE,5.33,3-6L,After Application,32,0,2,Yes,Yes,Time,3
L7909,2,Civil,9.22,10L+,After Application,37,2,13,Yes,Yes,Trust,7
L7910,4,IT,6.78,10L+,After Understanding,13,2,11,No,No,Time,2
L7911,2,IT,7.09,10L+,After Understanding,3,0,20,Yes,No,Job,4
L7912,3,IT,9.16,3-6L,After Application,9,0,9,No,Yes,Job,8
L7913,1,ECE,5.45,<3L,After Understanding,4,0,23,Yes,No,Job,2
L7914,1,Civil,6.77,<3L,After Counselling,28,0,12,No,No,Time,5
L7915,2,CSE,9.76,<3L,After Counselling,40,1,12,No,Yes,Job,6
L7916,3,IT,8.5,6-10L,Before Counselling,16,4,17,No,No,Trust,7
L7917,1,Civil,8.77,<3L,After Understanding,11,4,12,Yes,No,Job,8
L7918,1,CSE,8.79,3-6L,After Understanding,19,2,2,Yes,No,Difficulty,2
L7919,2,ECE,5.3,10L+,After Application,42,1,7,No,No,Time,7
L7920,3,Mechanical,6.02,10L+,After Counselling,22,0,14,No,No,Time,9
L7921,3,CSE,7.46,<3L,After Understanding,39,1,12,No,No,Time,8
L7922,1,CSE,6.84,<3L,After Understanding,12,0,4,No,No,Time,2
L7923,1,CSE,7.05,6-10L,After Understanding,30,4,22,Yes,No,Fee,9
L7924,4,Mechanical,8.91,3-6L,After Application,40,0,2,Yes,No,Job,7
L7925,2,IT,5.07,6-10L,After Counselling,42,4,15,Yes,No,Difficulty,9
L7926,4,Mechanical,8.3,6-10L,After Understanding,5,0,12,No,No,Difficulty,6
L7927,4,CSE,5.0,3-6L,After Understanding,37,2,15,No,No,Time,8
L7928,3,ECE,5.32,<3L,After Application,45,4,24,No,No,Difficulty,3
L7929,1,CSE,7.04,3-6L,Before Counselling,32,2,23,No,Yes,Job,7
L7930,4,ECE,9.2,3-6L,After Application,34,1,11,No,No,Trust,5
L7931,3,Civil,5.72,<3L,After Understanding,12,0,22,No,Yes,Difficulty,5
L7932,3,ECE,7.77,6-10L,After Counselling,43,1,3,No,No,Fee,7
L7933,2,CSE,8.39,10L+,After Counselling,2,0,6,Yes,No,Time,1
L7934,2,Mechanical,6.15,<3L,After Understanding,47,4,16,No,No,Trust,2
L7935,1,CSE,7.56,10L+,Before Counselling,7,0,19,No,Yes,Trust,5
L7936,3,CSE,9.56,3-6L,After Application,32,3,17,No,No,Time,6
L7937,3,Civil,7.56,6-10L,After Understanding,40,3,21,No,No,Time,6
L7938,2,IT,5.79,<3L,After Understanding,35,3,4,Yes,No,Difficulty,6
L7939,2,CSE,8.14,<3L,After Understanding,6,2,10,Yes,No,Time,7
L7940,2,Civil,7.96,<3L,After Application,22,3,19,No,No,Fee,2
L7941,3,Mechanical,5.13,<3L,After Counselling,25,0,23,No,Yes,Job,9
L7942,4,Civil,5.45,<3L,After Application,47,1,20,No,No,Trust,3
L7943,1,Civil,5.78,6-10L,After Understanding,13,2,6,Yes,Yes,Time,9
L7944,2,ECE,5.68,3-6L,After Counselling,23,4,5,Yes,No,Difficulty,8
L7945,1,IT,6.3,10L+,Before Counselling,45,2,9,No,No,Time,1
L7946,3,IT,7.27,3-6L,After Understanding,44,1,8,Yes,Yes,Fee,7
L7947,3,Mechanical,6.86,<3L,After Counselling,46,3,24,Yes,No,Time,6
L7948,4,Civil,9.45,3-6L,After Counselling,9,1,12,No,Yes,Fee,9
L7949,2,Mechanical,8.06,10L+,After Counselling,42,2,13,Yes,No,Time,4
L7950,4,Mechanical,9.38,3-6L,After Understanding,37,2,13,Yes,Yes,Job,2
L7951,1,IT,7.64,<3L,Before Counselling,37,2,17,Yes,No,Difficulty,5
L7952,3,IT,5.45,10L+,After Counselling,30,1,17,No,No,Fee,5
L7953,1,IT,7.32,<3L,After Understanding,20,0,16,Yes,No,Time,2
L7954,4,CSE,9.11,3-6L,After Counselling,38,0,2,No,No,Trust,2
L7955,3,Civil,5.97,3-6L,After Application,44,3,16,No,Yes,Fee,8
L7956,3,Mechanical,5.46,<3L,After Counselling,16,4,23,No,Yes,Job,9
L7957,4,Civil,6.65,<3L,After Understanding,22,1,19,No,No,Job,1
L7958,1,Mechanical,6.94,10L+,After Counselling,38,0,7,No,No,Trust,6
L7959,1,Mechanical,6.53,10L+,After Counselling,10,3,10,No,No,Time,6
L7960,4,Mechanical,5.68,3-6L,After Application,20,4,18,Yes,No,Time,7
L7961,2,Mechanical,6.25,<3L,After Application,41,3,13,No,No,Time,6
L7962,1,ECE,8.41,<3L,After Understanding,2,3,3,No,No,Time,1
L7963,2,ECE,6.93,<3L,Before Counselling,3,4,17,No,No,Time,6
L7964,3,CSE,8.16,3-6L,Before Counselling,42,2,24,No,No,Trust,4
L7965,1,IT,7.68,<3L,Before Counselling,8,0,16,Yes,No,Job,1
L7966,2,Mechanical,7.75,<3L,Before Counselling,9,0,13,No,Yes,Trust,6
L7967,1,Civil,6.24,3-6L,After Understanding,28,4,16,No,No,Difficulty,3
L7968,2,ECE,7.61,6-10L,After Understanding,21,0,14,Yes,Yes,Difficulty,4
L7969,4,IT,5.12,6-10L,After Application,33,1,13,No,No,Fee,8
L7970,4,CSE,7.16,3-6L,After Application,34,1,20,No,No,Time,8
L7971,3,IT,7.86,6-10L,Before Counselling,4,1,17,Yes,No,Job,3
L7972,1,Mechanical,5.91,<3L,After Application,25,4,8,No,Yes,Fee,4
L7973,4,IT,6.28,3-6L,After Understanding,32,3,18,No,No,Difficulty,3
L7974,3,Mechanical,6.1,6-10L,Before Counselling,12,3,11,No,No,Fee,8
L7975,1,ECE,5.35,6-10L,After Counselling,2,2,10,No,No,Difficulty,3
L7976,4,ECE,6.74,3-6L,After Counselling,47,2,7,No,No,Difficulty,3
L7977,3,Mechanical,9.89,3-6L,After Counselling,12,1,24,No,No,Trust,6
L7978,3,Civil,6.77,10L+,After Application,46,1,10,Yes,No,Fee,3
L7979,3,ECE,7.3,3-6L,Before Counselling,26,4,2,No,Yes,Difficulty,5
L7980,2,Civil,8.27,3-6L,After Counselling,21,1,17,No,Yes,Job,4
L7981,2,Mechanical,8.24,6-10L,Before Counselling,44,1,15,Yes,Yes,Difficulty,1
L7982,3,Mechanical,9.75,<3L,After Understanding,37,1,9,No,Yes,Trust,7
L7983,2,ECE,9.29,3-6L,After Counselling,36,0,16,No,No,Fee,6
L7984,2,Civil,8.97,10L+,After Counselling,18,3,17,Yes,No,Difficulty,1
L7985,3,Mechanical,9.76,<3L,After Counselling,24,0,15,No,No,Time,4
L7986,3,ECE,6.15,<3L,After Understanding,30,1,17,No,Yes,Time,9
L7987,2,Mechanical,8.09,3-6L,Before Counselling,17,1,8,No,No,Difficulty,7
L7988,3,IT,9.44,<3L,After Counselling,16,0,19,No,No,Fee,3
L7989,4,IT,8.12,3-6L,After Counselling,42,0,18,No,No,Trust,7
L7990,3,ECE,9.89,<3L,Before Counselling,17,4,2,No,No,Job,1
L7991,2,Mechanical,5.5,3-6L,After Application,44,4,12,Yes,No,Fee,5
L7992,2,ECE,7.2,3-6L,After Application,12,1,21,No,No,Trust,1
L7993,2,CSE,9.89,3-6L,After Counselling,27,0,6,No,Yes,Difficulty,4
L7994,1,ECE,6.9,<3L,After Counselling,4,4,24,Yes,Yes,Job,2
L7995,2,ECE,8.7,<3L,After Application,35,2,14,No,No,Fee,2
L7996,2,IT,5.15,<3L,After Application,1,0,9,No,No,Difficulty,6
L7997,2,IT,8.47,3-6L,After Counselling,12,3,19,No,Yes,Job,8
L7998,4,Mechanical,9.67,<3L,Before Counselling,29,2,14,Yes,No,Difficulty,9
L7999,1,ECE,6.91,6-10L,After Application,8,2,10,No,No,Time,6
L8000,3,ECE,5.11,6-10L,After Counselling,8,0,12,No,No,Time,3
L8001,3,Mechanical,5.14,<3L,After Understanding,12,1,24,Yes,No,Trust,3
L8002,1,Civil,9.46,<3L,Before Counselling,36,3,7,No,Yes,Job,3
L8003,4,Mechanical,8.61,<3L,After Counselling,34,4,12,Yes,No,Time,3
L8004,3,IT,5.53,3-6L,After Understanding,36,4,16,Yes,No,Difficulty,9
L8005,2,IT,5.27,<3L,After Application,4,1,15,Yes,No,Trust,4
L8006,3,ECE,9.02,<3L,After Understanding,11,3,9,No,No,Time,7
L8007,2,IT,9.05,<3L,After Understanding,3,3,19,No,No,Trust,2
L8008,3,Mechanical,5.6,10L+,After Understanding,10,2,2,Yes,No,Job,7
L8009,1,ECE,6.51,3-6L,After Application,12,2,22,No,No,Time,7
L8010,4,Mechanical,8.9,6-10L,After Understanding,9,3,10,No,Yes,Time,4
L8011,2,Mechanical,7.63,<3L,After Application,21,0,24,No,No,Fee,4
L8012,3,ECE,9.78,<3L,After Counselling,34,0,8,No,Yes,Fee,5
L8013,2,Civil,7.41,<3L,After Understanding,22,0,16,No,No,Job,1
L8014,3,IT,8.38,10L+,Before Counselling,18,3,16,No,Yes,Job,6
L8015,3,CSE,7.55,<3L,After Counselling,44,4,10,No,Yes,Fee,7
L8016,2,CSE,9.71,3-6L,After Application,6,0,22,Yes,No,Time,4
L8017,3,CSE,6.99,<3L,After Counselling,25,4,6,No,No,Trust,8
L8018,2,IT,6.15,6-10L,After Understanding,45,0,8,No,Yes,Job,7
L8019,4,Civil,6.63,<3L,After Application,15,3,13,No,No,Fee,1
L8020,2,Mechanical,9.26,3-6L,After Understanding,1,0,7,No,Yes,Trust,9
L8021,4,ECE,7.49,10L+,After Counselling,40,4,11,No,No,Fee,9
L8022,4,Civil,6.77,3-6L,Before Counselling,18,1,16,No,No,Difficulty,1
L8023,2,CSE,7.72,3-6L,After Counselling,44,4,23,Yes,Yes,Time,8
L8024,2,IT,5.67,3-6L,After Counselling,31,1,5,No,Yes,Trust,1
L8025,2,IT,5.03,6-10L,After Understanding,20,4,16,No,Yes,Fee,8
L8026,4,ECE,6.4,<3L,Before Counselling,44,0,19,No,Yes,Trust,1
L8027,2,Mechanical,8.03,<3L,After Understanding,25,0,4,No,No,Difficulty,2
L8028,3,Civil,8.56,6-10L,After Understanding,33,4,16,No,Yes,Difficulty,3
L8029,4,Civil,9.13,3-6L,After Understanding,10,0,21,No,No,Time,4
L8030,2,Civil,9.63,10L+,After Application,29,0,6,No,Yes,Fee,1
L8031,3,Mechanical,7.06,3-6L,After Understanding,19,3,3,Yes,No,Fee,8
L8032,2,Mechanical,8.7,3-6L,Before Counselling,28,2,16,No,No,Fee,7
L8033,1,Mechanical,5.37,<3L,After Understanding,27,2,9,No,No,Job,2
L8034,3,ECE,5.29,6-10L,After Understanding,19,4,6,No,No,Time,9
L8035,1,IT,5.62,3-6L,Before Counselling,43,2,24,No,No,Difficulty,4
L8036,2,CSE,7.24,3-6L,After Counselling,31,1,10,No,Yes,Time,6
L8037,4,Mechanical,6.06,<3L,After Understanding,35,4,8,No,No,Job,9
L8038,2,IT,6.43,10L+,After Counselling,14,4,5,No,Yes,Fee,1
L8039,4,Mechanical,8.24,<3L,After Understanding,6,1,20,No,No,Difficulty,3
L8040,4,CSE,6.79,<3L,After Understanding,9,2,9,No,Yes,Fee,6
L8041,2,Mechanical,7.79,10L+,After Application,41,1,15,No,No,Job,7
L8042,1,IT,7.06,6-10L,Before Counselling,27,0,10,No,No,Job,9
L8043,3,ECE,5.84,3-6L,Before Counselling,17,4,6,No,No,Fee,4
L8044,2,CSE,5.37,10L+,After Counselling,36,3,7,Yes,No,Fee,7
L8045,1,IT,6.18,<3L,After Application,4,1,11,Yes,Yes,Trust,7
L8046,3,Civil,5.29,<3L,After Understanding,24,4,14,No,No,Difficulty,8
L8047,1,Civil,8.09,3-6L,After Application,16,4,11,Yes,Yes,Difficulty,5
L8048,4,Civil,8.98,<3L,Before Counselling,17,1,23,No,Yes,Time,2
L8049,1,ECE,6.7,10L+,After Understanding,3,3,14,No,Yes,Time,3
L8050,1,Mechanical,6.94,6-10L,After Understanding,39,4,4,Yes,Yes,Job,1
L8051,1,Mechanical,9.08,<3L,After Counselling,37,0,13,Yes,No,Difficulty,7
L8052,4,Mechanical,6.11,6-10L,After Application,3,0,5,No,No,Job,7
L8053,3,ECE,5.6,<3L,After Understanding,44,0,12,No,No,Fee,1
L8054,4,Civil,7.51,3-6L,Before Counselling,41,3,10,No,No,Difficulty,8
L8055,2,Mechanical,8.23,10L+,After Counselling,35,2,7,No,No,Job,4
L8056,2,ECE,8.0,6-10L,Before Counselling,3,0,13,Yes,No,Trust,8
L8057,2,ECE,8.57,<3L,After Counselling,16,1,15,No,Yes,Trust,9
L8058,2,IT,5.28,<3L,After Application,20,2,22,No,No,Difficulty,1
L8059,3,Mechanical,7.14,<3L,After Counselling,45,1,10,No,Yes,Difficulty,8
L8060,3,Civil,6.19,3-6L,After Application,6,3,9,Yes,No,Time,2
L8061,2,CSE,8.8,3-6L,After Application,33,0,10,No,Yes,Difficulty,4
L8062,4,ECE,9.36,<3L,After Understanding,43,4,14,No,Yes,Time,4
L8063,1,IT,6.41,3-6L,After Application,27,0,12,Yes,Yes,Trust,2
L8064,4,CSE,5.48,6-10L,After Counselling,30,3,10,No,No,Trust,1
L8065,1,ECE,6.27,3-6L,After Counselling,35,0,21,Yes,Yes,Trust,2
L8066,2,IT,5.52,<3L,After Understanding,18,0,9,No,No,Fee,4
L8067,2,Mechanical,6.61,10L+,After Counselling,30,0,11,No,No,Difficulty,2
L8068,2,IT,7.69,<3L,After Application,43,3,10,No,No,Trust,7
L8069,3,ECE,9.87,6-10L,After Counselling,26,0,22,Yes,No,Time,1
L8070,2,Mechanical,7.0,<3L,Before Counselling,15,4,5,No,Yes,Time,4
L8071,2,Civil,6.1,3-6L,Before Counselling,32,4,11,No,No,Job,8
L8072,3,IT,5.83,3-6L,After Understanding,35,2,18,No,No,Job,8
L8073,3,CSE,5.87,3-6L,After Application,12,2,20,No,Yes,Fee,1
L8074,4,Mechanical,5.96,3-6L,After Counselling,21,2,11,No,Yes,Time,5
L8075,2,Mechanical,8.81,<3L,After Understanding,12,2,19,No,Yes,Job,9
L8076,3,Civil,5.31,3-6L,After Understanding,1,4,17,Yes,No,Difficulty,5
L8077,3,IT,9.99,3-6L,After Application,11,2,24,No,No,Difficulty,5
L8078,2,CSE,7.61,<3L,After Understanding,25,1,5,Yes,No,Difficulty,6
L8079,2,Civil,7.72,10L+,Before Counselling,47,3,10,Yes,Yes,Difficulty,8
L8080,2,IT,6.79,6-10L,After Understanding,9,3,10,No,Yes,Job,7
L8081,1,CSE,8.45,6-10L,After Counselling,39,4,3,Yes,Yes,Fee,7
L8082,2,CSE,7.36,3-6L,Before Counselling,43,3,20,Yes,No,Job,7
L8083,1,ECE,6.65,<3L,Before Counselling,27,3,9,Yes,Yes,Difficulty,1
L8084,3,CSE,6.33,3-6L,Before Counselling,29,0,20,Yes,Yes,Trust,2
L8085,3,IT,9.63,6-10L,After Counselling,27,2,5,No,No,Difficulty,5
L8086,4,Civil,6.45,<3L,After Application,28,2,12,No,Yes,Fee,5
L8087,3,Civil,7.18,3-6L,After Understanding,39,0,4,No,Yes,Time,4
L8088,1,ECE,6.75,<3L,After Understanding,18,4,19,No,Yes,Time,8
L8089,4,IT,5.43,<3L,Before Counselling,15,1,18,Yes,No,Difficulty,8
L8090,4,CSE,5.93,<3L,Before Counselling,16,4,20,No,Yes,Fee,8
L8091,2,ECE,5.95,10L+,After Understanding,47,1,10,Yes,Yes,Job,9
L8092,3,Mechanical,8.47,6-10L,After Counselling,23,1,17,No,No,Fee,7
L8093,4,IT,7.03,<3L,Before Counselling,30,0,9,Yes,Yes,Difficulty,7
L8094,3,ECE,8.91,3-6L,Before Counselling,36,4,10,Yes,No,Job,8
L8095,4,Civil,8.54,<3L,After Counselling,35,2,6,No,No,Time,4
L8096,1,ECE,5.96,3-6L,After Application,28,4,6,Yes,Yes,Difficulty,8
L8097,1,Mechanical,7.81,6-10L,Before Counselling,46,4,15,No,No,Time,2
L8098,2,IT,8.71,3-6L,After Application,3,1,15,No,No,Difficulty,4
L8099,3,ECE,8.17,6-10L,After Counselling,16,1,6,No,No,Job,1
L8100,4,CSE,8.0,3-6L,After Understanding,15,2,5,No,No,Fee,5
L8101,4,IT,8.7,3-6L,After Understanding,19,2,18,No,No,Time,7
L8102,2,ECE,5.28,3-6L,After Application,10,1,7,No,No,Job,4
L8103,1,ECE,8.66,6-10L,Before Counselling,4,4,8,No,Yes,Time,2
L8104,4,IT,6.36,3-6L,After Understanding,22,1,15,No,No,Trust,4
L8105,3,Civil,7.86,10L+,After Counselling,18,3,16,Yes,No,Job,6
L8106,1,CSE,6.21,6-10L,Before Counselling,22,3,7,No,No,Job,9
L8107,2,IT,9.19,6-10L,After Application,42,1,11,No,No,Fee,5
L8108,3,CSE,7.4,6-10L,After Application,16,2,9,Yes,Yes,Fee,9
L8109,3,CSE,8.21,<3L,After Application,3,1,9,No,Yes,Difficulty,3
L8110,2,IT,8.97,3-6L,After Application,44,4,6,Yes,No,Fee,3
L8111,2,ECE,9.48,3-6L,After Counselling,35,3,17,No,No,Difficulty,4
L8112,4,Civil,8.66,3-6L,After Understanding,41,0,21,No,Yes,Fee,7
L8113,3,CSE,5.74,6-10L,After Application,39,2,12,No,Yes,Fee,7
L8114,2,CSE,9.27,<3L,After Understanding,16,0,8,No,No,Difficulty,2
L8115,2,ECE,8.09,<3L,After Understanding,21,2,3,Yes,No,Trust,4
L8116,3,IT,8.05,6-10L,After Application,21,0,8,No,No,Job,8
L8117,2,Civil,9.61,<3L,Before Counselling,1,0,7,Yes,No,Difficulty,4
L8118,1,CSE,6.24,<3L,After Application,30,1,20,No,Yes,Trust,8
L8119,3,CSE,6.2,<3L,After Counselling,47,2,19,No,No,Fee,6
L8120,2,IT,7.57,6-10L,Before Counselling,34,3,2,No,No,Difficulty,5
L8121,3,ECE,8.75,3-6L,After Application,39,0,19,No,No,Trust,9
L8122,1,Mechanical,7.24,10L+,After Understanding,46,1,13,No,Yes,Trust,2
L8123,3,ECE,8.17,<3L,After Understanding,23,4,22,No,No,Job,8
L8124,2,CSE,7.26,6-10L,Before Counselling,34,2,18,No,Yes,Fee,9
L8125,1,CSE,8.05,<3L,After Counselling,30,2,9,No,No,Time,8
L8126,1,Civil,9.11,<3L,After Understanding,33,3,21,No,Yes,Trust,5
L8127,4,ECE,5.9,3-6L,After Counselling,16,0,4,No,No,Difficulty,8
L8128,4,Mechanical,8.48,<3L,After Understanding,41,1,11,No,No,Fee,2
L8129,2,Civil,8.94,<3L,Before Counselling,30,0,17,No,No,Time,9
L8130,3,Mechanical,7.24,<3L,After Application,3,1,19,No,No,Time,2
L8131,3,Civil,6.62,<3L,After Understanding,45,3,2,Yes,No,Time,1
L8132,4,ECE,5.07,6-10L,Before Counselling,2,0,9,No,Yes,Trust,5
L8133,2,CSE,8.99,<3L,Before Counselling,26,4,20,Yes,No,Job,7
L8134,3,Mechanical,6.64,10L+,After Application,18,3,4,Yes,No,Time,4
L8135,1,ECE,6.79,6-10L,After Application,2,3,17,No,No,Time,3
L8136,2,Mechanical,6.68,<3L,Before Counselling,40,2,17,No,Yes,Difficulty,4
L8137,4,ECE,7.49,3-6L,After Understanding,3,1,17,No,Yes,Time,2
L8138,3,Civil,8.51,3-6L,After Counselling,17,0,24,No,No,Fee,1
L8139,2,ECE,8.86,6-10L,After Counselling,24,1,13,No,No,Job,6
L8140,1,Civil,6.96,6-10L,After Application,2,3,10,Yes,No,Job,3
L8141,3,CSE,8.32,3-6L,After Understanding,6,0,19,No,No,Time,6
L8142,3,Civil,8.6,<3L,Before Counselling,40,4,24,No,No,Trust,1
L8143,2,IT,6.48,3-6L,After Counselling,26,1,12,No,No,Trust,6
L8144,4,CSE,5.48,6-10L,After Counselling,6,1,21,No,Yes,Time,2
L8145,1,ECE,9.47,6-10L,After Understanding,12,4,12,Yes,No,Time,7
L8146,2,ECE,8.39,6-10L,Before Counselling,21,3,21,No,Yes,Trust,5
L8147,4,IT,8.24,3-6L,After Application,16,1,13,No,No,Time,6
L8148,2,ECE,5.29,<3L,After Counselling,6,2,19,No,No,Difficulty,3
L8149,2,CSE,9.09,10L+,After Understanding,34,2,3,No,No,Difficulty,7
L8150,3,CSE,7.83,10L+,After Application,3,0,5,Yes,Yes,Time,5
L8151,4,Civil,9.24,<3L,After Understanding,41,4,5,No,No,Trust,7
L8152,1,Mechanical,9.87,<3L,Before Counselling,19,3,22,No,No,Difficulty,4
L8153,4,ECE,9.79,3-6L,After Understanding,29,2,15,Yes,No,Trust,2
L8154,3,IT,9.28,6-10L,After Application,32,0,14,No,No,Time,4
L8155,1,CSE,5.05,<3L,Before Counselling,10,0,10,No,No,Time,2
L8156,3,CSE,9.43,<3L,After Counselling,27,1,16,No,No,Time,4
L8157,2,CSE,5.38,3-6L,After Application,29,3,24,Yes,No,Difficulty,1
L8158,2,Mechanical,9.26,<3L,After Understanding,13,2,23,No,Yes,Job,7
L8159,3,Mechanical,6.4,<3L,After Counselling,20,4,11,Yes,No,Job,4
L8160,4,ECE,8.05,3-6L,Before Counselling,28,1,6,Yes,No,Job,6
L8161,1,IT,5.19,6-10L,After Application,27,2,5,No,No,Difficulty,9
L8162,2,Mechanical,8.86,3-6L,Before Counselling,13,0,19,No,Yes,Trust,5
L8163,2,Civil,5.56,3-6L,Before Counselling,25,4,5,No,Yes,Job,2
L8164,2,Mechanical,7.05,3-6L,After Understanding,29,0,17,No,Yes,Job,2
L8165,2,CSE,9.09,3-6L,After Understanding,15,1,12,No,No,Fee,9
L8166,1,IT,8.48,<3L,After Understanding,45,4,8,No,Yes,Time,5
L8167,3,ECE,5.03,<3L,After Counselling,45,4,2,No,No,Job,8
L8168,2,Mechanical,7.02,<3L,After Counselling,30,1,4,No,No,Job,5
L8169,1,CSE,5.21,10L+,After Understanding,38,0,17,No,No,Trust,2
L8170,4,Civil,8.37,6-10L,After Counselling,32,4,5,No,No,Time,4
L8171,4,Civil,9.84,3-6L,After Application,7,3,24,No,No,Difficulty,4
L8172,2,ECE,8.28,10L+,Before Counselling,35,3,4,Yes,No,Difficulty,7
L8173,2,ECE,6.12,6-10L,After Understanding,33,0,21,No,No,Fee,5
L8174,3,Mechanical,6.78,10L+,Before Counselling,12,4,2,No,Yes,Trust,9
L8175,2,ECE,9.88,<3L,Before Counselling,23,0,2,Yes,No,Trust,1
L8176,2,CSE,6.12,6-10L,Before Counselling,5,3,11,No,Yes,Time,7
L8177,3,CSE,7.81,3-6L,After Application,43,4,13,No,Yes,Trust,8
L8178,1,CSE,7.0,6-10L,After Application,44,4,4,No,Yes,Fee,8
L8179,1,Mechanical,8.84,<3L,After Counselling,31,0,24,No,Yes,Time,7
L8180,1,Mechanical,9.34,3-6L,Before Counselling,16,4,14,Yes,No,Trust,8
L8181,1,ECE,6.7,3-6L,After Counselling,33,0,7,No,No,Trust,1
L8182,1,Mechanical,8.3,6-10L,Before Counselling,1,2,22,No,No,Job,7
L8183,4,CSE,7.75,6-10L,After Understanding,22,2,21,Yes,No,Job,6
L8184,2,IT,6.39,<3L,Before Counselling,28,3,11,Yes,No,Fee,2
L8185,1,CSE,6.36,<3L,Before Counselling,5,3,7,No,Yes,Job,4
L8186,2,IT,7.69,6-10L,After Application,4,1,2,Yes,Yes,Trust,8
L8187,4,ECE,5.77,3-6L,After Understanding,1,2,16,Yes,No,Job,1
L8188,3,Civil,9.05,3-6L,After Counselling,15,2,15,No,Yes,Trust,5
L8189,2,Mechanical,5.35,6-10L,After Understanding,37,1,13,No,No,Time,4
L8190,4,Mechanical,5.47,6-10L,After Application,39,0,11,Yes,No,Job,3
L8191,2,CSE,6.71,<3L,After Application,38,2,10,No,Yes,Fee,1
L8192,2,CSE,5.59,3-6L,Before Counselling,45,2,22,No,No,Difficulty,6
L8193,2,IT,7.38,6-10L,After Application,24,3,16,No,Yes,Trust,2
L8194,2,Mechanical,7.0,6-10L,After Application,23,1,15,No,No,Fee,5
L8195,2,ECE,8.61,<3L,Before Counselling,47,1,11,No,Yes,Trust,9
L8196,3,CSE,9.77,<3L,After Application,7,3,2,Yes,Yes,Trust,1
L8197,2,Mechanical,8.77,<3L,After Application,31,2,21,No,No,Time,7
L8198,3,Civil,5.9,10L+,After Counselling,7,4,3,No,No,Trust,3
L8199,1,IT,9.68,3-6L,Before Counselling,13,1,3,Yes,Yes,Difficulty,1
L8200,1,CSE,6.96,3-6L,Before Counselling,4,2,3,No,No,Difficulty,7
L8201,2,CSE,7.37,<3L,After Counselling,18,0,3,No,No,Difficulty,7
L8202,4,ECE,7.11,<3L,After Counselling,40,1,9,No,Yes,Fee,6
L8203,2,CSE,6.4,3-6L,After Counselling,19,3,23,No,No,Time,9
L8204,3,Mechanical,9.48,3-6L,After Counselling,16,1,19,No,No,Fee,2
L8205,2,Mechanical,6.66,3-6L,Before Counselling,18,3,14,No,Yes,Fee,6
L8206,1,Mechanical,7.89,<3L,After Counselling,16,0,18,No,No,Difficulty,2
L8207,1,Civil,6.2,<3L,After Counselling,31,2,9,Yes,Yes,Fee,2
L8208,2,Civil,8.99,6-10L,After Application,25,3,11,No,Yes,Trust,7
L8209,1,CSE,8.87,<3L,Before Counselling,2,3,15,Yes,Yes,Job,4
L8210,1,Civil,6.48,6-10L,After Counselling,46,0,20,No,Yes,Trust,8
L8211,3,Civil,8.41,<3L,After Application,28,4,20,No,Yes,Fee,5
L8212,1,ECE,8.52,<3L,Before Counselling,16,1,6,No,No,Time,7
L8213,3,Civil,7.81,3-6L,After Counselling,36,4,19,No,No,Trust,2
L8214,2,IT,8.0,10L+,After Counselling,45,1,11,No,No,Fee,2
L8215,3,IT,7.87,<3L,After Application,40,0,17,No,No,Time,3
L8216,3,IT,5.41,3-6L,After Understanding,35,0,19,No,No,Difficulty,5
L8217,2,CSE,8.35,3-6L,Before Counselling,24,4,10,No,No,Job,8
L8218,2,Mechanical,7.35,<3L,After Application,35,0,11,No,No,Fee,9
L8219,3,ECE,7.19,<3L,After Counselling,30,2,23,No,Yes,Trust,8
L8220,4,CSE,9.3,10L+,After Understanding,37,4,13,No,No,Job,2
L8221,1,Mechanical,5.12,<3L,After Understanding,11,3,6,No,Yes,Difficulty,5
L8222,1,ECE,6.26,3-6L,After Application,45,3,16,No,Yes,Difficulty,3
L8223,4,ECE,5.61,10L+,After Application,34,0,24,Yes,Yes,Job,4
L8224,2,ECE,5.18,<3L,After Application,38,0,8,Yes,No,Fee,3
L8225,3,IT,6.38,<3L,Before Counselling,39,1,21,No,No,Fee,3
L8226,2,IT,9.94,<3L,After Understanding,24,4,8,No,Yes,Time,2
L8227,1,IT,6.35,<3L,Before Counselling,29,4,4,No,No,Time,3
L8228,3,ECE,8.32,<3L,After Understanding,4,2,4,No,Yes,Fee,8
L8229,3,ECE,5.59,3-6L,Before Counselling,41,3,8,Yes,No,Trust,8
L8230,2,IT,8.01,6-10L,After Application,30,3,2,No,No,Difficulty,5
L8231,2,ECE,9.92,3-6L,After Counselling,14,2,19,No,No,Time,9
L8232,3,IT,6.46,10L+,After Application,24,1,2,No,No,Job,1
L8233,3,IT,9.24,<3L,Before Counselling,38,2,7,No,Yes,Job,1
L8234,1,IT,9.99,<3L,After Application,34,1,21,No,No,Fee,7
L8235,3,Mechanical,7.94,<3L,After Understanding,36,1,8,No,No,Job,3
L8236,3,ECE,6.55,<3L,Before Counselling,15,1,13,No,No,Job,7
L8237,3,CSE,8.37,<3L,After Application,35,0,4,No,Yes,Fee,5
L8238,3,IT,9.22,3-6L,After Application,29,0,3,Yes,No,Trust,1
L8239,1,CSE,5.86,6-10L,After Counselling,36,1,16,Yes,Yes,Fee,5
L8240,3,Mechanical,7.26,10L+,After Counselling,4,2,21,Yes,No,Difficulty,1
L8241,3,ECE,6.6,<3L,After Application,15,2,5,No,No,Time,1
L8242,1,IT,6.42,6-10L,After Understanding,11,2,21,No,No,Trust,6
L8243,2,IT,9.3,6-10L,After Understanding,15,0,20,No,No,Trust,1
L8244,2,IT,7.11,<3L,After Understanding,21,1,24,Yes,Yes,Job,6
L8245,3,CSE,6.7,<3L,After Application,35,3,22,No,No,Time,3
L8246,2,Mechanical,8.02,10L+,After Counselling,23,2,12,Yes,No,Time,7
L8247,3,ECE,6.1,3-6L,After Application,10,0,21,Yes,No,Trust,2
L8248,4,Mechanical,6.15,10L+,After Counselling,4,4,6,Yes,No,Difficulty,7
L8249,3,IT,7.6,3-6L,After Understanding,45,1,24,No,Yes,Difficulty,5
L8250,4,Mechanical,7.05,<3L,After Counselling,25,2,21,No,No,Job,1
L8251,4,CSE,6.47,<3L,After Application,2,0,13,Yes,No,Job,7
L8252,1,Civil,5.27,10L+,After Application,38,4,17,No,Yes,Difficulty,7
L8253,3,Civil,7.6,<3L,After Application,19,1,11,No,Yes,Time,4
L8254,2,ECE,9.08,<3L,After Counselling,24,3,22,No,No,Difficulty,9
L8255,4,ECE,9.26,3-6L,After Understanding,8,1,23,Yes,Yes,Trust,7
L8256,2,Mechanical,6.18,<3L,After Application,6,1,7,No,No,Fee,8
L8257,4,ECE,8.0,<3L,After Application,20,2,13,Yes,No,Fee,6
L8258,3,CSE,9.28,3-6L,After Counselling,14,1,8,No,Yes,Fee,5
L8259,3,IT,7.04,<3L,After Understanding,40,4,11,No,No,Time,2
L8260,1,IT,9.66,3-6L,After Counselling,6,4,17,No,No,Difficulty,1
L8261,1,Mechanical,9.51,<3L,Before Counselling,12,1,4,No,No,Trust,7
L8262,3,IT,6.04,3-6L,Before Counselling,41,1,17,No,No,Trust,3
L8263,1,Mechanical,6.29,<3L,After Application,7,4,13,No,No,Job,3
L8264,4,ECE,5.9,<3L,After Counselling,45,4,9,No,No,Time,6
L8265,1,ECE,5.98,6-10L,After Counselling,30,2,6,No,No,Trust,9
L8266,3,CSE,9.54,<3L,After Application,16,3,18,No,No,Job,4
L8267,2,IT,9.66,<3L,Before Counselling,8,4,21,Yes,No,Time,6
L8268,3,CSE,5.26,3-6L,After Understanding,14,3,21,No,No,Trust,9
L8269,3,Civil,7.97,<3L,After Understanding,20,3,15,No,Yes,Difficulty,5
L8270,2,CSE,7.82,<3L,Before Counselling,28,4,10,No,Yes,Trust,6
L8271,1,Mechanical,6.95,3-6L,After Application,6,2,20,No,No,Time,6
L8272,1,Mechanical,8.16,6-10L,After Application,30,1,13,No,No,Job,7
L8273,3,CSE,9.74,6-10L,After Understanding,4,0,12,Yes,Yes,Time,5
L8274,3,ECE,5.85,3-6L,After Understanding,36,1,2,No,No,Fee,4
L8275,3,Civil,5.6,3-6L,Before Counselling,3,0,12,Yes,Yes,Trust,8
L8276,3,CSE,5.17,6-10L,Before Counselling,10,4,9,No,No,Fee,8
L8277,2,ECE,6.82,<3L,After Counselling,38,1,21,Yes,No,Difficulty,4
L8278,2,CSE,6.69,<3L,Before Counselling,27,1,22,Yes,No,Job,5
L8279,1,IT,7.15,3-6L,Before Counselling,18,0,5,No,No,Difficulty,4
L8280,2,Mechanical,7.52,3-6L,After Understanding,45,2,5,No,No,Time,1
L8281,4,IT,8.79,6-10L,After Understanding,11,4,12,No,No,Trust,2
L8282,4,IT,6.96,<3L,After Counselling,36,4,20,No,No,Job,9
L8283,2,Civil,6.65,<3L,After Understanding,40,4,5,No,Yes,Fee,1
L8284,3,ECE,9.13,6-10L,After Understanding,35,1,24,No,Yes,Fee,6
L8285,4,Mechanical,9.25,3-6L,After Understanding,44,3,7,No,Yes,Time,2
L8286,2,IT,6.16,3-6L,Before Counselling,13,0,10,No,No,Fee,3
L8287,1,Mechanical,6.57,<3L,After Understanding,23,1,12,No,No,Time,7
L8288,1,ECE,9.13,<3L,After Application,43,2,13,No,No,Job,8
L8289,3,CSE,5.4,<3L,Before Counselling,9,2,19,No,Yes,Difficulty,8
L8290,4,IT,6.63,3-6L,After Understanding,4,1,21,No,Yes,Trust,8
L8291,3,ECE,7.24,10L+,Before Counselling,43,0,10,Yes,No,Difficulty,4
L8292,1,Mechanical,5.94,6-10L,After Understanding,40,4,16,No,No,Difficulty,7
L8293,1,ECE,5.9,3-6L,After Counselling,31,4,18,No,No,Trust,8
L8294,3,CSE,7.12,6-10L,After Counselling,3,3,10,Yes,No,Job,3
L8295,4,ECE,8.77,3-6L,After Counselling,36,1,14,No,No,Time,5
L8296,3,Mechanical,9.2,<3L,After Understanding,17,3,3,No,No,Fee,1
L8297,3,IT,9.9,<3L,After Counselling,16,2,18,Yes,Yes,Trust,5
L8298,1,IT,5.37,3-6L,Before Counselling,39,4,19,No,Yes,Difficulty,7
L8299,4,Civil,6.08,<3L,After Counselling,2,4,7,No,No,Trust,7
L8300,3,Mechanical,8.78,3-6L,After Counselling,5,3,3,No,No,Job,6
L8301,2,Civil,7.7,6-10L,After Counselling,33,1,2,Yes,No,Trust,2
L8302,3,Civil,6.64,<3L,After Counselling,13,3,6,No,Yes,Fee,8
L8303,2,CSE,6.03,<3L,Before Counselling,12,2,15,No,Yes,Difficulty,5
L8304,1,Mechanical,6.4,<3L,After Application,19,1,19,No,No,Fee,3
L8305,2,IT,7.15,3-6L,After Counselling,22,2,5,Yes,No,Fee,9
L8306,1,Mechanical,5.89,<3L,After Understanding,40,1,15,No,Yes,Fee,8
L8307,2,CSE,9.82,3-6L,After Application,8,3,16,No,No,Fee,7
L8308,2,Mechanical,5.54,<3L,After Counselling,44,0,23,No,Yes,Trust,5
L8309,3,Mechanical,9.93,3-6L,After Application,4,3,9,No,No,Trust,7
L8310,2,Civil,9.21,<3L,After Understanding,7,1,22,No,No,Difficulty,8
L8311,2,Mechanical,7.12,10L+,After Understanding,22,2,3,Yes,No,Time,8
L8312,1,Civil,8.7,3-6L,After Counselling,18,3,18,Yes,No,Time,8
L8313,3,Civil,8.36,6-10L,After Counselling,6,1,18,No,No,Fee,9
L8314,2,ECE,6.07,6-10L,After Understanding,4,2,21,No,Yes,Job,6
L8315,2,CSE,6.7,3-6L,Before Counselling,41,2,7,No,No,Fee,7
L8316,4,Civil,7.57,<3L,After Application,45,2,7,No,Yes,Job,9
L8317,3,Mechanical,8.19,3-6L,Before Counselling,12,1,20,No,Yes,Job,3
L8318,4,Civil,7.71,3-6L,After Counselling,37,2,2,No,No,Fee,6
L8319,2,Civil,7.36,3-6L,Before Counselling,2,2,7,No,Yes,Difficulty,4
L8320,1,Civil,7.22,<3L,Before Counselling,3,3,6,No,No,Job,2
L8321,3,IT,7.49,<3L,After Application,45,2,5,No,Yes,Fee,5
L8322,2,IT,7.17,<3L,After Counselling,21,0,14,Yes,No,Fee,4
L8323,2,IT,7.71,<3L,After Application,39,1,21,Yes,Yes,Fee,4
L8324,1,IT,9.44,10L+,After Understanding,13,2,18,Yes,Yes,Job,8
L8325,4,ECE,8.16,<3L,After Application,14,2,14,No,No,Trust,3
L8326,1,Civil,8.61,<3L,After Application,30,4,23,No,No,Job,7
L8327,4,ECE,7.99,6-10L,After Understanding,18,3,17,No,No,Trust,5
L8328,4,Mechanical,8.22,6-10L,Before Counselling,13,2,14,No,No,Trust,4
L8329,2,CSE,7.89,3-6L,After Application,14,3,24,Yes,Yes,Difficulty,3
L8330,3,ECE,5.13,<3L,After Understanding,41,3,2,No,No,Time,3
L8331,3,IT,10.0,<3L,After Counselling,40,0,11,No,No,Fee,7
L8332,4,IT,5.17,3-6L,Before Counselling,25,1,19,Yes,No,Fee,5
L8333,2,Mechanical,6.98,<3L,After Understanding,37,0,24,Yes,No,Job,5
L8334,3,Civil,5.53,<3L,Before Counselling,27,1,18,No,Yes,Time,7
L8335,2,CSE,5.48,<3L,After Understanding,23,4,18,No,Yes,Difficulty,8
L8336,4,ECE,8.97,10L+,After Application,7,0,11,Yes,Yes,Fee,6
L8337,2,Civil,7.13,<3L,Before Counselling,10,3,21,No,Yes,Job,8
L8338,2,Civil,9.01,3-6L,After Application,25,2,3,Yes,No,Difficulty,3
L8339,3,ECE,6.36,10L+,After Understanding,35,4,11,Yes,Yes,Time,7
L8340,4,ECE,6.28,3-6L,After Application,24,1,21,Yes,No,Job,2
L8341,3,ECE,6.26,<3L,After Application,42,0,7,Yes,Yes,Difficulty,7
L8342,1,ECE,8.08,<3L,After Understanding,11,4,4,Yes,No,Time,8
L8343,2,IT,9.07,10L+,After Application,20,0,11,No,No,Fee,3
L8344,4,Civil,7.26,<3L,After Application,10,3,20,No,No,Time,5
L8345,3,Civil,6.9,3-6L,After Application,21,0,18,No,No,Job,4
L8346,4,IT,9.87,6-10L,After Counselling,28,1,13,No,No,Fee,2
L8347,1,Civil,5.58,<3L,After Counselling,28,1,22,No,Yes,Trust,2
L8348,2,ECE,7.43,6-10L,After Counselling,27,2,13,No,Yes,Job,5
L8349,3,CSE,7.04,10L+,Before Counselling,33,2,24,No,Yes,Trust,5
L8350,4,Civil,5.49,3-6L,After Application,4,1,7,No,No,Time,2
L8351,1,CSE,6.34,3-6L,After Application,35,1,13,No,No,Difficulty,8
L8352,4,CSE,5.14,6-10L,After Application,20,1,21,No,No,Fee,1
L8353,3,IT,9.38,3-6L,Before Counselling,6,4,7,Yes,Yes,Job,3
L8354,1,Mechanical,8.04,6-10L,Before Counselling,6,0,4,Yes,No,Fee,2
L8355,2,Civil,9.08,3-6L,After Understanding,17,4,4,No,Yes,Time,6
L8356,2,IT,7.61,<3L,After Application,19,3,24,Yes,No,Time,7
L8357,3,IT,8.0,<3L,After Understanding,17,2,10,No,Yes,Difficulty,6
L8358,1,CSE,8.5,<3L,After Understanding,3,0,2,No,No,Difficulty,4
L8359,1,Civil,9.54,<3L,Before Counselling,46,2,5,Yes,No,Job,2
L8360,4,IT,5.46,<3L,After Counselling,34,3,13,No,No,Fee,4
L8361,1,ECE,6.65,3-6L,Before Counselling,4,1,6,No,Yes,Job,9
L8362,2,IT,8.55,<3L,Before Counselling,23,2,19,Yes,No,Trust,2
L8363,2,ECE,9.79,6-10L,After Counselling,18,1,17,Yes,No,Time,7
L8364,3,Mechanical,9.9,6-10L,After Counselling,34,2,11,No,No,Trust,4
L8365,3,ECE,8.19,3-6L,Before Counselling,29,3,13,No,Yes,Trust,3
L8366,2,ECE,5.97,3-6L,After Application,44,2,12,No,No,Fee,9
L8367,3,CSE,5.6,<3L,After Understanding,15,3,20,No,Yes,Trust,3
L8368,3,IT,9.73,3-6L,After Application,45,0,6,No,Yes,Trust,5
L8369,1,Mechanical,7.17,3-6L,After Understanding,11,4,4,No,No,Difficulty,9
L8370,1,IT,5.97,6-10L,After Application,39,3,20,Yes,No,Job,3
L8371,2,ECE,9.67,<3L,After Counselling,9,2,7,Yes,Yes,Difficulty,9
L8372,2,ECE,5.52,6-10L,After Application,47,0,18,No,Yes,Fee,6
L8373,3,IT,8.65,6-10L,Before Counselling,35,3,24,No,No,Job,7
L8374,3,Mechanical,8.13,3-6L,After Understanding,10,2,14,No,No,Job,8
L8375,2,Mechanical,5.44,<3L,After Understanding,40,3,8,No,No,Time,5
L8376,1,CSE,6.69,3-6L,After Application,38,3,20,Yes,No,Time,2
L8377,2,ECE,5.75,3-6L,After Counselling,29,1,20,No,No,Trust,7
L8378,3,ECE,8.02,3-6L,Before Counselling,46,2,13,Yes,No,Job,7
L8379,2,CSE,7.39,3-6L,After Counselling,6,4,12,Yes,No,Job,2
L8380,3,IT,5.02,<3L,Before Counselling,19,3,18,No,No,Time,7
L8381,1,ECE,9.88,<3L,Before Counselling,26,0,18,No,No,Trust,3
L8382,3,IT,6.75,<3L,Before Counselling,9,2,19,No,Yes,Time,6
L8383,4,Mechanical,6.29,<3L,After Application,41,4,16,No,Yes,Job,9
L8384,2,Civil,6.11,<3L,Before Counselling,45,2,7,No,No,Fee,4
L8385,2,CSE,5.79,<3L,Before Counselling,13,4,9,No,No,Time,1
L8386,4,ECE,10.0,<3L,Before Counselling,26,4,12,No,Yes,Difficulty,4
L8387,2,CSE,6.48,6-10L,After Understanding,44,3,14,No,Yes,Time,3
L8388,3,Mechanical,7.03,6-10L,After Understanding,20,1,18,No,Yes,Job,5
L8389,1,Mechanical,9.36,<3L,After Application,2,2,18,No,No,Trust,7
L8390,3,Mechanical,8.21,<3L,After Application,4,0,19,No,No,Job,8
L8391,1,Mechanical,6.84,6-10L,After Understanding,7,0,17,No,No,Trust,3
L8392,4,Civil,9.49,3-6L,After Understanding,19,1,24,No,No,Job,5
L8393,3,IT,8.75,<3L,Before Counselling,35,0,17,No,No,Difficulty,8
L8394,3,IT,6.14,6-10L,After Understanding,11,2,5,Yes,No,Difficulty,7
L8395,3,Civil,8.22,<3L,After Application,19,0,18,No,No,Trust,5
L8396,3,IT,9.61,3-6L,After Application,32,2,9,No,No,Difficulty,8
L8397,2,Mechanical,7.48,10L+,Before Counselling,14,4,21,No,No,Fee,6
L8398,4,IT,8.67,<3L,After Counselling,5,3,8,No,No,Fee,7
L8399,4,CSE,9.86,10L+,After Counselling,25,1,9,Yes,Yes,Difficulty,3
L8400,2,IT,8.45,<3L,After Understanding,14,1,2,Yes,No,Time,2
L8401,4,CSE,5.51,3-6L,Before Counselling,39,0,3,No,No,Difficulty,2
L8402,3,ECE,6.22,3-6L,After Understanding,12,2,14,No,No,Trust,2
L8403,3,CSE,7.98,6-10L,Before Counselling,20,3,3,Yes,Yes,Difficulty,2
L8404,2,CSE,6.38,<3L,After Understanding,18,0,6,Yes,No,Difficulty,7
L8405,2,Mechanical,9.79,3-6L,After Application,1,3,6,No,Yes,Trust,1
L8406,1,Mechanical,7.03,6-10L,After Application,43,2,7,No,No,Fee,4
L8407,2,Mechanical,7.29,3-6L,After Counselling,4,0,19,No,No,Time,7
L8408,3,CSE,8.51,<3L,After Counselling,12,0,17,Yes,No,Job,2
L8409,2,Civil,7.62,<3L,After Understanding,26,3,18,Yes,Yes,Time,9
L8410,2,Mechanical,6.91,3-6L,After Application,32,0,10,No,Yes,Job,5
L8411,4,Mechanical,5.38,6-10L,After Understanding,37,3,22,Yes,No,Difficulty,1
L8412,2,CSE,7.98,3-6L,After Application,15,2,9,Yes,No,Fee,2
L8413,2,ECE,9.34,3-6L,Before Counselling,35,3,9,Yes,No,Difficulty,1
L8414,1,ECE,8.43,<3L,After Application,26,2,3,No,No,Job,5
L8415,1,IT,6.91,3-6L,After Counselling,15,2,10,No,Yes,Fee,8
L8416,3,ECE,5.64,<3L,After Application,8,4,7,No,No,Job,7
L8417,3,Mechanical,9.08,3-6L,After Understanding,28,3,20,Yes,No,Difficulty,3
L8418,3,Civil,9.71,10L+,Before Counselling,30,1,2,No,No,Job,5
L8419,1,IT,6.94,6-10L,After Counselling,43,4,20,No,No,Fee,6
L8420,3,Civil,8.64,<3L,Before Counselling,44,4,2,Yes,Yes,Time,2
L8421,2,Civil,7.05,3-6L,After Counselling,3,3,22,No,No,Difficulty,2
L8422,2,Mechanical,7.51,<3L,After Counselling,6,4,14,No,No,Job,6
L8423,1,CSE,9.18,<3L,Before Counselling,31,4,8,No,No,Job,2
L8424,1,CSE,5.42,<3L,Before Counselling,26,0,22,No,Yes,Time,7
L8425,2,CSE,7.65,<3L,After Application,8,2,14,No,Yes,Fee,5
L8426,1,ECE,6.07,3-6L,After Application,39,1,19,No,No,Trust,6
L8427,4,CSE,6.7,3-6L,After Counselling,29,3,3,Yes,No,Trust,2
L8428,2,Mechanical,8.22,10L+,After Application,17,0,4,Yes,Yes,Trust,2
L8429,1,ECE,5.14,<3L,After Application,16,1,7,No,Yes,Difficulty,2
L8430,1,CSE,7.97,<3L,After Counselling,45,1,14,No,No,Trust,5
L8431,3,Civil,6.42,<3L,After Application,4,0,21,Yes,No,Trust,6
L8432,1,Mechanical,8.35,<3L,Before Counselling,10,3,10,No,No,Time,4
L8433,4,Mechanical,5.71,10L+,After Understanding,16,2,4,No,Yes,Trust,7
L8434,4,IT,8.68,<3L,Before Counselling,19,0,23,No,No,Job,6
L8435,2,Mechanical,8.23,10L+,After Understanding,39,4,16,No,No,Time,8
L8436,2,Civil,9.86,<3L,Before Counselling,13,1,5,Yes,Yes,Job,2
L8437,1,Mechanical,9.56,<3L,After Understanding,4,4,18,No,Yes,Difficulty,4
L8438,3,IT,6.42,<3L,After Understanding,32,3,18,No,No,Time,4
L8439,2,Mechanical,5.14,6-10L,After Application,18,2,14,No,No,Job,2
L8440,2,Mechanical,8.28,<3L,After Counselling,16,2,12,No,No,Job,6
L8441,2,IT,8.01,10L+,Before Counselling,25,2,9,Yes,No,Fee,1
L8442,3,Mechanical,5.14,3-6L,After Application,16,4,4,No,Yes,Fee,8
L8443,2,ECE,5.61,<3L,Before Counselling,22,3,19,Yes,Yes,Fee,8
L8444,1,Mechanical,7.92,3-6L,Before Counselling,24,4,2,No,Yes,Fee,9
L8445,3,CSE,9.56,<3L,After Understanding,28,1,9,No,Yes,Trust,9
L8446,3,CSE,9.53,<3L,After Understanding,23,2,10,No,Yes,Difficulty,7
L8447,4,ECE,5.76,6-10L,After Counselling,21,3,18,Yes,No,Trust,7
L8448,1,Mechanical,6.92,3-6L,After Understanding,9,4,9,No,Yes,Difficulty,6
L8449,3,Civil,5.22,3-6L,Before Counselling,2,4,12,No,Yes,Time,4
L8450,3,Mechanical,7.35,<3L,After Understanding,38,4,2,No,Yes,Difficulty,6
L8451,1,CSE,8.77,<3L,After Application,28,4,3,No,Yes,Trust,2
L8452,3,IT,8.95,<3L,After Application,26,4,16,No,Yes,Time,1
L8453,2,ECE,7.49,3-6L,After Understanding,27,1,18,No,Yes,Time,8
L8454,4,IT,5.48,6-10L,After Counselling,25,2,16,Yes,No,Time,8
L8455,1,Civil,6.91,3-6L,After Understanding,21,4,19,No,No,Fee,9
L8456,3,Mechanical,9.66,6-10L,After Application,38,1,13,Yes,Yes,Trust,9
L8457,2,Civil,6.15,<3L,Before Counselling,25,3,15,No,No,Fee,8
L8458,4,IT,6.6,<3L,Before Counselling,38,3,13,No,Yes,Job,6
L8459,2,Mechanical,8.73,<3L,Before Counselling,46,1,3,Yes,No,Time,7
L8460,4,Civil,8.67,6-10L,After Application,11,1,22,No,Yes,Time,4
L8461,4,CSE,9.56,6-10L,After Application,28,1,17,No,No,Time,8
L8462,2,CSE,6.94,<3L,Before Counselling,36,3,20,No,No,Trust,1
L8463,4,ECE,7.57,<3L,After Counselling,4,4,2,Yes,Yes,Time,8
L8464,4,CSE,7.34,3-6L,After Counselling,19,2,3,No,Yes,Trust,2
L8465,2,CSE,9.64,6-10L,Before Counselling,24,4,13,No,Yes,Job,7
L8466,2,IT,8.85,6-10L,Before Counselling,22,0,5,No,No,Job,8
L8467,3,CSE,9.16,<3L,After Application,25,1,8,No,No,Job,4
L8468,2,CSE,5.67,3-6L,After Understanding,8,4,18,No,No,Fee,4
L8469,1,IT,8.96,6-10L,After Application,20,2,6,Yes,No,Time,7
L8470,2,CSE,7.16,<3L,After Understanding,1,4,3,No,No,Job,7
L8471,2,CSE,5.12,3-6L,After Understanding,4,0,14,No,No,Difficulty,9
L8472,2,ECE,5.3,<3L,After Understanding,12,0,9,No,No,Trust,3
L8473,1,CSE,8.39,<3L,After Understanding,25,4,19,Yes,No,Difficulty,8
L8474,4,CSE,6.86,10L+,Before Counselling,21,2,5,No,No,Job,4
L8475,3,ECE,9.34,10L+,After Understanding,19,4,7,No,No,Fee,5
L8476,1,IT,8.67,3-6L,After Understanding,34,1,10,Yes,No,Fee,7
L8477,3,CSE,5.11,<3L,After Understanding,6,2,11,No,No,Difficulty,4
L8478,3,Civil,8.43,6-10L,After Application,35,3,5,No,No,Job,1
L8479,4,IT,5.96,<3L,After Application,3,2,5,No,No,Time,8
L8480,1,IT,7.11,<3L,After Application,33,4,8,Yes,Yes,Trust,1
L8481,2,CSE,8.12,<3L,After Counselling,9,4,15,Yes,Yes,Trust,1
L8482,4,ECE,9.36,3-6L,After Application,7,3,13,No,Yes,Fee,5
L8483,4,IT,7.28,<3L,After Counselling,41,0,16,No,No,Difficulty,1
L8484,3,ECE,9.04,3-6L,After Application,27,4,18,Yes,Yes,Job,8
L8485,3,Civil,8.91,<3L,After Counselling,1,0,22,No,No,Job,3
L8486,1,ECE,7.07,6-10L,After Application,40,0,22,No,No,Time,5
L8487,3,Mechanical,7.5,10L+,Before Counselling,18,1,14,No,No,Time,4
L8488,2,ECE,8.5,6-10L,After Application,35,0,2,Yes,Yes,Job,3
L8489,1,IT,5.16,3-6L,After Counselling,17,2,23,No,No,Job,9
L8490,4,ECE,9.45,<3L,After Understanding,39,0,14,No,No,Trust,2
L8491,1,ECE,8.85,6-10L,After Application,11,1,17,No,No,Difficulty,8
L8492,2,Mechanical,6.25,10L+,After Understanding,37,4,14,No,No,Trust,3
L8493,4,Mechanical,9.91,<3L,After Understanding,45,4,10,Yes,Yes,Time,6
L8494,1,CSE,5.9,3-6L,After Application,11,3,24,No,Yes,Fee,2
L8495,4,IT,9.57,<3L,After Application,3,0,19,No,No,Job,4
L8496,4,CSE,6.62,<3L,Before Counselling,13,2,17,No,No,Job,4
L8497,3,Mechanical,8.82,3-6L,After Counselling,28,3,21,No,Yes,Difficulty,2
L8498,1,ECE,7.28,10L+,After Application,38,3,13,No,No,Time,4
L8499,2,Mechanical,8.68,<3L,After Counselling,47,1,9,Yes,Yes,Job,3
L8500,2,Civil,5.78,3-6L,After Application,34,4,2,No,No,Trust,2
L8501,2,ECE,6.35,10L+,After Understanding,28,0,14,No,No,Difficulty,2
L8502,2,CSE,5.5,3-6L,After Understanding,2,0,23,Yes,No,Job,2
L8503,4,ECE,9.33,6-10L,After Application,46,4,20,Yes,No,Fee,5
L8504,1,Civil,6.48,<3L,After Counselling,2,1,14,No,No,Time,5
L8505,3,Mechanical,8.47,10L+,After Counselling,37,1,4,Yes,No,Difficulty,8
L8506,1,IT,9.1,<3L,After Understanding,16,1,2,No,Yes,Trust,2
L8507,3,IT,9.51,10L+,After Counselling,8,2,15,No,No,Time,8
L8508,4,IT,5.53,<3L,After Counselling,40,0,22,No,No,Job,6
L8509,2,Mechanical,9.47,3-6L,Before Counselling,11,1,2,Yes,Yes,Fee,3
L8510,1,IT,5.99,<3L,After Understanding,45,1,6,No,Yes,Trust,5
L8511,3,Civil,8.68,3-6L,After Counselling,15,4,6,No,Yes,Time,4
L8512,3,Mechanical,8.64,<3L,Before Counselling,4,3,12,No,No,Job,5
L8513,3,IT,5.04,10L+,After Application,23,3,20,No,Yes,Difficulty,6
L8514,2,CSE,6.1,<3L,Before Counselling,8,3,13,No,Yes,Job,4
L8515,2,Mechanical,7.46,3-6L,Before Counselling,16,0,9,No,No,Difficulty,8
L8516,4,Mechanical,7.1,<3L,Before Counselling,16,2,11,No,No,Difficulty,2
L8517,4,ECE,9.59,6-10L,Before Counselling,24,0,19,No,No,Job,4
L8518,2,IT,6.8,3-6L,Before Counselling,10,4,10,No,No,Fee,9
L8519,4,CSE,9.68,10L+,Before Counselling,34,1,12,Yes,Yes,Difficulty,2
L8520,2,Civil,7.3,3-6L,After Application,18,0,6,No,Yes,Difficulty,2
L8521,2,Mechanical,9.82,<3L,After Application,16,3,14,Yes,Yes,Job,1
L8522,1,Civil,8.69,<3L,After Understanding,36,2,14,Yes,No,Difficulty,1
L8523,2,Civil,9.15,6-10L,After Understanding,8,4,5,No,No,Trust,8
L8524,3,Civil,5.52,3-6L,After Application,20,1,18,No,No,Time,3
L8525,1,ECE,7.93,6-10L,After Application,23,2,15,No,Yes,Job,1
L8526,2,Civil,5.71,<3L,After Understanding,40,0,10,No,No,Trust,2
L8527,3,IT,6.49,3-6L,Before Counselling,14,0,23,Yes,No,Difficulty,4
L8528,3,IT,8.12,10L+,After Counselling,16,2,3,No,No,Difficulty,4
L8529,3,CSE,8.63,<3L,Before Counselling,38,2,5,No,No,Difficulty,7
L8530,4,CSE,5.2,<3L,After Application,18,1,12,No,No,Time,7
L8531,1,Civil,7.65,6-10L,After Understanding,40,3,11,No,No,Fee,9
L8532,3,Civil,7.83,<3L,After Understanding,30,2,6,No,No,Job,9
L8533,3,ECE,5.39,3-6L,Before Counselling,36,1,17,No,No,Trust,5
L8534,3,Civil,7.5,3-6L,After Understanding,36,2,7,Yes,No,Fee,8
L8535,2,Civil,8.57,10L+,After Application,39,2,6,No,No,Job,8
L8536,1,Civil,5.27,6-10L,After Application,40,3,14,No,Yes,Difficulty,2
L8537,4,Mechanical,8.8,3-6L,After Counselling,41,1,10,No,No,Difficulty,1
L8538,2,Mechanical,7.88,<3L,After Application,1,0,11,No,No,Trust,7
L8539,4,ECE,9.17,<3L,After Counselling,17,1,3,No,No,Fee,6
L8540,3,ECE,6.09,6-10L,After Counselling,28,1,16,No,No,Difficulty,5
L8541,3,IT,9.17,3-6L,Before Counselling,7,1,13,No,No,Time,4
L8542,4,ECE,5.47,6-10L,After Understanding,20,3,13,No,No,Job,5
L8543,3,IT,7.02,3-6L,After Application,42,3,4,Yes,No,Trust,2
L8544,2,Civil,6.0,<3L,After Understanding,24,4,16,No,Yes,Time,5
L8545,3,ECE,9.38,<3L,After Counselling,1,0,20,No,No,Trust,7
L8546,4,ECE,8.52,<3L,After Application,18,3,14,No,Yes,Job,1
L8547,2,ECE,5.13,6-10L,After Understanding,26,3,4,Yes,Yes,Fee,2
L8548,2,IT,5.05,6-10L,After Application,14,1,14,Yes,No,Time,3
L8549,1,IT,6.46,<3L,Before Counselling,19,1,23,Yes,No,Difficulty,9
L8550,4,CSE,5.72,3-6L,After Application,18,2,6,Yes,No,Trust,8
L8551,1,IT,8.15,6-10L,After Counselling,45,2,12,No,No,Fee,1
L8552,3,IT,8.32,3-6L,After Application,7,2,23,No,No,Job,9
L8553,2,Mechanical,9.71,3-6L,Before Counselling,2,3,18,No,Yes,Difficulty,7
L8554,2,ECE,9.76,<3L,Before Counselling,7,2,20,No,No,Trust,9
L8555,3,IT,8.29,6-10L,After Understanding,28,0,21,No,No,Fee,5
L8556,1,ECE,5.03,3-6L,Before Counselling,28,2,24,No,No,Job,5
L8557,3,ECE,6.79,6-10L,After Counselling,42,4,13,No,No,Fee,1
L8558,3,Mechanical,7.57,6-10L,Before Counselling,17,4,6,Yes,No,Job,7
L8559,4,ECE,7.5,6-10L,After Understanding,30,1,18,No,No,Difficulty,8
L8560,1,IT,8.02,10L+,Before Counselling,21,3,20,Yes,No,Time,1
L8561,4,ECE,9.8,6-10L,Before Counselling,37,4,12,No,No,Trust,5
L8562,3,CSE,9.43,<3L,After Application,9,0,3,Yes,No,Time,7
L8563,4,CSE,5.54,<3L,After Understanding,36,1,7,Yes,No,Difficulty,3
L8564,2,Mechanical,6.33,<3L,After Application,22,4,22,No,No,Time,2
L8565,3,IT,9.17,<3L,After Understanding,15,2,4,Yes,No,Trust,1
L8566,4,Mechanical,9.12,<3L,After Understanding,14,4,16,No,No,Difficulty,3
L8567,4,CSE,6.38,3-6L,After Understanding,27,4,19,No,Yes,Trust,8
L8568,2,IT,8.65,<3L,After Understanding,18,1,18,Yes,No,Time,3
L8569,2,ECE,8.36,3-6L,After Understanding,10,3,16,Yes,Yes,Fee,3
L8570,2,IT,7.37,6-10L,After Understanding,22,2,3,Yes,No,Fee,4
L8571,2,Civil,6.01,6-10L,Before Counselling,23,2,6,No,No,Trust,3
L8572,2,IT,9.44,10L+,Before Counselling,42,2,6,Yes,No,Fee,3
L8573,2,ECE,8.39,<3L,Before Counselling,41,2,10,No,Yes,Trust,3
L8574,4,Civil,5.84,3-6L,After Counselling,5,3,7,No,No,Time,2
L8575,1,Mechanical,8.52,<3L,After Understanding,25,2,20,Yes,Yes,Job,4
L8576,3,IT,8.71,3-6L,Before Counselling,1,3,11,Yes,No,Difficulty,3
L8577,1,Mechanical,9.43,3-6L,After Understanding,24,1,20,No,Yes,Time,9
L8578,2,IT,6.11,<3L,After Application,33,0,20,No,No,Job,4
L8579,1,CSE,9.94,<3L,After Counselling,37,3,17,No,Yes,Time,5
L8580,2,CSE,5.77,6-10L,After Understanding,7,2,13,Yes,No,Job,6
L8581,3,ECE,8.0,6-10L,Before Counselling,24,1,10,No,No,Trust,5
L8582,4,CSE,8.29,3-6L,After Counselling,15,1,4,No,Yes,Difficulty,7
L8583,2,Civil,7.09,<3L,After Application,11,4,18,No,No,Trust,5
L8584,2,Civil,7.38,3-6L,After Understanding,44,4,11,No,Yes,Difficulty,1
L8585,2,IT,9.45,<3L,After Counselling,17,0,19,No,Yes,Job,8
L8586,4,Mechanical,8.23,10L+,After Understanding,23,0,8,No,No,Fee,8
L8587,3,Civil,7.49,6-10L,After Counselling,4,4,8,No,No,Fee,4
L8588,3,IT,5.64,<3L,Before Counselling,31,4,10,No,Yes,Fee,6
L8589,3,Mechanical,5.04,<3L,After Understanding,34,1,17,No,Yes,Fee,1
L8590,4,CSE,5.62,3-6L,After Understanding,10,3,12,No,No,Time,9
L8591,1,IT,9.78,<3L,After Understanding,37,4,10,No,No,Time,6
L8592,2,Mechanical,8.82,10L+,Before Counselling,10,2,2,No,No,Fee,7
L8593,4,ECE,9.84,6-10L,After Counselling,42,3,13,No,Yes,Trust,1
L8594,3,ECE,5.18,<3L,Before Counselling,11,3,4,No,No,Job,4
L8595,3,Civil,8.4,<3L,After Application,31,2,21,Yes,Yes,Fee,7
L8596,3,Mechanical,5.22,6-10L,After Application,10,2,20,Yes,No,Trust,4
L8597,2,ECE,8.91,3-6L,After Application,43,2,9,Yes,No,Trust,1
L8598,3,Civil,6.9,3-6L,After Counselling,38,1,8,Yes,No,Trust,3
L8599,3,IT,5.48,<3L,After Understanding,42,4,6,No,No,Time,5
L8600,2,IT,7.84,<3L,After Counselling,8,4,6,Yes,No,Difficulty,3
L8601,3,Mechanical,6.4,3-6L,After Application,11,1,21,Yes,Yes,Time,6
L8602,4,Mechanical,8.3,3-6L,After Counselling,20,3,6,No,Yes,Fee,8
L8603,1,Mechanical,8.29,<3L,After Understanding,24,1,13,No,No,Fee,7
L8604,2,Mechanical,8.53,<3L,After Understanding,7,4,22,No,No,Fee,7
L8605,2,ECE,9.96,3-6L,After Counselling,21,0,21,No,No,Job,3
L8606,3,ECE,6.93,6-10L,After Application,44,1,6,No,No,Job,9
L8607,2,Civil,7.33,<3L,After Understanding,6,0,24,No,Yes,Difficulty,4
L8608,3,ECE,9.02,6-10L,After Application,31,0,8,No,No,Time,8
L8609,4,IT,7.89,<3L,After Understanding,12,2,2,Yes,No,Trust,3
L8610,2,Civil,5.19,<3L,After Application,37,2,20,No,No,Time,1
L8611,4,ECE,9.22,6-10L,After Counselling,13,2,3,No,Yes,Fee,3
L8612,4,Mechanical,5.26,3-6L,Before Counselling,31,0,13,Yes,No,Difficulty,9
L8613,1,ECE,5.85,<3L,Before Counselling,9,4,11,No,No,Job,2
L8614,2,CSE,5.51,<3L,After Application,27,2,17,No,Yes,Difficulty,3
L8615,4,Civil,5.39,<3L,After Understanding,17,2,12,Yes,No,Trust,9
L8616,4,ECE,5.13,6-10L,After Counselling,8,3,19,No,Yes,Difficulty,6
L8617,1,ECE,5.28,<3L,After Understanding,27,0,13,No,No,Difficulty,7
L8618,1,IT,7.21,<3L,Before Counselling,40,0,10,Yes,No,Difficulty,6
L8619,1,Mechanical,6.26,<3L,Before Counselling,15,2,22,No,No,Fee,5
L8620,4,Mechanical,5.63,3-6L,After Counselling,39,3,23,No,No,Trust,1
L8621,1,IT,8.29,6-10L,After Application,6,3,8,No,No,Job,1
L8622,3,IT,6.13,<3L,After Counselling,32,1,8,No,Yes,Time,7
L8623,4,CSE,5.09,3-6L,Before Counselling,8,1,14,No,No,Job,7
L8624,1,Civil,7.09,<3L,After Counselling,35,2,21,No,Yes,Difficulty,9
L8625,3,Mechanical,6.55,3-6L,Before Counselling,31,0,14,Yes,Yes,Difficulty,9
L8626,2,IT,6.59,<3L,After Understanding,42,3,21,No,Yes,Time,3
L8627,4,IT,7.23,<3L,Before Counselling,26,3,6,No,No,Trust,5
L8628,2,Civil,8.34,<3L,Before Counselling,42,3,15,Yes,No,Difficulty,1
L8629,3,IT,8.08,6-10L,After Counselling,24,0,17,Yes,Yes,Fee,7
L8630,3,CSE,9.69,6-10L,After Counselling,2,1,14,Yes,Yes,Fee,7
L8631,2,Civil,7.59,3-6L,After Counselling,41,2,13,No,No,Job,9
L8632,1,CSE,7.36,<3L,After Understanding,1,1,2,No,Yes,Fee,9
L8633,2,ECE,6.07,<3L,After Counselling,10,3,9,Yes,No,Job,1
L8634,2,Mechanical,8.78,3-6L,After Understanding,23,3,9,No,Yes,Difficulty,5
L8635,4,IT,5.7,6-10L,After Application,33,0,24,No,Yes,Fee,4
L8636,4,Civil,7.46,10L+,After Counselling,44,0,23,Yes,Yes,Fee,4
L8637,2,CSE,7.11,3-6L,After Counselling,37,0,16,No,Yes,Time,6
L8638,3,Mechanical,8.29,<3L,After Application,11,2,4,Yes,Yes,Job,6
L8639,3,Mechanical,9.59,3-6L,After Application,20,4,9,No,No,Time,9
L8640,4,IT,9.73,<3L,After Application,26,4,24,No,No,Trust,3
L8641,2,Mechanical,5.84,3-6L,Before Counselling,46,2,19,No,Yes,Time,9
L8642,2,IT,6.31,<3L,Before Counselling,47,2,8,No,No,Fee,3
L8643,2,ECE,9.06,<3L,Before Counselling,2,2,23,No,Yes,Fee,6
L8644,3,IT,7.59,<3L,After Application,25,1,13,No,No,Trust,7
L8645,2,CSE,7.27,3-6L,After Understanding,4,2,16,No,No,Job,6
L8646,2,Mechanical,8.55,3-6L,After Counselling,19,1,9,No,No,Job,8
L8647,1,Mechanical,8.01,6-10L,Before Counselling,13,0,17,Yes,No,Job,6
L8648,3,Mechanical,9.85,6-10L,After Application,19,3,6,No,No,Trust,3
L8649,2,IT,7.92,10L+,After Counselling,13,4,6,No,No,Difficulty,2
L8650,1,Civil,7.33,<3L,Before Counselling,12,3,10,No,Yes,Difficulty,3
L8651,2,IT,7.71,3-6L,After Application,2,4,14,Yes,No,Trust,2
L8652,2,CSE,9.04,3-6L,After Counselling,37,0,16,No,No,Time,4
L8653,3,IT,8.06,6-10L,Before Counselling,23,4,9,No,No,Trust,5
L8654,2,Mechanical,8.24,<3L,Before Counselling,19,0,13,No,No,Difficulty,3
L8655,2,ECE,9.86,<3L,Before Counselling,3,3,21,No,Yes,Difficulty,1
L8656,3,CSE,8.09,<3L,Before Counselling,24,1,10,No,No,Time,1
L8657,2,ECE,6.9,10L+,Before Counselling,23,4,16,Yes,No,Fee,2
L8658,1,CSE,8.46,6-10L,After Application,4,2,16,Yes,Yes,Fee,8
L8659,4,CSE,8.3,<3L,After Counselling,18,1,14,No,No,Fee,7
L8660,2,Mechanical,5.07,6-10L,Before Counselling,12,1,16,Yes,Yes,Job,7
L8661,2,IT,7.34,<3L,After Counselling,35,0,23,No,No,Difficulty,2
L8662,1,Mechanical,8.71,<3L,Before Counselling,27,3,6,Yes,Yes,Trust,3
L8663,2,Mechanical,7.5,6-10L,After Application,43,2,11,No,No,Time,1
L8664,3,Mechanical,8.9,<3L,After Application,14,3,24,No,Yes,Difficulty,7
L8665,3,ECE,7.25,<3L,After Counselling,31,3,13,No,Yes,Fee,6
L8666,3,CSE,9.92,6-10L,Before Counselling,3,1,18,No,No,Time,1
L8667,1,Civil,6.46,3-6L,After Application,5,2,10,Yes,Yes,Trust,5
L8668,2,IT,5.46,10L+,Before Counselling,29,4,6,Yes,No,Difficulty,2
L8669,4,Mechanical,7.15,<3L,Before Counselling,39,2,10,No,No,Trust,6
L8670,4,CSE,7.71,<3L,After Understanding,17,0,6,No,No,Difficulty,3
L8671,1,IT,6.75,<3L,After Application,19,1,24,Yes,No,Difficulty,2
L8672,2,Civil,6.21,6-10L,After Counselling,35,2,15,No,No,Fee,3
L8673,2,Civil,8.36,<3L,After Counselling,33,0,8,No,Yes,Time,2
L8674,1,Mechanical,6.89,<3L,Before Counselling,8,4,10,No,No,Fee,3
L8675,2,Civil,8.16,<3L,Before Counselling,37,3,13,Yes,Yes,Difficulty,5
L8676,1,Civil,8.9,6-10L,Before Counselling,35,3,6,No,Yes,Fee,8
L8677,3,IT,8.81,<3L,After Understanding,20,0,8,No,Yes,Difficulty,9
L8678,3,IT,6.88,<3L,Before Counselling,17,1,6,No,No,Fee,5
L8679,1,Mechanical,7.84,3-6L,Before Counselling,45,3,21,No,Yes,Difficulty,6
L8680,1,CSE,7.25,<3L,After Counselling,13,1,18,No,Yes,Job,2
L8681,4,Mechanical,9.35,<3L,After Understanding,4,1,12,Yes,No,Job,2
L8682,1,ECE,9.39,<3L,After Counselling,30,3,6,Yes,No,Trust,1
L8683,3,Civil,6.72,6-10L,After Understanding,6,4,5,Yes,Yes,Difficulty,9
L8684,2,CSE,5.46,<3L,After Understanding,2,2,2,No,No,Fee,8
L8685,3,IT,5.84,<3L,After Application,15,3,2,No,Yes,Difficulty,2
L8686,2,ECE,6.84,<3L,After Application,34,2,15,No,No,Fee,2
L8687,1,ECE,7.82,10L+,After Application,20,1,22,Yes,No,Trust,1
L8688,2,Civil,8.28,<3L,After Counselling,16,4,10,No,No,Difficulty,7
L8689,1,IT,6.66,6-10L,After Application,43,1,2,Yes,No,Trust,9
L8690,2,CSE,8.34,6-10L,After Application,29,4,9,No,Yes,Fee,5
L8691,3,IT,9.69,<3L,After Counselling,27,0,14,No,Yes,Time,7
L8692,2,Civil,8.26,<3L,After Understanding,1,4,10,Yes,No,Fee,1
L8693,1,ECE,5.79,3-6L,After Understanding,13,4,16,No,No,Trust,3
L8694,3,Civil,7.9,6-10L,Before Counselling,40,1,12,Yes,No,Difficulty,3
L8695,3,Mechanical,7.71,6-10L,Before Counselling,32,3,5,No,No,Difficulty,4
L8696,4,ECE,9.35,6-10L,After Application,3,3,9,No,No,Trust,1
L8697,3,Civil,6.75,<3L,After Counselling,14,2,14,No,Yes,Difficulty,5
L8698,2,CSE,7.11,3-6L,After Understanding,28,0,18,No,No,Job,9
L8699,3,CSE,7.99,<3L,After Counselling,46,4,5,No,No,Time,9
L8700,4,CSE,7.62,3-6L,Before Counselling,26,2,11,No,Yes,Trust,6
L8701,4,Mechanical,8.6,3-6L,After Application,21,4,3,No,No,Time,7
L8702,2,IT,5.2,<3L,Before Counselling,46,4,16,No,No,Trust,5
L8703,2,CSE,7.82,<3L,Before Counselling,11,0,21,No,No,Time,8
L8704,2,Mechanical,5.61,<3L,After Understanding,27,0,19,No,No,Fee,1
L8705,3,CSE,6.58,3-6L,After Counselling,44,2,15,No,No,Trust,1
L8706,3,Mechanical,8.31,6-10L,After Understanding,1,3,4,Yes,No,Difficulty,8
L8707,3,CSE,5.79,3-6L,After Understanding,33,4,2,Yes,No,Time,5
L8708,1,IT,6.54,6-10L,Before Counselling,46,1,4,No,Yes,Fee,4
L8709,3,Civil,8.52,<3L,After Application,18,2,24,No,No,Fee,7
L8710,4,CSE,8.25,<3L,Before Counselling,2,4,14,No,Yes,Fee,3
L8711,2,Civil,5.46,<3L,After Counselling,4,0,9,No,No,Difficulty,9
L8712,3,CSE,7.89,<3L,After Application,4,0,23,No,No,Fee,7
L8713,2,IT,5.74,3-6L,After Understanding,17,0,18,Yes,No,Time,1
L8714,4,Civil,6.26,6-10L,After Counselling,16,0,24,No,Yes,Difficulty,2
L8715,4,Mechanical,7.3,3-6L,After Counselling,9,3,17,No,No,Trust,5
L8716,3,CSE,5.55,3-6L,After Counselling,26,3,17,Yes,No,Difficulty,2
L8717,3,CSE,9.97,<3L,After Counselling,10,4,13,No,Yes,Trust,2
L8718,4,Mechanical,5.83,<3L,Before Counselling,7,4,20,Yes,Yes,Trust,6
L8719,2,IT,8.91,<3L,After Counselling,9,2,17,No,Yes,Trust,6
L8720,2,ECE,9.15,3-6L,Before Counselling,27,0,16,No,Yes,Trust,9
L8721,3,CSE,9.97,3-6L,After Application,32,0,10,No,No,Difficulty,6
L8722,2,Mechanical,7.14,<3L,After Counselling,23,1,17,No,No,Job,2
L8723,2,ECE,9.37,3-6L,Before Counselling,27,1,3,Yes,No,Job,1
L8724,4,CSE,9.79,3-6L,After Counselling,25,0,11,Yes,No,Fee,6
L8725,3,Civil,5.86,<3L,After Application,29,1,13,Yes,Yes,Time,5
L8726,2,Mechanical,7.4,3-6L,After Understanding,24,1,19,Yes,Yes,Time,8
L8727,2,Civil,5.3,6-10L,After Application,16,0,19,No,Yes,Time,5
L8728,2,IT,8.1,<3L,After Understanding,16,3,5,No,No,Fee,8
L8729,2,ECE,7.91,3-6L,Before Counselling,28,3,3,Yes,Yes,Time,2
L8730,1,Mechanical,6.02,<3L,After Application,20,4,8,No,No,Difficulty,6
L8731,3,CSE,8.99,6-10L,Before Counselling,19,3,20,No,No,Job,6
L8732,2,CSE,5.19,10L+,After Application,10,0,12,Yes,No,Trust,6
L8733,2,ECE,9.03,3-6L,After Counselling,26,1,14,No,Yes,Time,7
L8734,2,Civil,5.13,<3L,After Understanding,2,0,21,No,Yes,Fee,2
L8735,4,Civil,8.28,<3L,After Counselling,3,2,18,No,Yes,Fee,5
L8736,2,Mechanical,5.39,<3L,Before Counselling,39,1,11,No,Yes,Difficulty,7
L8737,1,Mechanical,6.26,<3L,After Counselling,2,0,17,Yes,No,Trust,3
L8738,1,Civil,8.61,3-6L,After Understanding,25,4,21,No,No,Trust,5
L8739,3,Mechanical,6.4,<3L,After Understanding,45,4,17,Yes,No,Fee,6
L8740,3,Civil,7.56,<3L,After Understanding,4,1,21,No,Yes,Time,3
L8741,2,ECE,9.58,6-10L,After Understanding,15,3,21,No,No,Difficulty,8
L8742,2,Mechanical,5.25,3-6L,After Understanding,18,4,17,No,Yes,Difficulty,7
L8743,1,Civil,9.06,<3L,Before Counselling,7,2,20,No,No,Trust,1
L8744,3,Mechanical,5.33,3-6L,After Counselling,27,1,14,No,No,Difficulty,5
L8745,3,CSE,5.63,10L+,After Application,18,2,24,No,No,Job,3
L8746,1,CSE,5.6,<3L,After Counselling,7,1,21,No,Yes,Trust,9
L8747,1,IT,9.97,3-6L,After Counselling,29,3,12,No,No,Fee,4
L8748,1,Civil,5.9,6-10L,Before Counselling,41,0,13,No,No,Difficulty,2
L8749,1,IT,9.48,3-6L,Before Counselling,44,1,18,No,Yes,Trust,5
L8750,3,Civil,9.95,<3L,Before Counselling,33,0,16,No,No,Time,1
L8751,1,Mechanical,6.92,<3L,Before Counselling,2,1,4,Yes,Yes,Time,1
L8752,2,Civil,8.16,6-10L,After Counselling,18,3,10,No,Yes,Job,7
L8753,1,CSE,8.9,10L+,After Understanding,46,2,11,Yes,Yes,Fee,4
L8754,4,Mechanical,6.96,6-10L,After Understanding,23,0,13,Yes,No,Time,6
L8755,4,CSE,5.81,10L+,Before Counselling,6,2,23,No,Yes,Trust,4
L8756,2,Mechanical,7.17,3-6L,After Application,43,1,10,Yes,Yes,Difficulty,7
L8757,2,Civil,8.86,10L+,After Counselling,25,1,6,No,Yes,Time,9
L8758,2,Civil,8.9,3-6L,After Counselling,19,3,23,No,Yes,Time,9
L8759,2,CSE,6.15,10L+,After Application,8,1,3,Yes,No,Job,4
L8760,1,ECE,5.87,<3L,Before Counselling,37,3,14,No,No,Difficulty,4
L8761,3,Civil,9.6,6-10L,After Counselling,26,1,12,No,No,Difficulty,3
L8762,3,ECE,5.22,<3L,After Application,29,2,10,No,Yes,Time,3
L8763,4,Mechanical,8.67,<3L,After Understanding,28,1,23,No,No,Difficulty,5
L8764,1,ECE,5.23,3-6L,After Application,7,0,9,No,No,Fee,4
L8765,4,CSE,9.19,<3L,After Application,36,4,24,Yes,No,Fee,1
L8766,3,IT,9.53,<3L,Before Counselling,15,0,16,No,Yes,Time,5
L8767,1,IT,6.49,10L+,After Counselling,33,0,17,Yes,No,Time,6
L8768,2,CSE,5.37,3-6L,After Application,5,3,11,Yes,Yes,Fee,2
L8769,1,IT,7.4,10L+,After Counselling,29,1,3,No,Yes,Difficulty,1
L8770,2,CSE,6.49,10L+,After Counselling,17,2,16,No,No,Job,5
L8771,2,Civil,7.09,<3L,Before Counselling,45,1,19,Yes,Yes,Job,7
L8772,3,ECE,8.32,<3L,After Understanding,27,4,14,No,No,Job,9
L8773,2,IT,6.05,<3L,After Counselling,17,1,6,No,No,Difficulty,1
L8774,4,Civil,6.78,3-6L,Before Counselling,4,4,20,Yes,Yes,Job,3
L8775,1,IT,8.91,3-6L,Before Counselling,12,4,2,No,No,Fee,6
L8776,4,Mechanical,8.22,3-6L,After Application,23,0,4,Yes,No,Difficulty,6
L8777,2,CSE,6.63,<3L,After Counselling,11,4,24,No,No,Fee,7
L8778,3,CSE,8.32,<3L,Before Counselling,36,4,11,No,No,Difficulty,2
L8779,2,Civil,8.83,3-6L,After Understanding,12,2,16,No,No,Job,8
L8780,1,Mechanical,7.96,<3L,After Application,9,3,17,No,Yes,Job,3
L8781,4,ECE,6.2,6-10L,After Understanding,24,1,5,Yes,No,Time,2
L8782,2,Mechanical,5.0,<3L,Before Counselling,18,2,23,No,Yes,Trust,5
L8783,3,Mechanical,9.01,<3L,After Application,27,3,21,No,No,Fee,9
L8784,3,ECE,9.11,<3L,After Counselling,9,0,4,No,No,Job,9
L8785,2,ECE,8.49,6-10L,After Application,33,2,6,No,No,Difficulty,4
L8786,2,Mechanical,5.38,<3L,After Application,6,2,4,Yes,No,Time,3
L8787,3,IT,7.93,<3L,After Understanding,33,0,9,No,No,Fee,4
L8788,1,IT,9.11,3-6L,After Counselling,40,4,7,Yes,Yes,Job,5
L8789,3,Mechanical,6.95,10L+,Before Counselling,6,0,16,Yes,No,Time,7
L8790,4,IT,5.99,10L+,After Understanding,4,1,7,No,No,Job,8
L8791,1,ECE,7.94,<3L,After Counselling,3,0,24,No,No,Job,7
L8792,1,ECE,9.13,6-10L,Before Counselling,13,2,8,No,Yes,Job,2
L8793,3,IT,5.24,<3L,After Application,26,0,9,No,No,Time,8
L8794,2,ECE,7.98,<3L,After Counselling,34,1,17,No,Yes,Trust,7
L8795,2,CSE,8.22,3-6L,After Understanding,13,4,22,No,No,Job,5
L8796,1,ECE,8.01,<3L,Before Counselling,47,4,14,Yes,No,Fee,6
L8797,3,Mechanical,8.25,6-10L,Before Counselling,8,3,6,Yes,No,Time,4
L8798,1,Civil,8.16,10L+,After Counselling,12,3,23,No,No,Job,3
L8799,2,IT,5.65,<3L,After Counselling,8,1,21,No,No,Time,6
L8800,3,IT,6.17,<3L,After Application,19,3,3,No,No,Fee,4
L8801,2,ECE,8.09,3-6L,Before Counselling,41,4,15,Yes,Yes,Fee,4
L8802,2,ECE,5.09,3-6L,After Application,10,4,19,No,No,Difficulty,6
L8803,4,Civil,8.17,10L+,After Application,32,3,19,No,No,Difficulty,3
L8804,3,Civil,8.33,6-10L,After Understanding,21,0,19,No,No,Trust,1
L8805,4,Mechanical,6.2,3-6L,After Understanding,23,4,16,No,No,Difficulty,8
L8806,2,CSE,7.99,<3L,After Counselling,27,3,6,Yes,No,Time,7
L8807,3,Mechanical,7.67,6-10L,After Counselling,25,3,3,No,Yes,Difficulty,9
L8808,1,IT,6.3,<3L,After Counselling,7,1,24,No,Yes,Time,9
L8809,1,ECE,7.31,10L+,After Understanding,42,1,12,Yes,No,Time,1
L8810,2,Mechanical,9.55,<3L,After Application,35,4,21,No,Yes,Trust,1
L8811,2,ECE,7.13,3-6L,After Application,2,2,11,Yes,No,Time,1
L8812,4,ECE,8.15,<3L,After Understanding,28,3,6,Yes,No,Difficulty,5
L8813,2,Mechanical,5.18,3-6L,After Counselling,7,0,3,Yes,No,Difficulty,6
L8814,3,Mechanical,5.39,3-6L,After Counselling,42,2,13,Yes,No,Job,4
L8815,3,Civil,5.41,3-6L,After Application,40,3,18,No,No,Trust,7
L8816,3,CSE,8.89,6-10L,Before Counselling,12,2,23,Yes,No,Fee,6
L8817,2,Civil,6.75,3-6L,Before Counselling,17,3,6,Yes,No,Fee,9
L8818,3,CSE,6.14,<3L,Before Counselling,22,3,22,No,No,Job,1
L8819,2,Mechanical,8.74,6-10L,Before Counselling,9,2,19,No,No,Difficulty,9
L8820,1,CSE,5.85,6-10L,After Counselling,3,1,17,Yes,Yes,Trust,8
L8821,4,IT,6.23,<3L,After Understanding,22,3,9,No,No,Difficulty,5
L8822,1,Civil,7.15,6-10L,After Understanding,36,4,5,No,Yes,Job,6
L8823,1,Civil,6.66,10L+,Before Counselling,39,2,5,No,No,Fee,9
L8824,4,Civil,7.93,3-6L,After Understanding,18,1,5,No,No,Trust,9
L8825,2,ECE,6.69,<3L,After Application,17,0,18,No,No,Difficulty,4
L8826,3,ECE,6.96,3-6L,Before Counselling,27,3,21,No,Yes,Time,6
L8827,2,Mechanical,9.31,<3L,After Counselling,35,3,11,Yes,No,Time,1
L8828,2,Mechanical,9.42,3-6L,Before Counselling,32,4,2,Yes,No,Time,9
L8829,2,ECE,9.14,3-6L,After Application,3,1,23,No,No,Fee,1
L8830,2,Civil,9.32,10L+,After Understanding,13,3,19,No,No,Time,2
L8831,2,ECE,7.85,3-6L,After Understanding,17,1,16,Yes,No,Time,1
L8832,3,CSE,8.23,<3L,After Understanding,18,3,11,No,No,Job,5
L8833,3,Civil,7.79,6-10L,After Counselling,17,0,17,No,Yes,Job,4
L8834,4,ECE,8.93,<3L,Before Counselling,16,4,5,No,No,Job,4
L8835,1,Mechanical,7.76,<3L,After Counselling,22,0,19,No,Yes,Difficulty,2
L8836,3,ECE,5.56,<3L,After Application,25,0,22,No,No,Time,2
L8837,3,IT,9.05,<3L,After Counselling,1,2,12,Yes,Yes,Fee,6
L8838,4,ECE,8.8,10L+,Before Counselling,27,0,9,No,Yes,Time,9
L8839,1,Civil,9.1,3-6L,After Understanding,14,4,2,Yes,No,Time,9
L8840,3,ECE,5.95,6-10L,After Understanding,28,4,23,No,No,Difficulty,8
L8841,4,Mechanical,6.36,<3L,After Understanding,47,3,3,No,Yes,Job,9
L8842,2,CSE,6.48,6-10L,After Understanding,36,0,22,No,No,Time,4
L8843,4,IT,7.54,3-6L,After Counselling,43,1,18,No,No,Trust,3
L8844,1,Civil,5.67,3-6L,Before Counselling,32,2,21,No,No,Trust,1
L8845,3,Mechanical,6.93,10L+,Before Counselling,29,2,20,Yes,No,Job,6
L8846,4,IT,5.91,3-6L,Before Counselling,17,2,11,Yes,No,Job,6
L8847,3,ECE,6.32,3-6L,After Counselling,28,4,22,No,Yes,Time,2
L8848,2,IT,8.53,<3L,After Understanding,41,4,9,No,No,Trust,1
L8849,1,CSE,9.27,<3L,After Understanding,21,3,22,No,No,Fee,2
L8850,4,IT,5.11,6-10L,Before Counselling,24,0,10,No,No,Fee,3
L8851,2,IT,7.83,6-10L,After Understanding,46,4,11,Yes,No,Trust,2
L8852,1,ECE,5.18,3-6L,After Counselling,35,2,21,No,No,Job,3
L8853,3,ECE,5.43,10L+,After Application,20,4,6,No,Yes,Difficulty,4
L8854,2,Civil,8.53,3-6L,After Understanding,22,0,10,No,Yes,Difficulty,5
L8855,1,ECE,8.68,3-6L,After Application,4,4,12,No,No,Fee,8
L8856,2,IT,9.07,<3L,After Application,16,0,19,No,No,Job,6
L8857,1,CSE,7.37,3-6L,After Application,21,3,22,No,Yes,Time,1
L8858,3,ECE,9.3,<3L,After Understanding,44,4,2,No,No,Trust,6
L8859,3,Civil,5.83,<3L,After Application,21,0,17,No,Yes,Fee,2
L8860,3,Civil,6.25,10L+,After Understanding,40,0,21,No,Yes,Difficulty,6
L8861,4,IT,5.67,<3L,Before Counselling,41,1,11,Yes,No,Difficulty,6
L8862,4,ECE,8.99,<3L,After Counselling,11,3,19,Yes,No,Time,1
L8863,3,ECE,6.14,<3L,After Application,37,4,2,No,Yes,Time,4
L8864,1,Civil,5.78,<3L,After Application,44,1,7,No,Yes,Difficulty,3
L8865,3,ECE,8.12,<3L,Before Counselling,22,4,23,No,No,Job,8
L8866,2,IT,5.39,<3L,After Counselling,20,2,2,Yes,Yes,Difficulty,4
L8867,3,CSE,5.22,3-6L,Before Counselling,2,2,4,No,Yes,Trust,7
L8868,3,IT,5.53,3-6L,After Counselling,43,0,14,No,No,Job,3
L8869,2,ECE,5.0,6-10L,After Application,11,1,13,No,No,Time,7
L8870,4,IT,8.48,10L+,After Counselling,21,0,15,Yes,No,Time,2
L8871,1,Mechanical,7.81,3-6L,Before Counselling,33,0,18,No,Yes,Time,5
L8872,3,Mechanical,6.05,<3L,After Application,17,0,17,Yes,Yes,Trust,5
L8873,1,ECE,6.17,<3L,Before Counselling,36,2,14,No,No,Time,4
L8874,4,ECE,9.05,6-10L,After Application,14,0,5,No,No,Job,4
L8875,1,CSE,7.51,3-6L,After Understanding,37,0,16,No,No,Time,6
L8876,1,IT,8.49,<3L,After Application,31,0,10,No,Yes,Time,2
L8877,2,CSE,7.26,<3L,After Counselling,4,0,18,Yes,No,Difficulty,3
L8878,2,ECE,6.19,6-10L,After Counselling,6,1,12,No,Yes,Difficulty,7
L8879,2,ECE,9.85,3-6L,After Counselling,21,4,21,No,No,Trust,5
L8880,3,Civil,7.83,3-6L,After Counselling,13,1,8,No,No,Job,4
L8881,2,CSE,5.65,<3L,After Counselling,38,3,8,No,No,Job,9
L8882,1,ECE,7.03,3-6L,After Understanding,15,1,24,No,No,Difficulty,8
L8883,2,Mechanical,6.65,6-10L,After Application,5,3,5,Yes,No,Job,9
L8884,4,Civil,6.07,6-10L,After Application,38,2,9,No,No,Time,8
L8885,3,IT,9.67,6-10L,After Understanding,24,4,20,No,No,Trust,2
L8886,3,Civil,9.4,3-6L,After Understanding,18,0,15,No,Yes,Difficulty,4
L8887,3,IT,6.0,3-6L,After Counselling,29,3,23,No,Yes,Time,3
L8888,2,Mechanical,6.76,3-6L,Before Counselling,32,2,24,Yes,No,Difficulty,1
L8889,1,IT,8.81,<3L,Before Counselling,7,4,5,Yes,No,Difficulty,4
L8890,2,CSE,6.04,6-10L,After Counselling,30,3,22,No,No,Trust,7
L8891,4,IT,7.96,3-6L,After Understanding,38,2,18,Yes,No,Trust,5
L8892,4,IT,8.5,3-6L,After Application,26,0,19,No,No,Difficulty,5
L8893,2,Civil,8.27,10L+,Before Counselling,8,2,22,No,No,Time,6
L8894,1,Mechanical,8.53,10L+,Before Counselling,25,2,16,Yes,No,Fee,3
L8895,1,IT,8.53,3-6L,After Understanding,30,0,6,Yes,No,Time,2
L8896,2,CSE,9.82,<3L,After Counselling,24,3,16,Yes,No,Job,7
L8897,3,Civil,6.73,<3L,After Application,30,2,5,No,Yes,Difficulty,9
L8898,1,Mechanical,9.39,10L+,After Counselling,5,0,5,No,No,Difficulty,9
L8899,4,Mechanical,5.11,<3L,After Counselling,4,3,13,Yes,No,Trust,3
L8900,2,ECE,6.44,10L+,After Counselling,42,0,19,No,No,Job,1
L8901,4,CSE,5.24,<3L,After Counselling,9,1,20,Yes,No,Fee,2
L8902,3,Civil,8.26,3-6L,Before Counselling,33,3,19,Yes,Yes,Fee,8
L8903,3,Civil,5.5,3-6L,After Understanding,29,1,2,No,No,Trust,5
L8904,3,CSE,9.23,<3L,After Application,31,2,5,No,No,Fee,9
L8905,3,Mechanical,8.23,10L+,Before Counselling,44,2,16,No,Yes,Difficulty,3
L8906,3,IT,5.14,3-6L,After Application,19,2,7,No,Yes,Fee,1
L8907,3,CSE,8.57,<3L,After Application,45,3,3,Yes,No,Fee,3
L8908,3,Civil,9.31,<3L,Before Counselling,47,4,3,No,No,Time,4
L8909,4,CSE,8.31,6-10L,Before Counselling,2,3,3,No,No,Fee,6
L8910,3,Mechanical,5.15,<3L,After Application,20,3,12,No,Yes,Time,1
L8911,3,ECE,9.29,6-10L,After Application,12,4,9,No,No,Job,1
L8912,4,ECE,8.66,<3L,After Understanding,21,3,18,No,No,Time,1
L8913,2,IT,6.89,<3L,Before Counselling,31,1,22,No,No,Job,6
L8914,1,IT,6.64,<3L,Before Counselling,36,4,13,No,Yes,Trust,5
L8915,2,Mechanical,7.4,<3L,After Application,20,4,5,No,No,Difficulty,8
L8916,3,IT,9.34,<3L,After Application,44,1,2,No,No,Trust,8
L8917,4,ECE,6.26,10L+,After Counselling,20,4,11,Yes,No,Trust,8
L8918,2,Mechanical,5.5,<3L,After Application,45,4,8,No,No,Trust,4
L8919,3,Mechanical,9.32,<3L,After Application,36,1,17,No,No,Job,4
L8920,3,Mechanical,5.13,<3L,After Understanding,46,0,18,Yes,No,Fee,3
L8921,1,CSE,9.55,3-6L,After Application,18,0,7,Yes,No,Time,6
L8922,3,IT,6.53,6-10L,After Counselling,6,0,2,No,Yes,Trust,8
L8923,4,Civil,7.54,6-10L,After Counselling,33,1,12,No,No,Trust,7
L8924,1,ECE,5.66,<3L,Before Counselling,10,2,14,No,Yes,Fee,5
L8925,3,IT,9.51,3-6L,After Counselling,18,3,14,Yes,No,Trust,4
L8926,3,ECE,8.75,3-6L,Before Counselling,34,4,10,Yes,No,Job,3
L8927,1,IT,9.62,3-6L,After Application,15,1,4,No,Yes,Job,3
L8928,1,Civil,8.42,<3L,After Counselling,3,3,3,Yes,No,Fee,8
L8929,4,ECE,5.92,6-10L,After Understanding,8,1,24,Yes,No,Job,4
L8930,2,Civil,6.54,<3L,After Understanding,11,4,2,No,No,Trust,1
L8931,2,ECE,7.43,<3L,After Counselling,46,2,8,Yes,No,Trust,5
L8932,1,CSE,8.04,<3L,Before Counselling,32,1,21,No,Yes,Difficulty,2
L8933,3,CSE,9.63,3-6L,Before Counselling,42,3,11,No,No,Difficulty,3
L8934,3,ECE,6.92,<3L,Before Counselling,17,3,3,No,Yes,Fee,5
L8935,3,ECE,8.52,3-6L,After Counselling,47,4,5,Yes,No,Trust,4
L8936,1,Civil,9.81,6-10L,After Application,30,0,17,No,No,Trust,3
L8937,4,Mechanical,5.76,3-6L,After Application,43,4,9,No,No,Time,2
L8938,2,ECE,9.31,3-6L,After Application,8,4,13,No,No,Job,8
L8939,2,IT,7.1,6-10L,Before Counselling,40,0,6,No,No,Fee,7
L8940,2,IT,8.66,6-10L,After Counselling,7,2,24,No,Yes,Fee,9
L8941,2,IT,6.47,<3L,After Understanding,20,1,21,No,No,Job,1
L8942,4,CSE,6.67,3-6L,After Application,12,3,4,No,Yes,Time,1
L8943,4,Civil,5.14,6-10L,After Application,21,1,2,No,Yes,Difficulty,4
L8944,2,CSE,9.86,<3L,Before Counselling,28,1,15,Yes,No,Time,4
L8945,4,IT,9.07,<3L,After Application,28,3,20,Yes,No,Difficulty,8
L8946,3,ECE,5.47,<3L,After Counselling,16,0,17,Yes,No,Difficulty,4
L8947,4,IT,10.0,10L+,After Application,10,3,10,No,Yes,Time,6
L8948,2,ECE,8.03,<3L,Before Counselling,22,0,6,Yes,No,Fee,5
L8949,3,Civil,9.27,<3L,After Counselling,7,0,5,Yes,No,Trust,6
L8950,2,Mechanical,5.33,3-6L,Before Counselling,4,4,7,No,Yes,Fee,5
L8951,4,ECE,6.95,6-10L,After Understanding,24,2,13,No,No,Trust,8
L8952,1,CSE,8.35,<3L,After Application,34,4,15,No,Yes,Fee,3
L8953,3,IT,5.53,6-10L,After Counselling,41,2,24,No,No,Time,4
L8954,2,IT,7.44,3-6L,After Counselling,47,0,15,No,No,Time,3
L8955,2,IT,7.21,3-6L,After Application,14,4,7,No,Yes,Time,3
L8956,3,ECE,6.08,6-10L,After Understanding,44,1,6,Yes,Yes,Trust,2
L8957,4,Civil,6.5,<3L,After Understanding,17,3,3,No,Yes,Fee,6
L8958,3,ECE,9.84,10L+,After Application,45,3,4,Yes,No,Difficulty,1
L8959,4,CSE,6.44,6-10L,After Application,8,3,10,No,No,Fee,3
L8960,2,IT,6.07,10L+,After Application,42,2,8,No,No,Fee,3
L8961,3,ECE,7.68,6-10L,Before Counselling,13,3,13,Yes,Yes,Job,1
L8962,2,IT,8.35,6-10L,After Counselling,7,2,19,No,No,Fee,1
L8963,1,CSE,8.63,<3L,After Counselling,3,2,14,No,Yes,Difficulty,6
L8964,3,Mechanical,8.77,<3L,After Application,24,2,2,No,No,Fee,9
L8965,3,Mechanical,5.18,<3L,Before Counselling,47,1,2,No,No,Job,3
L8966,3,Mechanical,6.97,<3L,Before Counselling,24,0,2,No,No,Job,9
L8967,3,IT,8.87,6-10L,After Counselling,7,1,23,Yes,No,Difficulty,7
L8968,3,ECE,9.52,<3L,After Understanding,30,0,22,Yes,No,Fee,3
L8969,1,IT,8.01,<3L,After Application,5,1,8,Yes,No,Time,1
L8970,1,Civil,5.26,6-10L,After Application,40,2,22,No,No,Time,5
L8971,3,ECE,6.98,10L+,Before Counselling,21,0,10,No,No,Job,2
L8972,2,CSE,5.37,6-10L,After Counselling,8,3,2,No,Yes,Difficulty,2
L8973,1,Mechanical,8.74,6-10L,Before Counselling,7,1,16,No,No,Time,5
L8974,2,ECE,5.32,3-6L,After Understanding,39,0,13,No,No,Job,5
L8975,3,ECE,5.93,6-10L,After Counselling,2,3,5,No,No,Job,7
L8976,2,Mechanical,7.08,3-6L,After Application,43,4,11,No,Yes,Fee,6
L8977,3,CSE,7.31,10L+,After Counselling,12,2,24,No,Yes,Difficulty,3
L8978,3,IT,7.03,<3L,After Counselling,28,1,19,No,No,Time,3
L8979,2,IT,7.32,6-10L,After Application,44,1,20,No,No,Fee,5
L8980,3,ECE,8.57,3-6L,After Understanding,19,4,21,Yes,No,Trust,2
L8981,3,Mechanical,6.85,3-6L,Before Counselling,28,0,6,No,No,Difficulty,3
L8982,3,Civil,7.74,6-10L,After Understanding,35,1,3,Yes,No,Job,1
L8983,3,CSE,6.52,6-10L,After Understanding,12,1,8,No,No,Fee,1
L8984,1,IT,6.77,6-10L,After Understanding,28,1,7,Yes,No,Time,9
L8985,3,CSE,8.07,<3L,After Counselling,26,1,17,No,Yes,Job,3
L8986,2,CSE,7.45,<3L,After Understanding,38,4,16,No,No,Job,5
L8987,4,CSE,8.62,<3L,After Counselling,6,2,10,Yes,Yes,Time,3
L8988,4,Mechanical,7.8,<3L,After Counselling,19,1,8,No,No,Trust,3
L8989,3,Mechanical,9.02,<3L,Before Counselling,27,4,11,No,No,Difficulty,9
L8990,2,Mechanical,7.22,6-10L,Before Counselling,9,3,3,Yes,Yes,Difficulty,7
L8991,2,ECE,7.46,3-6L,After Understanding,41,1,4,No,Yes,Job,1
L8992,2,Mechanical,8.35,6-10L,After Counselling,10,0,20,Yes,No,Fee,2
L8993,2,ECE,6.11,3-6L,After Application,10,4,4,No,No,Trust,7
L8994,2,IT,6.93,3-6L,After Counselling,33,0,9,Yes,No,Trust,1
L8995,3,IT,8.12,<3L,Before Counselling,18,2,6,No,No,Job,1
L8996,1,IT,5.14,6-10L,After Application,10,3,21,No,No,Fee,6
L8997,4,IT,7.18,6-10L,After Counselling,7,0,13,Yes,Yes,Time,2
L8998,1,IT,7.99,<3L,After Understanding,40,1,12,No,No,Time,9
L8999,4,Mechanical,9.84,<3L,After Counselling,32,4,5,No,Yes,Job,7
L9000,4,Civil,9.39,<3L,After Application,43,3,5,Yes,Yes,Fee,7
L9001,3,Mechanical,6.4,6-10L,After Understanding,6,4,2,No,No,Trust,5
L9002,3,Civil,7.54,6-10L,After Application,19,3,8,No,No,Trust,5
L9003,2,Mechanical,5.28,3-6L,Before Counselling,41,0,21,No,Yes,Trust,3
L9004,3,IT,6.2,<3L,Before Counselling,43,2,3,No,Yes,Difficulty,8
L9005,2,CSE,8.87,<3L,After Counselling,34,4,2,No,Yes,Trust,4
L9006,2,Civil,5.62,<3L,After Counselling,43,1,20,No,No,Time,2
L9007,3,CSE,6.29,<3L,Before Counselling,5,4,18,Yes,No,Fee,1
L9008,2,IT,9.72,<3L,After Application,19,2,12,No,No,Trust,4
L9009,3,Civil,9.12,<3L,After Application,14,0,6,Yes,Yes,Job,2
L9010,2,CSE,8.91,3-6L,After Understanding,10,1,7,No,No,Job,6
L9011,2,Mechanical,9.32,<3L,After Understanding,11,1,23,No,No,Time,7
L9012,1,IT,8.75,3-6L,After Understanding,31,0,7,No,No,Trust,8
L9013,1,Mechanical,5.6,3-6L,Before Counselling,2,4,24,No,Yes,Time,1
L9014,2,Mechanical,7.58,3-6L,Before Counselling,10,1,18,Yes,Yes,Time,9
L9015,1,IT,7.22,3-6L,Before Counselling,21,4,21,Yes,No,Time,9
L9016,1,Civil,6.56,<3L,After Counselling,1,4,11,Yes,No,Difficulty,4
L9017,4,ECE,9.17,6-10L,After Application,46,0,11,No,No,Trust,1
L9018,1,ECE,7.32,10L+,Before Counselling,31,2,10,No,Yes,Job,8
L9019,3,IT,5.3,<3L,After Understanding,11,2,19,Yes,Yes,Difficulty,3
L9020,2,ECE,6.37,<3L,After Understanding,43,4,14,No,Yes,Time,1
L9021,4,CSE,6.14,6-10L,Before Counselling,10,0,9,No,Yes,Job,3
L9022,2,Civil,9.44,10L+,Before Counselling,20,2,12,Yes,No,Time,2
L9023,2,Mechanical,8.24,<3L,After Application,21,4,8,Yes,No,Difficulty,7
L9024,3,Mechanical,7.8,<3L,After Understanding,37,1,8,No,Yes,Fee,6
L9025,2,IT,7.53,6-10L,After Application,37,1,4,Yes,No,Time,9
L9026,3,Mechanical,8.25,<3L,Before Counselling,14,3,17,No,No,Time,2
L9027,1,CSE,8.77,10L+,After Application,5,3,14,No,No,Job,8
L9028,4,CSE,7.77,<3L,After Counselling,6,3,19,No,No,Job,3
L9029,2,IT,9.69,6-10L,Before Counselling,24,2,19,No,No,Time,5
L9030,2,Mechanical,9.88,<3L,After Understanding,16,1,13,No,No,Trust,9
L9031,3,ECE,9.98,<3L,After Understanding,23,1,14,Yes,Yes,Job,9
L9032,2,ECE,8.35,10L+,After Application,47,2,4,No,Yes,Fee,1
L9033,4,Civil,9.66,<3L,Before Counselling,38,1,4,Yes,No,Fee,2
L9034,2,IT,7.02,<3L,After Understanding,16,1,3,No,Yes,Time,6
L9035,3,Civil,9.3,6-10L,After Application,13,4,8,Yes,No,Job,1
L9036,1,ECE,9.55,<3L,After Application,45,1,3,No,No,Fee,2
L9037,4,ECE,9.52,<3L,Before Counselling,8,4,7,No,No,Difficulty,8
L9038,3,ECE,9.15,<3L,After Understanding,38,3,14,Yes,No,Fee,6
L9039,2,Civil,7.03,3-6L,After Understanding,32,0,12,Yes,No,Job,1
L9040,1,IT,5.79,6-10L,After Understanding,22,4,6,Yes,Yes,Time,3
L9041,2,CSE,6.67,6-10L,Before Counselling,17,1,8,Yes,No,Fee,6
L9042,4,CSE,8.84,3-6L,Before Counselling,5,3,12,No,Yes,Time,1
L9043,2,ECE,6.16,<3L,Before Counselling,8,0,8,No,Yes,Difficulty,7
L9044,2,IT,7.39,<3L,After Counselling,30,0,9,No,No,Fee,6
L9045,1,IT,7.83,6-10L,After Application,19,3,5,Yes,No,Time,6
L9046,2,Mechanical,8.02,6-10L,After Counselling,12,3,11,Yes,No,Fee,8
L9047,3,Mechanical,9.68,10L+,After Counselling,25,0,22,No,No,Fee,1
L9048,4,Civil,8.31,10L+,After Understanding,44,0,21,No,Yes,Job,1
L9049,3,Mechanical,8.93,<3L,After Understanding,13,1,16,No,No,Job,7
L9050,4,Civil,7.91,3-6L,After Application,4,4,24,Yes,Yes,Trust,1
L9051,3,CSE,9.17,3-6L,After Application,10,4,16,No,No,Job,9
L9052,1,ECE,6.32,<3L,Before Counselling,28,0,20,No,No,Job,6
L9053,2,IT,6.05,<3L,After Understanding,5,0,11,No,Yes,Trust,2
L9054,3,CSE,9.63,6-10L,After Counselling,28,2,3,No,Yes,Trust,6
L9055,4,CSE,8.47,3-6L,After Application,44,0,17,No,No,Fee,6
L9056,4,Civil,8.36,3-6L,After Application,31,4,21,No,No,Fee,2
L9057,2,ECE,7.34,3-6L,After Counselling,16,1,6,Yes,No,Fee,6
L9058,2,Civil,6.88,6-10L,Before Counselling,23,2,18,Yes,No,Job,5
L9059,2,CSE,7.78,<3L,After Understanding,29,4,4,No,No,Time,7
L9060,4,IT,5.6,3-6L,After Understanding,47,1,9,No,No,Time,9
L9061,4,Mechanical,7.27,3-6L,After Counselling,21,2,12,No,No,Job,9
L9062,3,Civil,7.28,6-10L,Before Counselling,2,2,6,Yes,Yes,Difficulty,8
L9063,2,CSE,7.69,3-6L,After Counselling,23,2,18,Yes,No,Fee,3
L9064,3,Mechanical,8.17,10L+,After Understanding,16,2,5,No,No,Job,5
L9065,2,Mechanical,9.79,<3L,After Counselling,11,2,9,Yes,Yes,Difficulty,3
L9066,2,CSE,8.26,10L+,After Counselling,9,2,3,No,Yes,Fee,7
L9067,3,ECE,9.42,6-10L,After Understanding,2,3,17,No,Yes,Trust,1
L9068,1,CSE,7.78,3-6L,After Understanding,18,1,10,No,Yes,Job,1
L9069,1,IT,8.13,<3L,After Understanding,13,4,18,Yes,Yes,Difficulty,5
L9070,4,Mechanical,5.35,<3L,After Counselling,45,0,11,No,No,Time,5
L9071,3,IT,5.67,6-10L,After Counselling,8,4,14,No,No,Job,7
L9072,2,Civil,7.9,3-6L,After Counselling,10,3,23,No,No,Time,9
L9073,3,Mechanical,6.98,3-6L,Before Counselling,27,3,18,No,Yes,Difficulty,7
L9074,2,ECE,8.99,3-6L,After Application,17,2,13,No,No,Job,7
L9075,3,CSE,7.72,6-10L,Before Counselling,24,3,10,No,No,Job,9
L9076,3,Civil,9.41,<3L,After Application,21,4,16,No,No,Job,8
L9077,3,IT,9.86,<3L,After Understanding,1,3,11,Yes,Yes,Job,1
L9078,3,Civil,5.74,<3L,After Application,16,4,20,No,No,Trust,5
L9079,2,ECE,6.97,<3L,Before Counselling,43,2,18,Yes,No,Job,2
L9080,2,CSE,8.32,3-6L,After Understanding,33,2,8,Yes,No,Difficulty,3
L9081,2,Civil,6.53,6-10L,After Application,6,3,15,Yes,Yes,Difficulty,2
L9082,2,IT,6.34,<3L,After Application,12,0,14,No,No,Trust,4
L9083,3,Civil,9.07,<3L,After Application,32,2,22,Yes,No,Job,1
L9084,2,CSE,9.9,3-6L,After Counselling,11,1,3,No,Yes,Job,6
L9085,1,Civil,8.87,10L+,After Understanding,18,1,17,No,Yes,Fee,8
L9086,2,IT,7.62,<3L,After Counselling,2,2,18,No,Yes,Fee,7
L9087,4,CSE,7.21,10L+,After Understanding,32,3,7,No,Yes,Time,1
L9088,2,ECE,7.7,<3L,After Application,20,2,2,Yes,Yes,Trust,5
L9089,3,ECE,7.31,<3L,After Application,21,3,7,No,No,Fee,1
L9090,2,Mechanical,7.51,6-10L,Before Counselling,36,4,2,No,No,Difficulty,9
L9091,1,Civil,6.02,3-6L,After Application,38,0,24,No,No,Difficulty,8
L9092,2,IT,9.52,6-10L,After Counselling,27,0,24,No,Yes,Difficulty,5
L9093,3,Civil,8.77,6-10L,After Counselling,47,4,11,No,Yes,Trust,4
L9094,3,CSE,8.4,<3L,After Application,11,4,21,No,Yes,Difficulty,4
L9095,4,Mechanical,9.75,3-6L,After Counselling,18,4,24,No,No,Fee,9
L9096,2,IT,6.42,3-6L,After Application,17,0,9,No,No,Fee,1
L9097,1,Civil,5.41,6-10L,Before Counselling,34,2,17,No,Yes,Time,3
L9098,4,IT,9.13,3-6L,Before Counselling,45,1,13,No,Yes,Time,5
L9099,2,CSE,9.99,<3L,After Application,26,3,20,No,No,Trust,4
L9100,3,Mechanical,7.89,3-6L,Before Counselling,6,1,15,No,No,Time,1
L9101,3,IT,5.29,10L+,After Application,43,3,9,No,No,Trust,7
L9102,2,CSE,8.9,<3L,After Counselling,30,0,20,No,No,Job,8
L9103,3,ECE,5.37,<3L,After Application,39,2,16,No,No,Time,3
L9104,1,IT,7.7,<3L,After Understanding,32,1,6,Yes,Yes,Trust,7
L9105,2,Mechanical,6.39,6-10L,After Understanding,17,4,18,No,No,Fee,3
L9106,1,IT,9.58,<3L,After Application,13,4,24,No,Yes,Time,2
L9107,4,IT,7.26,<3L,After Application,46,4,15,No,No,Time,7
L9108,2,CSE,9.49,3-6L,After Application,41,1,16,No,No,Trust,6
L9109,3,Civil,6.5,<3L,Before Counselling,13,2,9,No,Yes,Job,6
L9110,4,Civil,6.94,<3L,After Understanding,6,2,5,Yes,No,Time,7
L9111,3,IT,9.74,3-6L,After Application,22,4,8,No,No,Trust,9
L9112,3,Mechanical,6.01,<3L,After Application,33,1,8,No,Yes,Job,5
L9113,2,Mechanical,7.89,<3L,After Counselling,33,4,23,No,No,Trust,2
L9114,2,CSE,6.94,<3L,After Counselling,4,3,6,No,No,Job,6
L9115,2,IT,8.87,<3L,Before Counselling,14,3,11,Yes,Yes,Difficulty,3
L9116,3,IT,5.65,6-10L,Before Counselling,35,1,21,No,Yes,Time,9
L9117,4,Civil,7.19,3-6L,After Understanding,27,3,6,No,Yes,Difficulty,7
L9118,4,CSE,8.49,3-6L,After Understanding,6,0,24,Yes,No,Trust,5
L9119,4,ECE,7.04,<3L,After Application,1,0,5,No,No,Difficulty,4
L9120,4,Mechanical,5.29,<3L,After Understanding,43,0,22,No,No,Job,4
L9121,2,Mechanical,8.53,6-10L,After Application,28,3,12,Yes,No,Fee,5
L9122,3,IT,7.52,<3L,Before Counselling,29,2,7,Yes,No,Difficulty,6
L9123,4,CSE,5.06,<3L,Before Counselling,32,0,16,No,No,Trust,7
L9124,2,ECE,8.06,6-10L,Before Counselling,28,4,12,Yes,Yes,Time,9
L9125,4,Mechanical,9.6,6-10L,After Counselling,27,2,23,Yes,Yes,Difficulty,4
L9126,2,CSE,5.56,6-10L,After Understanding,10,1,8,No,No,Difficulty,6
L9127,3,ECE,7.95,3-6L,Before Counselling,18,3,20,No,No,Fee,7
L9128,3,IT,8.64,<3L,Before Counselling,4,4,6,No,No,Trust,9
L9129,4,Civil,5.35,10L+,Before Counselling,38,1,5,Yes,Yes,Difficulty,1
L9130,2,Mechanical,5.11,10L+,After Understanding,41,3,2,Yes,No,Time,8
L9131,3,Mechanical,7.32,<3L,After Understanding,42,3,17,No,Yes,Job,6
L9132,3,ECE,8.96,6-10L,After Counselling,32,4,13,No,No,Time,5
L9133,2,Civil,5.8,3-6L,After Counselling,5,3,21,Yes,No,Difficulty,3
L9134,3,CSE,9.18,3-6L,After Counselling,22,3,19,Yes,No,Difficulty,3
L9135,3,IT,8.28,<3L,After Counselling,22,3,21,No,No,Fee,3
L9136,3,CSE,6.66,3-6L,Before Counselling,2,2,3,No,No,Trust,3
L9137,2,ECE,7.58,<3L,After Application,41,0,14,No,Yes,Fee,6
L9138,2,Mechanical,9.83,3-6L,After Counselling,43,4,13,No,No,Time,6
L9139,3,Mechanical,6.08,<3L,After Application,34,2,5,Yes,No,Trust,4
L9140,2,CSE,7.5,3-6L,Before Counselling,2,4,5,Yes,Yes,Fee,9
L9141,1,IT,8.12,3-6L,Before Counselling,46,2,14,No,No,Difficulty,9
L9142,4,ECE,5.69,6-10L,After Understanding,36,3,4,No,Yes,Trust,5
L9143,3,IT,5.22,<3L,After Application,40,3,22,No,Yes,Job,7
L9144,3,ECE,5.07,6-10L,After Application,8,2,18,No,Yes,Job,5
L9145,2,IT,6.62,<3L,Before Counselling,33,3,8,No,No,Time,4
L9146,2,CSE,5.37,6-10L,After Understanding,33,0,14,Yes,Yes,Fee,3
L9147,2,Civil,9.02,3-6L,After Counselling,4,4,16,No,No,Time,9
L9148,2,ECE,9.99,6-10L,After Counselling,18,3,15,No,No,Job,2
L9149,3,CSE,5.31,3-6L,After Understanding,19,1,17,Yes,Yes,Difficulty,8
L9150,3,Mechanical,7.16,3-6L,After Understanding,10,2,18,No,No,Difficulty,4
L9151,2,Mechanical,5.13,<3L,After Counselling,42,2,17,No,No,Difficulty,8
L9152,1,IT,5.67,10L+,Before Counselling,41,3,17,No,No,Difficulty,2
L9153,2,Mechanical,6.61,6-10L,Before Counselling,30,2,2,No,Yes,Difficulty,7
L9154,1,Civil,6.97,<3L,After Understanding,22,1,15,Yes,Yes,Job,3
L9155,1,ECE,9.7,<3L,Before Counselling,39,2,3,No,Yes,Trust,5
L9156,4,IT,6.98,6-10L,Before Counselling,38,1,23,No,Yes,Difficulty,4
L9157,3,ECE,7.48,10L+,After Application,1,2,10,No,Yes,Trust,2
L9158,3,ECE,6.23,<3L,After Counselling,30,2,20,Yes,No,Difficulty,8
L9159,2,CSE,5.0,10L+,After Understanding,5,1,6,Yes,No,Time,8
L9160,4,Mechanical,9.5,<3L,After Counselling,47,4,11,No,No,Fee,7
L9161,3,ECE,5.41,10L+,After Application,26,0,7,No,Yes,Trust,6
L9162,3,Civil,9.82,6-10L,Before Counselling,46,1,4,Yes,No,Fee,8
L9163,2,Civil,5.65,<3L,Before Counselling,31,0,3,No,No,Job,7
L9164,4,Mechanical,8.02,<3L,After Application,39,2,20,Yes,No,Time,9
L9165,4,Mechanical,10.0,3-6L,After Counselling,41,4,7,No,No,Difficulty,8
L9166,4,IT,5.69,3-6L,After Application,12,1,22,No,Yes,Difficulty,6
L9167,1,IT,7.12,10L+,Before Counselling,17,4,11,No,No,Job,6
L9168,2,IT,8.9,6-10L,Before Counselling,18,1,19,Yes,No,Trust,2
L9169,2,Mechanical,5.16,3-6L,After Counselling,2,3,15,Yes,Yes,Difficulty,8
L9170,2,ECE,8.45,10L+,Before Counselling,24,1,3,No,No,Trust,6
L9171,4,CSE,5.4,3-6L,After Counselling,28,0,5,Yes,Yes,Difficulty,2
L9172,1,IT,6.18,6-10L,After Understanding,39,3,16,Yes,Yes,Trust,2
L9173,1,CSE,5.8,6-10L,Before Counselling,10,2,22,No,No,Fee,2
L9174,2,Civil,9.54,10L+,Before Counselling,47,1,24,Yes,No,Trust,2
L9175,1,Mechanical,5.9,<3L,After Counselling,33,0,24,No,Yes,Job,3
L9176,2,Civil,5.2,3-6L,After Understanding,24,2,7,No,No,Difficulty,6
L9177,3,IT,7.94,3-6L,Before Counselling,11,0,7,No,No,Time,5
L9178,3,ECE,6.73,3-6L,Before Counselling,8,2,10,No,No,Trust,3
L9179,1,IT,7.03,3-6L,After Understanding,27,1,21,No,No,Time,7
L9180,2,CSE,5.6,6-10L,Before Counselling,26,4,19,No,No,Trust,4
L9181,2,IT,8.74,<3L,After Counselling,12,2,24,Yes,No,Fee,2
L9182,1,ECE,8.01,3-6L,After Understanding,35,4,23,No,Yes,Time,1
L9183,3,ECE,6.82,<3L,After Understanding,15,2,5,No,No,Job,4
L9184,3,Mechanical,5.86,<3L,After Application,21,4,2,No,No,Time,8
L9185,3,Mechanical,7.97,3-6L,Before Counselling,37,1,5,Yes,No,Trust,2
L9186,3,ECE,8.89,<3L,After Understanding,30,0,23,No,Yes,Job,3
L9187,1,ECE,6.56,<3L,After Understanding,5,1,4,No,No,Fee,6
L9188,4,CSE,5.13,3-6L,After Understanding,17,2,14,No,Yes,Time,3
L9189,4,IT,6.07,<3L,After Application,26,3,16,No,No,Job,9
L9190,4,Mechanical,8.41,<3L,Before Counselling,34,0,2,No,Yes,Time,3
L9191,1,CSE,9.95,6-10L,After Understanding,33,4,17,Yes,No,Fee,3
L9192,4,IT,5.07,6-10L,Before Counselling,18,0,3,No,No,Fee,7
L9193,4,Mechanical,6.53,<3L,After Understanding,25,0,7,No,No,Fee,3
L9194,4,CSE,5.31,<3L,After Counselling,41,1,2,Yes,No,Fee,4
L9195,1,Civil,6.58,10L+,After Understanding,30,2,23,Yes,Yes,Job,4
L9196,3,Civil,7.03,<3L,After Understanding,37,1,18,No,No,Job,7
L9197,4,Mechanical,9.6,3-6L,After Application,20,2,18,No,Yes,Fee,9
L9198,3,CSE,5.4,3-6L,After Understanding,45,3,23,No,Yes,Trust,6
L9199,3,IT,8.89,6-10L,After Counselling,2,1,2,No,No,Job,8
L9200,4,IT,6.98,10L+,After Understanding,13,3,17,No,Yes,Fee,7
L9201,2,CSE,9.06,<3L,After Counselling,40,2,10,No,No,Job,4
L9202,3,Civil,7.57,3-6L,After Counselling,42,0,3,No,No,Time,5
L9203,2,CSE,5.2,3-6L,After Counselling,20,3,22,No,Yes,Trust,5
L9204,4,Civil,9.73,10L+,After Application,6,3,6,No,No,Fee,2
L9205,1,Civil,5.41,6-10L,Before Counselling,11,2,9,No,Yes,Trust,8
L9206,3,IT,7.99,3-6L,Before Counselling,46,2,2,No,No,Job,1
L9207,3,Mechanical,9.39,6-10L,After Counselling,25,1,10,No,Yes,Job,6
L9208,3,ECE,5.4,<3L,After Application,42,1,15,No,No,Time,2
L9209,3,CSE,7.77,<3L,After Application,10,2,18,Yes,No,Fee,6
L9210,4,Civil,9.12,<3L,Before Counselling,31,3,6,No,No,Fee,4
L9211,4,CSE,9.93,<3L,After Counselling,43,4,9,Yes,No,Difficulty,8
L9212,1,Mechanical,8.62,3-6L,Before Counselling,4,1,18,No,No,Time,8
L9213,2,Mechanical,6.39,6-10L,Before Counselling,25,2,22,No,Yes,Trust,6
L9214,1,ECE,8.5,3-6L,After Application,28,4,13,Yes,No,Fee,3
L9215,2,ECE,8.53,3-6L,After Application,24,4,20,No,No,Difficulty,2
L9216,3,Civil,8.5,<3L,After Understanding,35,4,9,No,No,Trust,7
L9217,4,ECE,9.27,3-6L,After Application,41,4,20,No,No,Job,6
L9218,4,Civil,5.44,3-6L,After Application,5,0,13,Yes,No,Job,9
L9219,1,IT,5.54,3-6L,Before Counselling,33,1,9,No,Yes,Time,1
L9220,1,Civil,8.2,<3L,After Application,11,4,12,No,No,Job,3
L9221,3,ECE,9.77,3-6L,After Application,8,4,12,No,No,Job,6
L9222,3,CSE,7.33,3-6L,Before Counselling,21,2,16,No,Yes,Difficulty,5
L9223,2,ECE,9.8,3-6L,After Application,32,2,3,No,No,Trust,2
L9224,4,Mechanical,9.69,<3L,After Application,5,0,4,No,No,Trust,5
L9225,4,ECE,9.51,<3L,After Understanding,34,4,2,No,No,Difficulty,8
L9226,2,IT,9.55,<3L,After Counselling,9,0,2,Yes,No,Trust,9
L9227,4,Civil,9.49,6-10L,After Understanding,38,2,5,No,Yes,Trust,9
L9228,2,Mechanical,9.1,6-10L,After Application,43,1,22,No,No,Time,6
L9229,3,Civil,8.47,10L+,Before Counselling,32,3,20,No,No,Fee,9
L9230,2,Civil,5.12,3-6L,Before Counselling,10,3,19,No,No,Trust,5
L9231,1,ECE,5.66,<3L,After Counselling,12,0,2,No,No,Trust,2
L9232,4,CSE,5.67,6-10L,Before Counselling,35,2,20,No,No,Trust,6
L9233,2,Mechanical,5.12,3-6L,After Application,39,3,2,Yes,No,Job,9
L9234,3,IT,5.58,<3L,After Understanding,18,4,11,No,No,Difficulty,9
L9235,2,IT,9.6,6-10L,After Counselling,23,1,23,No,No,Time,1
L9236,1,CSE,8.32,<3L,After Understanding,12,2,14,No,Yes,Job,3
L9237,1,CSE,6.56,<3L,Before Counselling,31,0,20,No,No,Difficulty,7
L9238,2,ECE,8.97,6-10L,After Application,11,2,21,No,No,Time,3
L9239,3,IT,7.44,6-10L,After Counselling,34,1,9,No,Yes,Job,9
L9240,2,Mechanical,5.71,6-10L,Before Counselling,27,2,6,No,No,Time,6
L9241,3,CSE,9.42,<3L,Before Counselling,21,0,12,Yes,No,Trust,2
L9242,3,CSE,6.69,6-10L,After Understanding,10,4,22,No,Yes,Job,7
L9243,3,CSE,8.49,6-10L,Before Counselling,13,2,9,Yes,Yes,Job,7
L9244,2,Mechanical,6.45,6-10L,After Understanding,45,0,15,No,No,Fee,7
L9245,4,IT,7.5,6-10L,Before Counselling,47,4,13,No,No,Trust,2
L9246,2,Mechanical,9.08,3-6L,After Understanding,25,3,12,No,Yes,Trust,6
L9247,2,Mechanical,5.78,<3L,After Understanding,13,2,14,Yes,No,Job,4
L9248,1,ECE,9.89,6-10L,After Application,41,4,11,No,No,Job,2
L9249,2,CSE,5.35,3-6L,After Counselling,6,3,21,No,No,Difficulty,1
L9250,1,IT,7.67,<3L,After Counselling,35,2,9,No,Yes,Fee,3
L9251,3,ECE,9.58,6-10L,After Application,28,2,11,No,No,Job,6
L9252,2,ECE,9.73,3-6L,Before Counselling,20,1,22,No,Yes,Time,5
L9253,2,Civil,6.16,3-6L,Before Counselling,20,2,7,Yes,Yes,Difficulty,9
L9254,3,CSE,5.72,<3L,After Counselling,41,2,2,No,Yes,Job,5
L9255,2,IT,8.62,<3L,After Understanding,4,4,10,Yes,Yes,Trust,2
L9256,2,IT,5.21,<3L,After Understanding,20,0,5,No,Yes,Fee,7
L9257,1,IT,7.43,6-10L,After Counselling,5,1,2,No,Yes,Difficulty,6
L9258,3,CSE,8.98,<3L,After Counselling,22,2,24,Yes,Yes,Time,5
L9259,1,IT,7.8,<3L,After Application,24,4,11,No,No,Difficulty,5
L9260,2,Mechanical,5.94,10L+,Before Counselling,44,4,21,No,No,Fee,6
L9261,3,Mechanical,7.44,<3L,After Understanding,17,0,22,No,No,Fee,5
L9262,3,CSE,9.61,3-6L,After Application,5,3,8,Yes,Yes,Difficulty,5
L9263,3,IT,8.09,10L+,After Counselling,26,2,24,No,Yes,Time,9
L9264,4,Civil,8.61,3-6L,After Application,36,3,8,No,No,Difficulty,6
L9265,1,Civil,6.68,6-10L,After Application,8,0,6,Yes,No,Trust,9
L9266,2,Civil,5.94,10L+,After Understanding,9,4,3,Yes,No,Difficulty,3
L9267,2,Mechanical,6.28,6-10L,After Application,17,3,10,Yes,Yes,Job,7
L9268,1,Civil,7.67,3-6L,After Understanding,8,0,7,Yes,Yes,Job,8
L9269,2,IT,6.4,<3L,After Counselling,5,3,23,No,No,Time,1
L9270,2,IT,7.71,3-6L,After Understanding,10,4,10,No,No,Job,3
L9271,3,Civil,8.54,6-10L,Before Counselling,14,2,16,No,No,Job,7
L9272,3,ECE,8.67,6-10L,After Counselling,27,1,14,No,No,Difficulty,3
L9273,2,Civil,5.82,6-10L,After Understanding,27,4,16,No,No,Difficulty,8
L9274,3,ECE,8.75,3-6L,After Counselling,5,3,2,No,No,Fee,5
L9275,2,CSE,8.36,3-6L,After Application,15,2,16,No,Yes,Job,6
L9276,2,CSE,5.06,<3L,After Counselling,28,1,19,No,Yes,Job,1
L9277,3,IT,5.29,<3L,After Understanding,5,0,12,No,No,Fee,9
L9278,1,Mechanical,8.23,6-10L,After Application,22,2,4,No,No,Fee,7
L9279,1,IT,6.92,<3L,Before Counselling,12,4,2,No,No,Time,5
L9280,2,IT,5.73,<3L,After Counselling,42,3,5,No,No,Fee,5
L9281,4,Mechanical,5.22,6-10L,After Understanding,8,1,3,No,No,Fee,4
L9282,3,IT,5.8,<3L,After Counselling,1,2,17,No,No,Job,1
L9283,1,Mechanical,9.79,10L+,After Counselling,35,1,20,No,No,Trust,1
L9284,4,IT,8.64,<3L,After Understanding,16,1,17,Yes,No,Time,1
L9285,3,CSE,7.64,10L+,Before Counselling,30,2,13,Yes,Yes,Time,3
L9286,3,ECE,9.71,3-6L,After Understanding,43,3,9,No,No,Difficulty,4
L9287,4,IT,8.1,<3L,After Counselling,41,0,5,No,No,Time,4
L9288,2,ECE,8.63,3-6L,Before Counselling,10,2,17,No,No,Fee,5
L9289,2,Civil,6.41,6-10L,Before Counselling,34,0,10,Yes,No,Time,4
L9290,3,IT,7.94,3-6L,Before Counselling,11,1,23,No,No,Time,5
L9291,3,CSE,5.72,3-6L,Before Counselling,20,1,16,No,No,Difficulty,5
L9292,3,Mechanical,7.02,10L+,After Counselling,43,3,13,No,No,Difficulty,3
L9293,3,CSE,5.17,<3L,After Understanding,7,2,18,No,Yes,Time,6
L9294,4,ECE,6.08,6-10L,After Understanding,21,2,23,Yes,Yes,Job,4
L9295,4,Mechanical,5.37,<3L,After Application,11,4,24,No,No,Fee,1
L9296,4,CSE,6.94,3-6L,After Application,37,3,16,No,No,Fee,6
L9297,4,CSE,9.22,<3L,After Application,23,2,5,No,No,Fee,8
L9298,4,CSE,6.89,3-6L,Before Counselling,44,1,9,Yes,Yes,Difficulty,1
L9299,1,Mechanical,9.16,<3L,Before Counselling,31,3,4,Yes,No,Fee,3
L9300,2,CSE,8.28,<3L,After Understanding,18,4,8,Yes,No,Job,5
L9301,2,CSE,7.55,3-6L,Before Counselling,24,4,8,No,No,Fee,7
L9302,4,ECE,6.18,3-6L,After Understanding,22,1,16,Yes,No,Difficulty,9
L9303,3,CSE,9.61,3-6L,After Application,37,2,21,No,No,Job,8
L9304,3,CSE,5.27,3-6L,After Understanding,47,1,18,No,No,Time,2
L9305,1,Civil,8.44,<3L,Before Counselling,44,4,11,No,No,Trust,9
L9306,2,Mechanical,8.11,10L+,After Understanding,1,3,17,Yes,No,Job,2
L9307,3,Civil,7.21,<3L,After Understanding,6,2,17,Yes,No,Difficulty,6
L9308,1,ECE,6.2,<3L,After Understanding,38,1,23,No,No,Job,4
L9309,2,Civil,7.15,3-6L,Before Counselling,29,2,16,Yes,Yes,Job,8
L9310,2,IT,9.36,6-10L,After Counselling,43,3,13,Yes,No,Difficulty,4
L9311,2,Mechanical,9.18,<3L,After Application,11,4,8,No,Yes,Trust,9
L9312,3,CSE,9.71,<3L,After Counselling,16,1,4,Yes,Yes,Time,2
L9313,2,Civil,6.54,6-10L,After Counselling,6,4,22,Yes,Yes,Difficulty,4
L9314,3,Civil,6.94,3-6L,After Counselling,1,1,24,No,Yes,Time,7
L9315,1,CSE,5.09,3-6L,After Counselling,35,2,3,No,No,Time,2
L9316,4,CSE,9.71,10L+,Before Counselling,24,0,5,No,No,Fee,1
L9317,2,ECE,6.65,<3L,Before Counselling,38,1,24,Yes,No,Job,2
L9318,3,Civil,7.02,3-6L,After Counselling,3,1,24,Yes,Yes,Trust,2
L9319,3,Civil,9.54,<3L,After Counselling,40,4,9,No,Yes,Time,6
L9320,2,IT,7.63,<3L,After Understanding,2,0,11,No,Yes,Time,3
L9321,4,IT,7.83,<3L,After Understanding,15,0,13,No,No,Job,7
L9322,3,Civil,5.88,3-6L,After Application,22,0,13,No,Yes,Fee,4
L9323,2,IT,7.49,<3L,After Application,46,0,10,No,No,Fee,2
L9324,1,Civil,9.59,3-6L,After Application,46,3,12,No,No,Trust,2
L9325,4,Mechanical,7.79,10L+,After Understanding,4,2,14,No,Yes,Fee,2
L9326,3,ECE,6.28,6-10L,After Counselling,24,1,2,No,No,Trust,4
L9327,2,IT,5.16,<3L,After Counselling,19,2,4,Yes,No,Trust,8
L9328,2,Civil,6.68,<3L,After Application,30,2,23,No,Yes,Time,3
L9329,4,IT,7.86,3-6L,After Application,22,2,12,No,No,Trust,6
L9330,3,ECE,5.21,<3L,Before Counselling,39,2,16,No,No,Difficulty,4
L9331,3,Mechanical,8.05,10L+,After Application,40,3,8,No,No,Trust,2
L9332,2,CSE,7.62,10L+,After Understanding,27,4,17,Yes,Yes,Trust,3
L9333,3,CSE,8.92,3-6L,After Understanding,15,3,7,No,No,Difficulty,4
L9334,2,IT,5.14,<3L,After Application,37,1,21,No,No,Job,9
L9335,2,Civil,8.9,10L+,After Application,1,0,11,Yes,Yes,Fee,5
L9336,3,ECE,7.6,6-10L,Before Counselling,12,4,5,No,Yes,Fee,7
L9337,4,Mechanical,6.85,3-6L,Before Counselling,9,1,7,No,No,Fee,1
L9338,2,Mechanical,9.83,<3L,Before Counselling,19,0,13,No,No,Job,1
L9339,2,Mechanical,5.8,3-6L,After Understanding,18,3,4,No,No,Difficulty,6
L9340,3,CSE,7.71,10L+,Before Counselling,39,2,13,Yes,No,Fee,7
L9341,3,ECE,6.6,<3L,After Counselling,11,1,24,No,No,Fee,1
L9342,4,CSE,7.64,6-10L,After Counselling,11,2,17,Yes,No,Trust,4
L9343,3,IT,7.76,<3L,After Counselling,30,2,13,No,Yes,Job,6
L9344,1,Mechanical,5.45,10L+,Before Counselling,20,2,16,Yes,No,Fee,2
L9345,4,ECE,8.31,3-6L,After Understanding,15,4,23,No,No,Job,9
L9346,3,Mechanical,8.17,<3L,After Understanding,25,0,24,No,No,Fee,2
L9347,4,CSE,8.85,<3L,Before Counselling,3,2,22,No,No,Fee,5
L9348,3,CSE,5.45,3-6L,After Application,43,1,22,No,No,Fee,1
L9349,4,CSE,6.49,<3L,After Application,26,4,19,No,Yes,Difficulty,6
L9350,1,Mechanical,8.25,3-6L,Before Counselling,45,0,17,No,Yes,Trust,3
L9351,2,ECE,5.68,<3L,After Understanding,28,1,7,No,Yes,Difficulty,6
L9352,4,ECE,8.39,<3L,After Counselling,6,4,18,No,Yes,Job,9
L9353,2,IT,5.3,3-6L,After Application,46,4,24,No,No,Trust,8
L9354,1,Mechanical,6.67,3-6L,After Counselling,32,0,4,Yes,Yes,Time,2
L9355,3,IT,9.23,3-6L,After Understanding,11,2,19,No,No,Difficulty,9
L9356,4,IT,8.87,3-6L,After Application,13,1,12,Yes,Yes,Trust,1
L9357,1,IT,8.22,3-6L,Before Counselling,17,3,24,Yes,No,Fee,3
L9358,4,IT,9.35,3-6L,After Counselling,46,2,18,No,No,Fee,4
L9359,3,CSE,8.55,<3L,After Counselling,46,3,7,Yes,Yes,Difficulty,5
L9360,3,IT,7.6,<3L,After Counselling,36,1,19,No,Yes,Trust,7
L9361,4,ECE,9.9,<3L,Before Counselling,30,3,6,No,No,Difficulty,3
L9362,2,IT,8.47,3-6L,Before Counselling,4,3,17,No,Yes,Time,6
L9363,1,CSE,8.01,3-6L,After Counselling,14,0,21,No,No,Job,8
L9364,2,Civil,7.04,3-6L,Before Counselling,46,0,11,Yes,No,Difficulty,5
L9365,3,Civil,9.51,6-10L,After Application,28,0,17,No,Yes,Job,1
L9366,3,Civil,6.48,<3L,After Understanding,7,3,4,No,No,Trust,5
L9367,4,Mechanical,5.05,3-6L,After Application,16,3,11,No,Yes,Time,3
L9368,3,ECE,5.98,<3L,Before Counselling,14,4,19,Yes,No,Difficulty,4
L9369,3,CSE,5.55,6-10L,After Understanding,37,4,17,Yes,No,Trust,7
L9370,3,Civil,6.59,3-6L,After Counselling,39,0,18,Yes,Yes,Difficulty,3
L9371,1,CSE,9.13,6-10L,After Counselling,27,4,18,No,No,Fee,1
L9372,1,CSE,8.26,6-10L,After Understanding,30,2,11,Yes,No,Trust,8
L9373,4,Mechanical,5.84,6-10L,After Application,15,4,6,Yes,No,Time,4
L9374,1,Civil,8.94,6-10L,After Counselling,39,4,5,Yes,No,Trust,3
L9375,2,IT,7.52,<3L,After Counselling,42,2,16,No,No,Time,6
L9376,3,CSE,7.56,<3L,After Counselling,18,2,17,Yes,No,Fee,4
L9377,2,Civil,6.81,10L+,Before Counselling,11,1,24,No,No,Fee,7
L9378,4,CSE,9.32,10L+,After Application,22,3,19,Yes,No,Job,7
L9379,2,Mechanical,6.59,3-6L,Before Counselling,46,3,20,No,No,Job,3
L9380,1,Mechanical,5.47,<3L,After Understanding,4,0,11,No,No,Fee,2
L9381,2,IT,6.51,6-10L,After Understanding,3,1,12,No,Yes,Fee,4
L9382,3,Mechanical,8.58,<3L,Before Counselling,24,1,10,Yes,No,Job,6
L9383,2,Civil,8.29,<3L,After Counselling,14,1,6,Yes,No,Job,3
L9384,3,Mechanical,5.94,3-6L,Before Counselling,3,1,7,Yes,No,Job,9
L9385,4,IT,5.56,<3L,After Application,31,4,4,No,No,Trust,7
L9386,4,ECE,8.3,<3L,After Counselling,35,1,14,Yes,Yes,Fee,6
L9387,2,CSE,8.38,6-10L,After Understanding,31,0,7,Yes,Yes,Difficulty,4
L9388,2,CSE,6.83,<3L,After Application,12,3,12,Yes,Yes,Time,4
L9389,3,Civil,9.21,10L+,After Understanding,10,1,17,No,No,Time,4
L9390,4,IT,9.89,10L+,After Application,20,3,12,Yes,No,Time,9
L9391,4,IT,6.03,6-10L,After Application,18,2,11,Yes,No,Time,3
L9392,2,IT,7.89,10L+,After Application,44,0,17,Yes,Yes,Job,3
L9393,3,CSE,5.03,3-6L,After Understanding,36,2,15,No,No,Job,7
L9394,2,Mechanical,8.57,3-6L,Before Counselling,19,1,17,Yes,No,Fee,3
L9395,1,CSE,7.07,6-10L,Before Counselling,17,4,18,No,No,Job,4
L9396,1,CSE,5.97,3-6L,After Counselling,40,4,9,No,No,Time,8
L9397,2,CSE,8.76,3-6L,After Understanding,11,0,24,No,No,Trust,5
L9398,2,Mechanical,9.05,3-6L,After Counselling,5,1,5,No,No,Trust,4
L9399,1,ECE,5.56,3-6L,After Counselling,37,1,18,No,No,Difficulty,5
L9400,3,Civil,5.2,6-10L,After Application,45,1,11,Yes,Yes,Fee,9
L9401,2,ECE,6.67,3-6L,After Application,36,1,3,No,No,Trust,3
L9402,3,ECE,8.13,6-10L,Before Counselling,45,0,13,Yes,Yes,Trust,9
L9403,2,CSE,8.97,3-6L,Before Counselling,44,0,20,No,Yes,Trust,3
L9404,1,ECE,7.73,3-6L,After Counselling,14,0,22,Yes,No,Time,8
L9405,2,CSE,7.9,<3L,After Counselling,28,4,20,No,No,Time,6
L9406,2,CSE,9.0,6-10L,After Counselling,9,1,9,No,No,Difficulty,5
L9407,3,Civil,7.64,<3L,Before Counselling,38,2,7,No,No,Job,6
L9408,1,IT,8.06,10L+,After Counselling,29,3,20,No,Yes,Job,4
L9409,3,CSE,7.58,6-10L,Before Counselling,25,0,19,No,No,Job,4
L9410,1,ECE,9.4,3-6L,After Understanding,8,0,15,No,No,Trust,9
L9411,3,Civil,6.18,10L+,After Understanding,19,4,4,Yes,No,Job,8
L9412,3,ECE,6.32,3-6L,After Counselling,2,4,19,Yes,Yes,Job,5
L9413,1,IT,5.64,<3L,Before Counselling,6,3,20,No,No,Time,6
L9414,2,Mechanical,9.1,3-6L,After Understanding,30,4,16,Yes,Yes,Time,9
L9415,1,IT,7.06,<3L,Before Counselling,2,0,17,No,No,Job,4
L9416,3,Civil,6.74,<3L,Before Counselling,19,1,18,No,No,Time,2
L9417,2,IT,9.91,3-6L,After Understanding,13,1,4,Yes,No,Time,6
L9418,3,IT,9.63,6-10L,After Counselling,8,4,24,Yes,No,Trust,9
L9419,3,Civil,9.86,3-6L,After Counselling,9,3,19,No,Yes,Difficulty,6
L9420,4,Civil,5.71,3-6L,After Understanding,23,1,14,No,No,Time,7
L9421,3,ECE,9.46,<3L,After Application,37,0,13,Yes,No,Difficulty,5
L9422,3,CSE,6.64,3-6L,Before Counselling,8,1,20,Yes,No,Fee,9
L9423,2,Mechanical,5.06,<3L,After Application,9,3,23,No,No,Job,8
L9424,4,Mechanical,6.96,<3L,After Counselling,16,4,3,No,Yes,Difficulty,9
L9425,3,Mechanical,7.55,6-10L,Before Counselling,16,2,2,Yes,Yes,Difficulty,1
L9426,2,IT,5.54,<3L,After Understanding,12,1,11,No,No,Fee,3
L9427,4,Civil,7.69,<3L,After Counselling,25,0,19,No,Yes,Job,7
L9428,2,Civil,9.1,<3L,After Counselling,11,3,13,No,No,Job,4
L9429,4,Civil,6.89,3-6L,After Counselling,18,1,14,No,Yes,Job,1
L9430,4,CSE,6.76,6-10L,After Understanding,13,2,5,Yes,No,Time,3
L9431,1,Civil,6.69,10L+,After Understanding,35,4,22,No,Yes,Trust,5
L9432,3,Civil,9.62,6-10L,After Application,18,1,2,Yes,No,Trust,7
L9433,2,IT,5.24,3-6L,After Understanding,43,3,5,No,No,Time,1
L9434,2,ECE,7.23,<3L,After Application,30,1,22,No,No,Job,6
L9435,2,Mechanical,6.32,<3L,Before Counselling,43,4,21,No,Yes,Fee,5
L9436,3,IT,9.47,3-6L,Before Counselling,37,3,19,Yes,No,Time,9
L9437,2,IT,5.48,3-6L,Before Counselling,30,2,18,No,No,Time,8
L9438,1,IT,7.06,3-6L,After Counselling,3,0,21,No,No,Difficulty,7
L9439,3,Mechanical,7.03,<3L,After Counselling,29,4,15,No,No,Time,4
L9440,1,IT,9.44,<3L,After Counselling,25,1,3,Yes,Yes,Job,9
L9441,1,ECE,6.08,<3L,After Understanding,2,2,15,No,Yes,Time,3
L9442,2,Civil,8.22,6-10L,After Understanding,47,3,11,No,Yes,Trust,3
L9443,2,ECE,5.67,<3L,After Application,5,3,21,No,Yes,Trust,4
L9444,2,Civil,9.77,3-6L,After Counselling,31,3,4,No,Yes,Time,7
L9445,1,Civil,7.97,<3L,After Understanding,5,1,16,No,No,Fee,9
L9446,4,IT,8.13,3-6L,Before Counselling,21,4,8,No,Yes,Difficulty,7
L9447,3,IT,7.17,<3L,Before Counselling,26,2,16,No,Yes,Time,5
L9448,2,Mechanical,6.71,<3L,After Understanding,7,3,20,Yes,No,Job,7
L9449,2,CSE,6.06,<3L,Before Counselling,30,0,13,Yes,No,Fee,1
L9450,2,ECE,8.02,<3L,Before Counselling,34,4,22,Yes,No,Job,7
L9451,3,Mechanical,9.77,<3L,After Application,28,2,5,No,No,Job,1
L9452,1,Mechanical,6.8,6-10L,Before Counselling,14,2,2,No,Yes,Difficulty,4
L9453,1,ECE,9.42,<3L,After Counselling,18,3,6,No,Yes,Difficulty,3
L9454,4,ECE,5.74,<3L,After Understanding,44,0,10,Yes,Yes,Trust,2
L9455,2,Civil,9.68,3-6L,After Understanding,17,3,9,No,Yes,Job,8
L9456,2,CSE,6.75,3-6L,After Counselling,25,4,15,No,No,Time,1
L9457,4,IT,6.9,<3L,Before Counselling,6,1,15,No,No,Job,5
L9458,3,CSE,7.31,3-6L,After Application,5,4,5,No,Yes,Trust,1
L9459,2,CSE,8.59,6-10L,After Application,21,0,8,No,No,Job,7
L9460,3,IT,8.6,<3L,After Counselling,39,1,3,No,No,Difficulty,3
L9461,1,CSE,7.4,3-6L,Before Counselling,20,2,12,No,No,Trust,6
L9462,3,Mechanical,7.62,<3L,After Counselling,11,3,8,No,No,Fee,7
L9463,2,Mechanical,5.15,<3L,After Application,5,4,21,No,No,Job,1
L9464,4,IT,6.52,10L+,Before Counselling,38,3,22,No,No,Job,7
L9465,4,IT,6.73,<3L,After Counselling,39,4,18,No,No,Difficulty,8
L9466,4,ECE,7.79,<3L,After Counselling,35,3,16,No,No,Fee,1
L9467,4,ECE,7.79,10L+,Before Counselling,35,1,5,No,No,Job,3
L9468,3,CSE,8.55,6-10L,After Application,25,3,3,No,Yes,Job,8
L9469,2,CSE,8.59,3-6L,Before Counselling,30,0,10,No,No,Fee,6
L9470,2,IT,6.18,3-6L,After Application,2,0,13,No,No,Difficulty,2
L9471,3,CSE,8.85,6-10L,After Understanding,20,3,20,No,No,Time,2
L9472,4,Civil,5.1,6-10L,After Application,36,2,24,No,No,Fee,6
L9473,2,Mechanical,8.58,<3L,After Application,37,0,24,No,Yes,Difficulty,7
L9474,4,CSE,5.51,3-6L,After Understanding,2,4,23,Yes,No,Job,3
L9475,4,CSE,8.65,<3L,After Counselling,44,3,20,No,Yes,Fee,7
L9476,4,ECE,7.64,<3L,After Counselling,47,3,23,No,No,Difficulty,8
L9477,4,Civil,7.19,3-6L,After Application,27,0,4,Yes,No,Job,4
L9478,2,CSE,8.45,3-6L,After Understanding,32,2,21,No,No,Trust,2
L9479,1,Mechanical,5.18,<3L,After Understanding,4,4,6,Yes,No,Difficulty,5
L9480,1,CSE,6.12,<3L,Before Counselling,27,0,10,Yes,Yes,Difficulty,5
L9481,2,IT,8.08,3-6L,After Application,30,0,20,No,No,Difficulty,9
L9482,3,Civil,9.24,3-6L,After Understanding,3,1,10,No,Yes,Job,1
L9483,4,CSE,6.91,6-10L,After Counselling,46,0,22,No,Yes,Time,2
L9484,4,Civil,6.29,6-10L,After Understanding,45,4,23,No,Yes,Time,5
L9485,3,CSE,7.59,10L+,After Understanding,27,1,19,No,No,Trust,7
L9486,1,Mechanical,8.11,3-6L,After Understanding,38,2,17,Yes,No,Fee,4
L9487,1,Mechanical,7.1,3-6L,After Understanding,36,2,3,No,No,Trust,8
L9488,1,Civil,9.38,6-10L,After Counselling,1,0,13,No,Yes,Fee,7
L9489,2,ECE,7.62,6-10L,After Understanding,35,4,19,Yes,No,Fee,4
L9490,3,ECE,5.18,6-10L,After Application,12,2,24,Yes,Yes,Trust,1
L9491,1,IT,6.12,3-6L,After Understanding,35,4,12,No,No,Trust,6
L9492,2,ECE,7.25,<3L,After Counselling,18,4,23,No,No,Difficulty,1
L9493,1,Civil,8.49,6-10L,After Application,46,1,24,Yes,No,Job,7
L9494,3,ECE,6.1,6-10L,After Understanding,37,0,4,Yes,No,Time,3
L9495,2,IT,9.88,6-10L,After Counselling,23,4,21,No,No,Fee,7
L9496,2,CSE,6.59,<3L,After Application,33,4,23,No,No,Fee,6
L9497,2,ECE,7.66,<3L,After Understanding,14,4,4,No,No,Difficulty,5
L9498,4,Civil,5.09,3-6L,After Understanding,44,0,16,No,No,Time,7
L9499,2,Civil,9.42,6-10L,After Understanding,1,1,13,Yes,Yes,Job,5
L9500,3,IT,8.94,6-10L,After Application,27,4,2,Yes,Yes,Difficulty,2
L9501,3,IT,5.98,<3L,Before Counselling,24,3,23,Yes,No,Job,9
L9502,3,Mechanical,9.67,3-6L,After Understanding,2,1,12,Yes,No,Fee,1
L9503,4,Mechanical,6.58,<3L,After Counselling,12,0,3,No,No,Time,6
L9504,2,Mechanical,8.46,3-6L,Before Counselling,13,2,24,No,No,Fee,8
L9505,2,CSE,9.09,3-6L,After Understanding,27,4,22,No,No,Difficulty,9
L9506,1,Civil,8.7,6-10L,After Counselling,20,3,15,No,Yes,Job,7
L9507,3,Mechanical,9.59,6-10L,After Understanding,47,2,2,No,No,Job,6
L9508,2,Civil,9.32,<3L,After Counselling,37,2,19,No,Yes,Fee,1
L9509,1,IT,9.97,3-6L,After Understanding,34,4,19,No,No,Difficulty,3
L9510,3,CSE,5.91,3-6L,After Counselling,6,4,16,Yes,Yes,Time,9
L9511,3,IT,6.52,<3L,After Counselling,8,2,5,No,No,Trust,9
L9512,1,Civil,8.18,10L+,Before Counselling,21,3,3,No,No,Difficulty,3
L9513,3,Mechanical,8.67,6-10L,Before Counselling,39,1,16,No,Yes,Time,8
L9514,3,IT,7.67,<3L,After Application,21,4,14,No,No,Time,3
L9515,1,ECE,5.37,3-6L,After Counselling,45,4,11,No,No,Job,6
L9516,2,CSE,9.21,<3L,After Counselling,6,0,16,Yes,Yes,Trust,3
L9517,3,Civil,9.8,3-6L,Before Counselling,41,4,7,No,No,Trust,6
L9518,3,Mechanical,7.03,3-6L,After Application,44,0,22,No,No,Trust,4
L9519,2,IT,6.12,<3L,After Counselling,30,2,11,No,Yes,Fee,6
L9520,2,CSE,5.1,6-10L,After Understanding,10,3,4,No,No,Job,9
L9521,3,Mechanical,6.19,3-6L,After Understanding,11,0,14,No,No,Difficulty,3
L9522,4,IT,8.5,10L+,After Application,1,0,19,No,No,Fee,6
L9523,3,Civil,9.56,<3L,After Counselling,10,1,7,No,Yes,Fee,3
L9524,1,ECE,5.47,6-10L,After Counselling,25,2,15,No,No,Trust,5
L9525,2,ECE,7.77,6-10L,Before Counselling,16,0,19,No,No,Trust,6
L9526,4,Civil,8.48,<3L,Before Counselling,19,0,12,No,Yes,Time,9
L9527,1,CSE,6.38,<3L,After Counselling,10,2,21,Yes,No,Time,5
L9528,4,Civil,7.85,6-10L,After Understanding,47,4,16,No,No,Job,4
L9529,4,IT,8.58,3-6L,Before Counselling,14,3,22,No,No,Job,3
L9530,1,CSE,9.19,3-6L,After Understanding,3,2,14,Yes,No,Difficulty,7
L9531,4,ECE,7.26,10L+,After Understanding,4,1,17,No,No,Fee,7
L9532,2,IT,8.74,<3L,After Understanding,40,1,13,No,No,Trust,3
L9533,4,Mechanical,6.51,3-6L,After Understanding,33,3,2,No,No,Trust,2
L9534,2,Mechanical,6.07,3-6L,After Application,20,1,24,No,Yes,Job,1
L9535,2,Mechanical,5.94,3-6L,After Application,15,2,15,No,No,Time,6
L9536,3,ECE,6.79,<3L,Before Counselling,7,4,23,Yes,Yes,Difficulty,5
L9537,3,Civil,5.18,3-6L,After Counselling,44,1,4,Yes,No,Fee,7
L9538,1,CSE,6.41,6-10L,After Application,3,2,11,Yes,No,Job,3
L9539,3,ECE,8.26,3-6L,After Counselling,27,1,11,No,Yes,Time,4
L9540,1,IT,8.24,3-6L,Before Counselling,37,0,2,Yes,No,Time,1
L9541,2,IT,5.37,<3L,After Understanding,29,0,19,No,No,Fee,3
L9542,2,Mechanical,6.44,6-10L,After Counselling,26,4,18,No,Yes,Fee,2
L9543,2,CSE,7.85,3-6L,After Application,27,0,20,No,Yes,Job,6
L9544,2,Mechanical,6.59,10L+,After Counselling,25,0,2,No,No,Fee,7
L9545,1,IT,7.09,<3L,After Application,40,1,6,No,No,Trust,2
L9546,1,IT,8.56,<3L,After Counselling,43,1,7,Yes,Yes,Time,7
L9547,1,Civil,5.05,<3L,After Application,30,3,2,No,No,Time,3
L9548,2,Civil,6.38,3-6L,After Understanding,44,4,18,Yes,Yes,Trust,6
L9549,4,Civil,5.71,<3L,After Counselling,20,0,13,No,Yes,Difficulty,8
L9550,1,Mechanical,5.64,6-10L,Before Counselling,7,3,5,No,Yes,Difficulty,2
L9551,4,CSE,9.8,6-10L,After Counselling,29,1,5,Yes,No,Fee,9
L9552,3,Civil,6.88,<3L,After Application,46,3,11,No,Yes,Job,8
L9553,3,ECE,7.64,<3L,After Counselling,34,0,24,Yes,No,Difficulty,1
L9554,3,Civil,8.67,6-10L,Before Counselling,26,3,24,No,Yes,Job,1
L9555,4,Mechanical,5.24,<3L,After Understanding,27,2,9,No,No,Job,4
L9556,1,CSE,6.21,3-6L,After Counselling,44,4,13,No,No,Difficulty,8
L9557,3,Civil,9.16,<3L,After Understanding,9,0,13,Yes,No,Job,8
L9558,3,CSE,9.31,3-6L,After Understanding,22,2,4,No,No,Fee,7
L9559,3,ECE,6.86,<3L,After Understanding,12,3,17,Yes,No,Trust,7
L9560,4,IT,6.87,3-6L,After Application,6,0,5,No,No,Trust,3
L9561,1,CSE,8.78,3-6L,After Counselling,6,3,6,Yes,Yes,Fee,2
L9562,3,Civil,6.48,6-10L,After Counselling,27,4,16,Yes,No,Fee,4
L9563,3,Mechanical,5.59,<3L,Before Counselling,19,4,22,No,No,Time,4
L9564,2,Mechanical,6.29,3-6L,After Understanding,6,1,9,No,Yes,Trust,7
L9565,2,Mechanical,6.94,<3L,After Application,17,2,23,No,No,Fee,1
L9566,3,Mechanical,5.26,10L+,After Application,29,4,21,Yes,No,Difficulty,3
L9567,4,CSE,7.39,3-6L,Before Counselling,23,2,11,Yes,No,Job,9
L9568,2,Mechanical,8.7,<3L,After Counselling,17,3,2,No,No,Fee,2
L9569,4,IT,7.57,<3L,After Counselling,21,2,11,No,Yes,Difficulty,4
L9570,2,ECE,5.36,<3L,After Application,10,0,19,Yes,Yes,Time,2
L9571,1,CSE,7.2,<3L,After Application,43,1,18,Yes,No,Trust,7
L9572,1,CSE,8.54,3-6L,Before Counselling,8,2,5,Yes,Yes,Difficulty,1
L9573,1,Mechanical,5.29,<3L,After Application,14,2,23,No,Yes,Job,5
L9574,2,Mechanical,5.3,10L+,After Application,31,4,14,No,No,Difficulty,9
L9575,2,CSE,6.85,<3L,Before Counselling,18,0,23,No,Yes,Time,9
L9576,3,Mechanical,5.97,6-10L,After Understanding,47,4,7,No,No,Job,4
L9577,3,Mechanical,9.67,<3L,After Application,30,2,2,No,No,Trust,3
L9578,1,Mechanical,7.91,<3L,After Counselling,18,3,2,No,No,Job,4
L9579,2,Mechanical,6.44,10L+,After Understanding,25,4,4,No,No,Difficulty,4
L9580,2,Mechanical,8.52,6-10L,After Application,37,4,6,No,Yes,Fee,7
L9581,3,Civil,6.87,3-6L,After Understanding,25,0,19,No,No,Fee,1
L9582,1,Civil,5.66,3-6L,After Application,30,4,13,Yes,No,Job,8
L9583,1,Civil,6.19,10L+,After Counselling,30,4,2,No,Yes,Job,6
L9584,4,CSE,8.21,3-6L,After Application,36,1,10,No,Yes,Time,2
L9585,4,ECE,5.26,<3L,After Counselling,11,2,18,No,Yes,Difficulty,7
L9586,1,CSE,6.36,<3L,After Application,39,0,14,No,No,Job,9
L9587,2,Civil,6.04,3-6L,After Application,27,4,15,No,No,Fee,7
L9588,2,CSE,6.01,3-6L,After Understanding,16,2,12,No,No,Trust,3
L9589,3,ECE,8.41,6-10L,Before Counselling,38,0,12,Yes,No,Difficulty,1
L9590,3,Mechanical,9.13,<3L,After Counselling,32,4,5,No,No,Time,4
L9591,1,IT,8.58,10L+,After Understanding,29,3,10,No,No,Difficulty,8
L9592,3,Civil,8.23,3-6L,Before Counselling,10,1,19,Yes,No,Fee,4
L9593,2,Civil,9.58,3-6L,After Understanding,30,0,20,No,Yes,Difficulty,6
L9594,2,ECE,5.29,<3L,After Counselling,11,3,5,No,Yes,Time,1
L9595,2,Mechanical,5.84,10L+,Before Counselling,15,0,13,No,No,Time,6
L9596,2,Mechanical,7.07,3-6L,Before Counselling,44,0,19,Yes,Yes,Trust,1
L9597,2,IT,6.86,3-6L,Before Counselling,23,1,19,No,No,Difficulty,1
L9598,2,Mechanical,7.09,10L+,After Counselling,23,3,7,Yes,Yes,Trust,3
L9599,2,ECE,6.03,10L+,After Counselling,7,4,12,No,No,Job,4
L9600,1,Mechanical,5.75,<3L,After Understanding,14,2,6,Yes,Yes,Trust,2
L9601,3,ECE,7.55,10L+,After Application,9,3,17,No,No,Job,6
L9602,1,Civil,9.64,6-10L,After Application,28,0,12,Yes,No,Job,5
L9603,1,Civil,6.96,<3L,After Application,6,3,6,No,No,Job,8
L9604,3,Civil,5.22,<3L,After Application,43,2,10,No,Yes,Fee,2
L9605,3,CSE,8.53,3-6L,After Understanding,45,3,24,No,Yes,Time,7
L9606,4,Civil,6.46,3-6L,After Counselling,22,2,12,No,No,Job,4
L9607,2,ECE,6.23,6-10L,After Understanding,18,1,16,No,No,Difficulty,4
L9608,2,IT,6.62,<3L,Before Counselling,44,0,18,No,No,Fee,4
L9609,3,Mechanical,8.62,6-10L,After Counselling,38,4,19,Yes,No,Job,4
L9610,3,Civil,9.09,6-10L,After Counselling,22,3,22,No,No,Job,2
L9611,2,CSE,7.94,3-6L,After Application,9,1,15,No,Yes,Time,3
L9612,4,CSE,6.61,10L+,After Understanding,18,3,8,Yes,Yes,Fee,8
L9613,1,ECE,6.55,6-10L,After Application,21,1,24,No,No,Fee,5
L9614,4,IT,5.62,<3L,After Counselling,15,2,17,Yes,No,Trust,5
L9615,4,Civil,9.67,6-10L,After Application,9,1,10,No,Yes,Difficulty,5
L9616,3,Civil,8.19,10L+,Before Counselling,42,2,4,Yes,Yes,Time,7
L9617,4,CSE,5.13,<3L,After Counselling,2,1,22,No,No,Trust,9
L9618,3,ECE,8.31,10L+,Before Counselling,14,3,17,No,No,Trust,1
L9619,1,CSE,7.24,<3L,After Counselling,21,4,23,No,No,Difficulty,2
L9620,2,CSE,9.86,3-6L,After Application,43,0,8,Yes,No,Time,8
L9621,1,IT,9.1,6-10L,After Counselling,45,4,8,No,No,Difficulty,8
L9622,2,ECE,5.86,6-10L,After Counselling,34,1,21,Yes,No,Time,4
L9623,3,IT,8.6,6-10L,After Understanding,7,2,2,No,No,Job,3
L9624,2,ECE,7.43,3-6L,After Understanding,15,3,9,Yes,Yes,Fee,1
L9625,2,Civil,5.94,3-6L,Before Counselling,39,0,2,No,No,Job,2
L9626,3,Mechanical,8.49,3-6L,After Understanding,12,0,13,No,Yes,Job,3
L9627,4,Mechanical,7.74,3-6L,After Counselling,7,3,18,Yes,Yes,Job,3
L9628,1,ECE,5.15,3-6L,After Understanding,5,1,11,No,No,Difficulty,1
L9629,2,Mechanical,8.23,6-10L,After Application,47,0,20,No,Yes,Time,4
L9630,1,CSE,8.17,<3L,After Understanding,39,3,10,Yes,Yes,Job,5
L9631,3,Civil,5.72,3-6L,Before Counselling,23,1,11,No,No,Fee,2
L9632,1,Civil,6.74,<3L,After Counselling,28,3,12,Yes,Yes,Job,8
L9633,3,Mechanical,7.93,3-6L,After Application,34,0,11,Yes,No,Trust,7
L9634,2,ECE,5.69,<3L,After Application,25,4,18,No,No,Trust,7
L9635,1,CSE,9.26,3-6L,Before Counselling,2,0,8,No,No,Difficulty,9
L9636,4,ECE,5.14,<3L,After Understanding,9,0,6,Yes,No,Fee,8
L9637,1,Mechanical,5.51,<3L,After Counselling,34,4,21,No,No,Difficulty,2
L9638,2,Civil,5.58,3-6L,Before Counselling,46,1,13,No,No,Difficulty,8
L9639,1,Civil,7.64,3-6L,After Application,47,3,6,No,No,Difficulty,1
L9640,2,ECE,8.1,3-6L,After Application,32,1,2,No,No,Job,9
L9641,3,IT,7.02,<3L,After Application,12,1,11,No,Yes,Time,3
L9642,2,ECE,6.44,10L+,Before Counselling,19,3,8,No,No,Time,7
L9643,1,IT,9.05,<3L,After Application,47,1,13,Yes,Yes,Fee,5
L9644,2,ECE,5.34,6-10L,After Counselling,38,2,3,Yes,Yes,Job,4
L9645,3,IT,6.4,6-10L,After Application,10,0,10,No,No,Time,6
L9646,3,IT,5.2,<3L,Before Counselling,10,2,6,No,No,Trust,8
L9647,3,IT,5.07,3-6L,Before Counselling,35,3,6,Yes,No,Difficulty,5
L9648,3,IT,6.77,10L+,After Application,41,4,15,Yes,No,Time,9
L9649,2,CSE,5.97,3-6L,Before Counselling,37,4,20,No,Yes,Difficulty,9
L9650,2,IT,6.34,<3L,After Understanding,32,3,19,No,No,Job,8
L9651,1,IT,9.1,3-6L,Before Counselling,7,3,9,No,No,Time,2
L9652,2,Civil,5.81,3-6L,After Understanding,10,1,4,No,No,Difficulty,5
L9653,2,CSE,8.9,6-10L,Before Counselling,43,0,15,No,No,Time,8
L9654,3,IT,8.38,10L+,Before Counselling,38,2,12,No,No,Time,6
L9655,3,Mechanical,6.63,<3L,Before Counselling,27,3,9,No,No,Fee,3
L9656,4,CSE,7.73,<3L,After Application,32,4,23,No,No,Fee,5
L9657,1,Civil,7.22,<3L,Before Counselling,7,0,13,Yes,No,Job,9
L9658,3,ECE,5.64,10L+,After Counselling,26,0,12,No,No,Difficulty,9
L9659,4,Civil,9.54,3-6L,After Application,22,1,10,No,No,Fee,2
L9660,3,Civil,7.85,6-10L,After Understanding,12,4,5,No,No,Fee,2
L9661,2,CSE,9.4,3-6L,After Counselling,24,0,20,Yes,No,Job,2
L9662,2,CSE,9.12,6-10L,After Counselling,46,4,8,No,No,Trust,3
L9663,1,Mechanical,5.4,<3L,After Counselling,29,2,18,Yes,Yes,Trust,5
L9664,2,Mechanical,6.04,10L+,After Counselling,32,4,17,No,No,Time,7
L9665,3,CSE,5.73,3-6L,Before Counselling,16,0,20,No,No,Job,3
L9666,1,CSE,9.15,6-10L,Before Counselling,26,4,24,No,No,Difficulty,1
L9667,2,CSE,9.31,<3L,After Counselling,6,4,13,No,No,Fee,4
L9668,3,ECE,7.64,3-6L,After Application,1,4,8,No,No,Trust,7
L9669,3,Civil,5.52,3-6L,After Counselling,13,0,15,No,No,Fee,3
L9670,2,Mechanical,5.68,<3L,After Understanding,38,2,12,No,Yes,Time,8
L9671,3,Mechanical,9.07,3-6L,After Counselling,6,4,12,No,No,Fee,4
L9672,2,IT,9.65,3-6L,Before Counselling,38,2,8,No,No,Job,9
L9673,1,ECE,6.0,<3L,After Understanding,12,0,12,No,Yes,Difficulty,3
L9674,2,CSE,5.06,<3L,After Application,9,3,4,Yes,No,Fee,5
L9675,3,CSE,6.65,3-6L,After Counselling,20,4,16,No,No,Difficulty,9
L9676,4,ECE,5.15,<3L,After Understanding,39,2,4,No,No,Job,9
L9677,1,Mechanical,9.14,3-6L,After Counselling,27,4,22,No,No,Time,7
L9678,3,CSE,7.46,3-6L,After Application,3,1,10,Yes,No,Job,9
L9679,2,IT,8.21,<3L,After Application,24,1,18,No,Yes,Trust,8
L9680,3,Mechanical,7.06,<3L,After Understanding,15,0,18,No,No,Time,8
L9681,1,Civil,6.73,6-10L,After Application,34,2,13,No,No,Fee,3
L9682,2,ECE,6.11,<3L,After Understanding,32,2,8,Yes,No,Difficulty,3
L9683,4,Mechanical,8.85,3-6L,After Application,21,4,12,No,No,Time,2
L9684,3,Civil,8.48,3-6L,Before Counselling,1,1,15,No,No,Time,1
L9685,2,IT,6.8,10L+,After Understanding,33,4,21,No,No,Trust,3
L9686,2,ECE,6.61,<3L,After Counselling,11,4,2,Yes,Yes,Fee,4
L9687,2,CSE,5.01,6-10L,After Understanding,3,0,7,Yes,No,Time,4
L9688,2,CSE,5.32,3-6L,After Application,22,3,23,No,No,Trust,5
L9689,4,Civil,8.12,<3L,After Application,10,0,22,No,No,Difficulty,8
L9690,4,Mechanical,7.57,<3L,After Application,44,0,18,No,No,Difficulty,7
L9691,2,IT,7.17,3-6L,After Counselling,38,0,10,No,No,Fee,6
L9692,2,Civil,9.14,<3L,After Counselling,24,4,2,No,Yes,Fee,5
L9693,4,IT,7.52,<3L,After Application,7,4,13,Yes,No,Fee,6
L9694,2,IT,6.92,10L+,Before Counselling,36,4,21,No,No,Difficulty,9
L9695,3,IT,5.81,<3L,After Understanding,1,4,18,Yes,No,Job,8
L9696,2,ECE,9.1,3-6L,After Application,1,1,5,Yes,No,Fee,8
L9697,3,Civil,7.88,6-10L,Before Counselling,26,2,24,No,No,Job,6
L9698,3,ECE,5.46,6-10L,After Counselling,17,1,9,Yes,No,Job,1
L9699,4,Mechanical,8.24,<3L,After Application,11,2,20,No,No,Fee,1
L9700,3,Mechanical,7.13,6-10L,After Understanding,3,4,20,Yes,Yes,Job,5
L9701,2,CSE,9.06,3-6L,After Understanding,10,1,6,No,No,Job,8
L9702,3,CSE,9.59,<3L,After Counselling,2,2,12,No,No,Job,5
L9703,4,CSE,8.0,<3L,After Application,32,3,7,No,No,Trust,7
L9704,2,Mechanical,8.66,<3L,After Application,16,0,14,No,Yes,Time,2
L9705,1,IT,5.28,<3L,After Application,26,2,20,Yes,No,Fee,7
L9706,1,IT,7.8,<3L,Before Counselling,40,1,7,No,Yes,Trust,5
L9707,2,Civil,8.78,<3L,Before Counselling,39,1,24,No,Yes,Fee,3
L9708,2,Mechanical,7.48,3-6L,After Application,10,3,14,Yes,No,Time,1
L9709,3,CSE,7.97,6-10L,After Understanding,36,2,7,Yes,No,Job,9
L9710,1,Mechanical,9.49,3-6L,Before Counselling,30,0,17,No,Yes,Trust,7
L9711,4,IT,5.99,3-6L,After Understanding,9,1,23,Yes,No,Fee,8
L9712,2,IT,5.49,6-10L,Before Counselling,5,4,19,Yes,Yes,Job,4
L9713,2,ECE,8.45,6-10L,After Counselling,7,4,12,Yes,Yes,Difficulty,3
L9714,2,ECE,9.11,6-10L,After Counselling,36,2,21,No,Yes,Trust,5
L9715,2,Civil,9.25,<3L,After Counselling,1,3,18,Yes,No,Trust,1
L9716,2,Mechanical,8.21,<3L,After Understanding,27,0,11,Yes,Yes,Difficulty,6
L9717,2,ECE,9.17,3-6L,After Understanding,12,2,17,No,Yes,Job,1
L9718,1,ECE,8.5,<3L,After Application,16,2,6,No,Yes,Time,8
L9719,3,Mechanical,5.44,<3L,After Application,8,0,11,Yes,No,Difficulty,5
L9720,3,IT,8.81,<3L,After Counselling,25,1,4,No,Yes,Difficulty,7
L9721,2,Civil,5.9,10L+,After Counselling,13,4,20,No,No,Fee,4
L9722,3,Civil,6.18,<3L,Before Counselling,41,1,5,No,Yes,Trust,5
L9723,3,Civil,6.97,3-6L,After Counselling,10,3,13,Yes,No,Time,2
L9724,1,ECE,6.57,<3L,After Counselling,40,0,23,No,No,Time,7
L9725,4,IT,6.61,6-10L,After Counselling,33,1,11,No,Yes,Time,9
L9726,4,Civil,5.85,3-6L,After Understanding,35,2,12,Yes,No,Trust,7
L9727,2,Mechanical,6.47,<3L,After Understanding,37,2,9,Yes,Yes,Time,4
L9728,1,Civil,5.1,10L+,After Counselling,39,3,13,No,No,Fee,8
L9729,1,CSE,7.36,6-10L,Before Counselling,28,3,15,Yes,No,Job,6
L9730,1,IT,8.84,6-10L,Before Counselling,16,0,22,No,Yes,Fee,6
L9731,3,CSE,9.31,10L+,After Application,8,1,23,No,Yes,Job,3
L9732,2,IT,9.1,3-6L,After Counselling,33,2,4,No,Yes,Trust,2
L9733,3,Mechanical,7.08,6-10L,After Understanding,35,0,12,No,No,Difficulty,3
L9734,3,ECE,8.65,<3L,After Counselling,38,0,8,No,No,Difficulty,7
L9735,3,ECE,6.44,3-6L,Before Counselling,12,2,16,Yes,Yes,Time,3
L9736,3,IT,5.28,<3L,After Understanding,15,1,12,No,No,Time,7
L9737,1,Civil,8.38,<3L,After Understanding,17,4,8,No,Yes,Trust,3
L9738,2,CSE,8.24,3-6L,After Understanding,27,3,20,No,No,Difficulty,4
L9739,3,Mechanical,9.01,<3L,After Application,21,1,17,No,Yes,Job,5
L9740,1,Civil,8.08,3-6L,After Counselling,21,4,22,No,No,Trust,2
L9741,1,ECE,5.78,3-6L,After Counselling,17,4,20,No,Yes,Difficulty,5
L9742,4,Civil,9.27,3-6L,After Counselling,27,2,14,No,Yes,Job,6
L9743,3,CSE,8.14,<3L,Before Counselling,12,4,22,No,No,Time,9
L9744,2,ECE,9.04,<3L,After Understanding,44,3,18,No,Yes,Time,4
L9745,3,IT,8.87,3-6L,After Understanding,36,0,15,No,No,Difficulty,5
L9746,3,Mechanical,6.49,3-6L,Before Counselling,28,1,24,No,No,Job,4
L9747,2,Mechanical,5.37,<3L,After Application,25,3,3,No,No,Trust,5
L9748,1,ECE,5.88,3-6L,Before Counselling,9,4,23,Yes,No,Difficulty,1
L9749,4,IT,5.46,6-10L,After Understanding,47,0,11,No,No,Difficulty,8
L9750,2,CSE,6.22,<3L,After Application,37,0,7,No,Yes,Fee,9
L9751,1,Mechanical,7.3,3-6L,After Application,23,4,17,No,No,Fee,3
L9752,2,ECE,9.53,<3L,After Understanding,11,3,8,Yes,No,Fee,3
L9753,3,Mechanical,9.36,10L+,Before Counselling,1,4,20,No,Yes,Difficulty,9
L9754,2,IT,8.59,<3L,After Counselling,16,1,22,No,No,Job,9
L9755,2,CSE,5.12,<3L,After Counselling,13,0,11,Yes,No,Trust,7
L9756,2,IT,6.71,6-10L,After Counselling,20,2,21,Yes,No,Trust,5
L9757,4,Civil,8.41,<3L,Before Counselling,16,0,16,Yes,Yes,Time,1
L9758,1,IT,5.65,3-6L,After Understanding,16,4,13,Yes,Yes,Difficulty,9
L9759,3,IT,9.01,<3L,Before Counselling,35,4,10,No,No,Fee,6
L9760,4,Mechanical,9.57,10L+,After Counselling,32,2,19,No,No,Trust,3
L9761,1,IT,6.77,6-10L,After Counselling,23,2,18,No,No,Job,5
L9762,4,ECE,8.53,3-6L,After Counselling,25,0,20,No,No,Job,9
L9763,4,Mechanical,5.74,<3L,Before Counselling,43,4,11,No,Yes,Difficulty,1
L9764,4,Mechanical,8.45,<3L,Before Counselling,28,0,9,No,No,Job,1
L9765,2,Civil,5.11,3-6L,After Counselling,45,3,21,No,No,Time,4
L9766,3,ECE,5.75,<3L,After Application,2,4,6,Yes,Yes,Difficulty,6
L9767,3,IT,8.55,3-6L,After Counselling,3,0,14,Yes,No,Difficulty,3
L9768,4,Civil,8.56,3-6L,After Understanding,31,4,22,No,No,Time,3
L9769,1,ECE,8.21,6-10L,Before Counselling,33,4,3,No,Yes,Time,4
L9770,3,Civil,7.39,<3L,After Application,33,1,2,No,No,Job,1
L9771,2,CSE,8.37,3-6L,After Application,47,0,9,No,No,Fee,5
L9772,1,IT,8.87,6-10L,After Understanding,35,4,11,No,No,Trust,8
L9773,2,Civil,9.83,3-6L,After Counselling,36,2,6,No,No,Difficulty,6
L9774,3,CSE,9.44,6-10L,After Counselling,26,2,19,No,No,Difficulty,3
L9775,2,IT,8.97,<3L,After Counselling,12,1,24,No,No,Trust,4
L9776,3,Civil,8.47,6-10L,After Understanding,44,4,3,No,No,Job,5
L9777,4,Civil,7.87,10L+,Before Counselling,46,0,23,Yes,No,Trust,5
L9778,2,Civil,5.6,<3L,Before Counselling,11,0,10,No,No,Fee,2
L9779,3,Civil,5.83,<3L,After Understanding,6,2,17,No,Yes,Job,3
L9780,2,Mechanical,9.1,<3L,Before Counselling,25,3,21,No,Yes,Difficulty,8
L9781,2,Civil,9.02,3-6L,After Understanding,46,4,22,Yes,No,Trust,1
L9782,3,Mechanical,8.07,3-6L,After Understanding,34,1,18,No,Yes,Trust,4
L9783,4,Mechanical,7.19,<3L,After Application,35,1,17,No,No,Job,2
L9784,3,CSE,5.13,6-10L,After Application,21,4,2,Yes,No,Difficulty,9
L9785,3,IT,6.64,6-10L,Before Counselling,18,4,6,Yes,Yes,Trust,7
L9786,1,Mechanical,7.1,10L+,After Application,8,1,20,No,No,Time,6
L9787,2,ECE,7.43,3-6L,Before Counselling,34,1,19,No,Yes,Trust,4
L9788,3,Mechanical,9.65,3-6L,After Understanding,14,0,24,No,No,Trust,1
L9789,1,ECE,5.54,6-10L,Before Counselling,19,1,21,No,Yes,Fee,9
L9790,2,CSE,7.59,<3L,After Application,20,2,4,No,Yes,Fee,3
L9791,3,ECE,6.84,3-6L,Before Counselling,4,1,19,No,No,Trust,3
L9792,1,CSE,9.95,3-6L,After Application,38,1,12,No,No,Trust,6
L9793,2,CSE,9.31,<3L,After Understanding,32,2,12,Yes,No,Fee,6
L9794,3,CSE,7.19,<3L,After Counselling,26,2,12,No,No,Time,4
L9795,3,ECE,10.0,<3L,After Understanding,28,4,11,No,Yes,Difficulty,5
L9796,4,ECE,7.57,3-6L,After Application,12,1,11,No,No,Job,5
L9797,3,CSE,5.84,3-6L,Before Counselling,10,2,5,No,No,Trust,6
L9798,2,CSE,7.78,6-10L,After Application,41,0,10,No,No,Difficulty,3
L9799,4,IT,6.13,3-6L,After Application,35,3,11,Yes,No,Trust,9
L9800,3,CSE,8.18,<3L,After Counselling,33,2,14,No,No,Fee,7
L9801,2,Civil,9.69,3-6L,Before Counselling,14,3,24,No,No,Trust,4
L9802,1,IT,8.93,<3L,After Application,40,1,2,No,No,Difficulty,3
L9803,3,IT,6.37,<3L,After Understanding,23,0,17,No,No,Job,7
L9804,3,IT,6.48,<3L,After Understanding,18,0,20,Yes,Yes,Fee,5
L9805,3,Civil,5.35,<3L,After Application,44,4,13,No,No,Time,2
L9806,3,IT,6.43,<3L,After Application,12,4,6,No,No,Trust,6
L9807,3,IT,5.46,<3L,After Application,42,1,24,No,Yes,Job,3
L9808,4,ECE,7.5,6-10L,After Application,36,2,6,Yes,No,Difficulty,7
L9809,3,ECE,8.54,<3L,After Understanding,25,0,8,No,No,Fee,5
L9810,1,CSE,8.76,<3L,After Counselling,37,1,13,No,No,Job,7
L9811,4,CSE,5.3,10L+,After Application,40,1,15,Yes,No,Time,4
L9812,2,Mechanical,6.7,3-6L,Before Counselling,22,2,2,No,No,Trust,1
L9813,3,Civil,6.44,<3L,After Counselling,6,0,7,Yes,No,Fee,1
L9814,4,ECE,5.52,<3L,After Understanding,16,0,19,No,No,Job,7
L9815,3,CSE,6.81,3-6L,After Application,23,0,7,No,No,Difficulty,9
L9816,3,Civil,6.5,3-6L,After Application,9,4,20,No,No,Difficulty,6
L9817,2,IT,8.17,<3L,After Application,43,0,13,No,No,Time,3
L9818,2,Civil,9.42,<3L,After Application,35,3,19,No,No,Trust,9
L9819,2,ECE,7.27,10L+,Before Counselling,29,2,4,No,Yes,Time,9
L9820,3,Mechanical,8.73,3-6L,After Application,14,0,12,No,No,Job,1
L9821,3,ECE,5.73,3-6L,After Understanding,5,2,5,No,Yes,Fee,5
L9822,3,CSE,9.47,<3L,Before Counselling,21,2,14,No,No,Fee,3
L9823,1,CSE,5.76,<3L,After Counselling,6,3,2,No,Yes,Job,9
L9824,2,Civil,5.96,3-6L,After Counselling,1,0,21,No,Yes,Fee,7
L9825,3,ECE,5.53,10L+,After Counselling,31,2,7,No,No,Job,4
L9826,2,CSE,6.55,<3L,After Application,45,0,22,Yes,No,Time,5
L9827,3,IT,7.76,10L+,After Counselling,41,3,15,Yes,Yes,Trust,9
L9828,3,IT,9.94,<3L,Before Counselling,28,4,22,No,Yes,Difficulty,4
L9829,3,Mechanical,8.97,3-6L,Before Counselling,3,4,10,Yes,No,Difficulty,7
L9830,2,Civil,6.9,<3L,After Counselling,38,4,10,Yes,No,Difficulty,5
L9831,4,CSE,7.88,3-6L,After Counselling,23,4,8,No,No,Fee,1
L9832,1,Mechanical,8.12,3-6L,Before Counselling,40,1,16,No,No,Time,1
L9833,4,IT,9.11,3-6L,After Understanding,4,2,11,No,Yes,Time,6
L9834,1,Mechanical,8.68,3-6L,After Counselling,6,1,10,No,No,Difficulty,2
L9835,1,Mechanical,7.85,<3L,Before Counselling,12,0,16,No,Yes,Time,5
L9836,4,CSE,8.35,6-10L,After Counselling,12,4,22,Yes,No,Job,2
L9837,2,CSE,8.73,<3L,Before Counselling,7,0,10,No,No,Difficulty,1
L9838,3,CSE,5.67,3-6L,After Application,28,3,8,No,No,Difficulty,8
L9839,4,Civil,6.0,<3L,After Counselling,26,2,24,No,No,Trust,4
L9840,4,Mechanical,8.44,3-6L,After Counselling,7,3,9,No,No,Difficulty,5
L9841,4,Mechanical,9.25,6-10L,After Understanding,3,2,3,Yes,No,Fee,6
L9842,2,Civil,7.05,<3L,After Understanding,13,3,4,No,No,Job,6
L9843,3,IT,9.9,10L+,After Understanding,41,3,23,No,No,Time,4
L9844,1,ECE,6.08,6-10L,After Understanding,11,2,23,Yes,No,Fee,2
L9845,2,IT,7.08,3-6L,After Counselling,39,0,24,No,No,Job,2
L9846,4,Civil,6.89,<3L,After Counselling,23,3,3,Yes,No,Trust,1
L9847,2,Mechanical,9.65,6-10L,After Understanding,47,2,2,Yes,No,Difficulty,5
L9848,3,Mechanical,6.43,6-10L,After Understanding,1,2,13,No,No,Time,6
L9849,3,CSE,7.35,<3L,After Counselling,34,3,6,Yes,No,Difficulty,2
L9850,3,CSE,5.94,10L+,After Application,31,0,19,Yes,No,Fee,3
L9851,4,Mechanical,7.61,10L+,Before Counselling,33,4,20,Yes,No,Difficulty,3
L9852,1,Mechanical,9.29,3-6L,After Understanding,47,1,3,No,No,Job,7
L9853,3,CSE,6.52,6-10L,Before Counselling,36,4,17,No,No,Difficulty,8
L9854,4,CSE,9.05,3-6L,After Application,36,3,24,No,No,Difficulty,2
L9855,2,IT,9.56,3-6L,After Application,14,3,7,No,No,Trust,5
L9856,1,Mechanical,5.36,<3L,After Application,37,2,4,No,Yes,Difficulty,7
L9857,3,Mechanical,8.78,<3L,After Counselling,32,0,9,No,No,Trust,8
L9858,2,Civil,6.28,6-10L,Before Counselling,28,0,5,Yes,No,Fee,3
L9859,1,IT,5.88,<3L,After Application,1,3,19,No,Yes,Trust,6
L9860,4,ECE,8.01,3-6L,After Understanding,47,0,21,Yes,No,Trust,9
L9861,3,ECE,8.53,6-10L,After Application,7,1,5,No,No,Fee,4
L9862,4,ECE,6.97,<3L,After Understanding,16,0,9,No,No,Trust,6
L9863,4,CSE,5.2,<3L,After Understanding,32,0,8,No,No,Difficulty,4
L9864,3,ECE,9.54,3-6L,After Application,24,2,21,No,No,Fee,5
L9865,1,Civil,8.65,<3L,After Understanding,14,3,19,No,No,Fee,3
L9866,2,CSE,6.36,6-10L,After Understanding,47,0,2,Yes,No,Trust,4
L9867,1,CSE,7.48,<3L,After Counselling,15,3,19,Yes,No,Trust,3
L9868,4,ECE,5.14,3-6L,Before Counselling,1,0,3,No,No,Job,4
L9869,1,CSE,6.7,<3L,After Counselling,28,0,20,No,No,Fee,6
L9870,2,IT,7.61,<3L,After Counselling,19,0,11,Yes,No,Time,2
L9871,3,IT,7.59,<3L,After Counselling,7,2,22,Yes,No,Difficulty,1
L9872,2,ECE,6.04,<3L,Before Counselling,18,0,2,No,Yes,Trust,8
L9873,2,Civil,8.88,3-6L,Before Counselling,47,4,22,Yes,No,Fee,3
L9874,3,CSE,6.49,3-6L,After Application,13,1,8,No,Yes,Fee,4
L9875,1,Mechanical,7.9,<3L,After Counselling,18,0,15,No,No,Difficulty,4
L9876,1,ECE,6.36,<3L,Before Counselling,4,4,2,Yes,No,Fee,4
L9877,2,CSE,7.13,3-6L,After Application,4,3,5,Yes,No,Time,8
L9878,3,ECE,6.04,6-10L,After Counselling,27,2,12,Yes,No,Job,4
L9879,3,ECE,8.17,3-6L,After Counselling,16,3,3,No,Yes,Difficulty,3
L9880,2,Civil,7.13,<3L,After Understanding,14,2,9,Yes,No,Time,6
L9881,3,Mechanical,5.08,6-10L,Before Counselling,14,3,19,No,No,Fee,2
L9882,2,CSE,5.14,10L+,After Understanding,7,3,18,No,Yes,Fee,9
L9883,4,ECE,7.36,<3L,After Counselling,45,1,15,No,Yes,Trust,5
L9884,1,ECE,5.92,3-6L,After Counselling,14,1,19,No,No,Difficulty,7
L9885,3,CSE,7.93,3-6L,After Counselling,42,1,11,Yes,No,Job,1
L9886,4,ECE,7.04,10L+,After Application,45,3,21,No,Yes,Trust,2
L9887,4,ECE,8.27,3-6L,After Understanding,6,2,22,No,Yes,Fee,3
L9888,1,ECE,9.76,10L+,After Understanding,43,1,19,No,No,Job,4
L9889,2,IT,7.64,<3L,After Counselling,38,2,21,No,No,Difficulty,3
L9890,3,IT,8.94,<3L,After Understanding,27,2,24,Yes,No,Time,2
L9891,1,Mechanical,8.77,6-10L,After Counselling,11,0,6,No,No,Job,6
L9892,4,Civil,9.61,6-10L,After Counselling,31,4,9,Yes,No,Trust,1
L9893,3,CSE,6.07,6-10L,After Understanding,3,3,11,Yes,No,Time,8
L9894,3,Civil,9.14,6-10L,Before Counselling,1,4,2,No,No,Time,1
L9895,1,Civil,9.53,6-10L,After Counselling,16,3,18,No,No,Job,2
L9896,3,IT,6.96,3-6L,After Counselling,44,2,20,Yes,No,Job,3
L9897,3,Mechanical,6.57,3-6L,After Understanding,27,4,18,No,Yes,Trust,4
L9898,4,Civil,9.76,3-6L,After Understanding,46,0,11,Yes,Yes,Job,5
L9899,1,Civil,8.14,3-6L,After Understanding,3,4,19,No,No,Difficulty,4
L9900,1,ECE,6.9,3-6L,After Counselling,8,4,2,Yes,No,Time,6
L9901,2,CSE,8.96,3-6L,Before Counselling,16,0,18,No,Yes,Time,3
L9902,1,Mechanical,6.52,<3L,Before Counselling,47,0,14,No,No,Trust,8
L9903,3,CSE,5.88,<3L,Before Counselling,2,1,11,No,No,Job,2
L9904,4,IT,7.72,10L+,After Counselling,29,3,2,No,Yes,Job,9
L9905,2,Civil,7.83,<3L,After Understanding,16,2,21,Yes,No,Time,7
L9906,4,Civil,9.13,<3L,Before Counselling,29,4,8,No,No,Time,8
L9907,1,CSE,7.29,3-6L,Before Counselling,31,4,22,No,No,Trust,6
L9908,1,IT,9.07,<3L,Before Counselling,42,2,14,No,Yes,Job,5
L9909,1,ECE,6.56,3-6L,After Counselling,11,0,22,No,No,Fee,5
L9910,2,ECE,7.88,<3L,After Understanding,32,0,8,No,No,Job,7
L9911,4,Civil,6.04,<3L,After Application,24,4,7,Yes,No,Trust,4
L9912,1,Civil,6.93,6-10L,After Understanding,19,4,23,No,Yes,Time,1
L9913,3,Mechanical,9.29,6-10L,After Understanding,32,2,14,No,No,Time,6
L9914,2,CSE,6.08,<3L,After Understanding,10,2,9,No,No,Fee,5
L9915,4,Civil,9.05,3-6L,Before Counselling,32,3,17,Yes,Yes,Fee,7
L9916,1,IT,6.41,3-6L,After Understanding,23,0,10,No,No,Trust,1
L9917,2,CSE,5.17,6-10L,Before Counselling,33,1,14,No,Yes,Job,7
L9918,1,Mechanical,5.55,3-6L,After Counselling,30,1,3,No,Yes,Time,2
L9919,2,ECE,8.73,<3L,After Application,30,2,13,Yes,Yes,Difficulty,7
L9920,2,Mechanical,6.31,3-6L,After Counselling,7,3,13,No,Yes,Difficulty,2
L9921,4,CSE,8.27,<3L,After Counselling,16,4,16,No,No,Difficulty,3
L9922,3,ECE,8.5,<3L,After Application,43,2,21,No,Yes,Time,7
L9923,3,IT,6.73,3-6L,After Understanding,1,2,11,Yes,No,Time,2
L9924,3,ECE,7.37,6-10L,After Understanding,30,2,15,Yes,Yes,Difficulty,4
L9925,1,ECE,7.02,3-6L,Before Counselling,34,1,18,No,Yes,Fee,9
L9926,2,IT,9.74,<3L,After Understanding,34,2,11,No,Yes,Difficulty,6
L9927,4,Civil,6.6,6-10L,After Application,38,3,12,No,No,Fee,8
L9928,4,Civil,5.92,6-10L,After Counselling,31,1,18,No,No,Trust,9
L9929,4,ECE,6.83,3-6L,After Understanding,8,3,12,No,Yes,Difficulty,9
L9930,4,ECE,8.35,<3L,Before Counselling,20,1,16,Yes,Yes,Difficulty,7
L9931,1,Mechanical,8.49,3-6L,After Counselling,46,3,5,Yes,Yes,Fee,2
L9932,2,Civil,9.62,<3L,After Counselling,29,0,5,Yes,Yes,Fee,6
L9933,1,IT,9.41,3-6L,Before Counselling,31,0,22,Yes,No,Fee,8
L9934,2,ECE,6.44,6-10L,After Counselling,21,1,16,No,No,Trust,4
L9935,1,ECE,7.28,<3L,Before Counselling,26,0,15,Yes,Yes,Difficulty,9
L9936,2,Mechanical,8.74,<3L,Before Counselling,31,4,10,No,No,Fee,8
L9937,3,Mechanical,9.58,<3L,After Application,20,3,17,Yes,Yes,Trust,1
L9938,4,Mechanical,6.69,3-6L,After Application,22,1,2,No,No,Trust,8
L9939,3,CSE,7.22,<3L,After Understanding,40,0,4,Yes,No,Time,9
L9940,4,IT,9.5,3-6L,After Application,26,1,5,Yes,No,Fee,1
L9941,1,CSE,6.79,<3L,After Counselling,17,4,20,Yes,No,Fee,9
L9942,1,ECE,7.4,<3L,After Understanding,25,1,10,No,No,Fee,1
L9943,3,Mechanical,9.52,3-6L,After Understanding,37,1,23,No,No,Time,7
L9944,2,Mechanical,9.01,3-6L,Before Counselling,27,2,20,Yes,No,Fee,2
L9945,2,Mechanical,6.22,3-6L,After Application,3,2,9,No,Yes,Fee,4
L9946,2,Civil,6.62,<3L,Before Counselling,24,2,5,No,No,Trust,8
L9947,2,IT,6.76,<3L,After Understanding,25,2,14,No,No,Fee,8
L9948,3,CSE,9.56,6-10L,Before Counselling,10,3,22,Yes,No,Difficulty,7
L9949,2,IT,9.99,6-10L,After Counselling,36,4,20,Yes,Yes,Job,4
L9950,3,Mechanical,8.87,6-10L,After Counselling,42,1,15,No,No,Fee,4
L9951,3,ECE,7.42,<3L,After Understanding,18,4,6,No,No,Trust,6
L9952,2,Civil,5.05,<3L,After Counselling,45,1,19,No,Yes,Time,5
L9953,2,IT,8.49,3-6L,After Application,17,2,19,Yes,No,Time,9
L9954,1,ECE,6.95,6-10L,After Understanding,14,3,22,Yes,Yes,Job,5
L9955,2,Mechanical,8.16,6-10L,After Application,19,1,16,No,No,Trust,6
L9956,3,Mechanical,8.03,6-10L,After Counselling,18,1,24,No,Yes,Fee,8
L9957,3,Mechanical,7.4,<3L,Before Counselling,23,0,18,No,No,Time,4
L9958,3,Mechanical,9.72,6-10L,After Application,8,3,4,Yes,No,Time,2
L9959,2,Civil,5.12,6-10L,After Application,16,3,2,Yes,Yes,Difficulty,2
L9960,3,Civil,8.56,<3L,After Counselling,25,3,19,No,No,Job,5
L9961,3,IT,7.05,3-6L,After Application,43,4,23,No,Yes,Difficulty,2
L9962,2,Mechanical,8.57,3-6L,After Application,32,2,17,No,No,Time,2
L9963,3,Civil,8.38,<3L,Before Counselling,19,0,7,Yes,No,Fee,4
L9964,2,ECE,5.05,3-6L,After Understanding,18,4,10,Yes,Yes,Fee,7
L9965,3,Civil,6.43,6-10L,After Counselling,32,2,23,No,No,Difficulty,1
L9966,3,Civil,5.95,6-10L,Before Counselling,46,1,11,No,Yes,Fee,5
L9967,1,IT,5.83,10L+,Before Counselling,40,0,23,No,Yes,Job,3
L9968,3,Civil,8.64,3-6L,After Understanding,15,4,18,Yes,No,Difficulty,3
L9969,1,ECE,6.2,3-6L,After Understanding,21,0,8,No,No,Trust,8
L9970,1,Mechanical,7.37,3-6L,After Counselling,11,2,15,No,No,Fee,4
L9971,4,CSE,6.23,3-6L,After Counselling,29,4,15,No,No,Fee,6
L9972,4,IT,7.9,<3L,After Counselling,32,4,13,No,Yes,Trust,1
L9973,1,ECE,8.6,6-10L,Before Counselling,6,0,7,Yes,Yes,Job,2
L9974,2,IT,6.66,<3L,After Application,19,1,15,No,Yes,Difficulty,8
L9975,1,Mechanical,8.02,<3L,After Understanding,16,1,9,No,No,Difficulty,6
L9976,2,Civil,9.12,<3L,After Counselling,12,1,18,Yes,Yes,Job,8
L9977,4,Civil,5.47,10L+,After Counselling,15,2,9,No,Yes,Difficulty,7
L9978,4,ECE,8.55,<3L,Before Counselling,11,0,9,Yes,Yes,Fee,6
L9979,3,Mechanical,6.62,3-6L,After Counselling,39,2,18,No,No,Job,3
L9980,2,CSE,5.61,10L+,Before Counselling,10,2,12,No,No,Fee,5
L9981,3,CSE,7.73,3-6L,After Application,37,1,8,Yes,Yes,Fee,7
L9982,2,Civil,6.13,<3L,Before Counselling,24,1,24,No,No,Fee,4
L9983,4,Mechanical,9.11,3-6L,After Understanding,36,1,8,No,No,Trust,6
L9984,4,Mechanical,5.21,<3L,Before Counselling,1,0,13,No,No,Job,1
L9985,3,ECE,5.49,<3L,After Application,46,0,17,No,No,Fee,2
L9986,2,CSE,7.6,6-10L,After Application,17,1,14,No,Yes,Job,8
L9987,2,ECE,7.94,<3L,After Understanding,14,2,16,No,No,Time,6
L9988,1,IT,8.65,3-6L,Before Counselling,38,0,20,Yes,No,Fee,6
L9989,4,Mechanical,6.3,3-6L,After Understanding,25,4,4,No,Yes,Difficulty,8
L9990,2,CSE,9.21,<3L,After Application,37,2,12,No,No,Time,8
L9991,2,ECE,9.77,3-6L,Before Counselling,35,2,9,No,No,Difficulty,1
L9992,2,Civil,7.5,<3L,After Counselling,22,3,9,Yes,No,Time,9
L9993,4,IT,8.8,<3L,After Application,47,0,13,No,No,Trust,4
L9994,1,ECE,7.62,3-6L,After Application,7,4,4,Yes,Yes,Trust,2
L9995,4,Civil,5.35,<3L,After Understanding,11,0,21,No,No,Time,3
L9996,4,CSE,6.63,3-6L,After Application,10,2,3,No,No,Time,7
L9997,4,CSE,5.44,<3L,After Understanding,14,0,4,No,Yes,Job,9
L9998,2,IT,9.94,3-6L,Before Counselling,35,2,17,No,No,Trust,7
L9999,2,Civil,6.15,6-10L,After Counselling,46,4,22,No,No,Job,1
